,mean_fit_time,std_fit_time,mean_score_time,std_score_time,param_kernel,param_gamma,param_epsilon,param_C,params,split0_test_score,split1_test_score,split2_test_score,split3_test_score,split4_test_score,split5_test_score,split6_test_score,split7_test_score,split8_test_score,split9_test_score,mean_test_score,std_test_score,rank_test_score
88,1.559121298789978,0.10057478537208596,0.1679769515991211,0.015720839211090167,rbf,0.001496598299149575,0.00983791895947974,5,"{'kernel': 'rbf', 'gamma': 0.001496598299149575, 'epsilon': 0.00983791895947974, 'C': 5}",-0.110925867019821,-0.09588778599720253,-0.10155832216285689,-0.17125678425671906,-0.13621502589795875,-0.09352691899948952,-0.11296577381839897,-0.09722758412568983,-0.15294639482827008,-0.1208908781826242,-0.11934013352890308,0.02498961958699005,1
26,1.550827646255493,0.09427864942337749,0.13967697620391845,0.022563984258245108,rbf,0.0014866933466733368,0.02199249624812406,8,"{'kernel': 'rbf', 'gamma': 0.0014866933466733368, 'epsilon': 0.02199249624812406, 'C': 8}",-0.11316938276271919,-0.0949603040527159,-0.10046447448805924,-0.1714560815948846,-0.1361575733485177,-0.09252358501230176,-0.11419984628274356,-0.09631818585233329,-0.1533781035569021,-0.12150921755980792,-0.11941367545109852,0.02535041858942534,2
56,1.472717833518982,0.09527459529155838,0.14323704242706298,0.031237374706370283,rbf,0.002199849924962481,0.024665332666333164,6,"{'kernel': 'rbf', 'gamma': 0.002199849924962481, 'epsilon': 0.024665332666333164, 'C': 6}",-0.11300076889949766,-0.09508390996815572,-0.1008010996942734,-0.17460184855279653,-0.13777428745143433,-0.09435969948524903,-0.11675308398696448,-0.096479301296995,-0.14281708833163986,-0.12401541704316132,-0.11956865047101672,0.024681488858198965,3
16,1.1280969381332397,0.047637559399837444,0.1223374366760254,0.026489434975469614,rbf,0.002001750875437719,0.03678089044522261,5,"{'kernel': 'rbf', 'gamma': 0.002001750875437719, 'epsilon': 0.03678089044522261, 'C': 5}",-0.11327713074030697,-0.09710688973961411,-0.10157461283894312,-0.17220181244237026,-0.13709827623189755,-0.09426470287318799,-0.11588643763755585,-0.09554363008929746,-0.14641902441764928,-0.12266407026603574,-0.11960365872768583,0.024304318203002707,4
13,1.0816758394241333,0.07862579800177641,0.10501060485839844,0.014634744637106343,rbf,0.0019967983991995997,0.03785392696348174,5,"{'kernel': 'rbf', 'gamma': 0.0019967983991995997, 'epsilon': 0.03785392696348174, 'C': 5}",-0.11343378525875633,-0.09726903038501762,-0.1016310638051005,-0.1721168746570608,-0.13702424435741578,-0.09444655587446033,-0.11589018248414694,-0.09554320311584065,-0.146570675291499,-0.12278504540869373,-0.11967106606379918,0.024256757411313428,5
27,1.7399560928344726,0.1249815388824383,0.14280228614807128,0.016581472573800816,rbf,0.0016055527763881943,0.00968184092046023,10,"{'kernel': 'rbf', 'gamma': 0.0016055527763881943, 'epsilon': 0.00968184092046023, 'C': 10}",-0.11210555142672073,-0.09315153141665888,-0.10086375347994246,-0.1742384278597379,-0.1358804449696698,-0.09422476342933726,-0.11448816033035426,-0.0982577633115019,-0.1528320489780108,-0.12294692197609668,-0.11989893671780305,0.025685302816879002,6
1,1.354751992225647,0.043214742204707064,0.1087681531906128,0.015708615239592102,rbf,0.0031358679339669837,0.02581640820410205,5,"{'kernel': 'rbf', 'gamma': 0.0031358679339669837, 'epsilon': 0.02581640820410205, 'C': 5}",-0.11321836275302058,-0.09652374905070077,-0.10141171866935232,-0.1779697210157681,-0.13958366331085623,-0.09702099352688552,-0.11883087250504996,-0.09737472607297529,-0.13242024136284164,-0.1272967957740769,-0.12016508440415274,0.02436225626223695,7
10,1.2857796192169189,0.1569985272014038,0.10526573657989502,0.018514902149931692,rbf,0.00268024012006003,0.036702851425712855,5,"{'kernel': 'rbf', 'gamma': 0.00268024012006003, 'epsilon': 0.036702851425712855, 'C': 5}",-0.11415563691515353,-0.09721530364372452,-0.10160939039683096,-0.17462784079818008,-0.13917709995055857,-0.09692914324899013,-0.11807484785071815,-0.09636881616204043,-0.1377354817906819,-0.12660488180166535,-0.12024984425585436,0.0238650931075558,8
43,1.5407182455062867,0.08218239226490386,0.1415787696838379,0.029028156438702567,rbf,0.0032349174587293647,0.014110555277638819,5,"{'kernel': 'rbf', 'gamma': 0.0032349174587293647, 'epsilon': 0.014110555277638819, 'C': 5}",-0.11300301194327163,-0.09587683791234919,-0.10223280305630437,-0.17930336568109734,-0.13973222098315974,-0.09712903684391239,-0.11899047809170933,-0.09876247581536488,-0.13098353451182093,-0.12719438019580867,-0.12032081450347984,0.024493485348607527,9
5,1.1690040349960327,0.0863240261993387,0.10272331237792968,0.013801036359670145,rbf,0.001660030015007504,0.03685892946473236,8,"{'kernel': 'rbf', 'gamma': 0.001660030015007504, 'epsilon': 0.03685892946473236, 'C': 8}",-0.1133873903393979,-0.09593646055380262,-0.1016352794044666,-0.17214514152047442,-0.13743408529543719,-0.09555152912515051,-0.11583815926767205,-0.09505365692408212,-0.1530869493540729,-0.12317413169969556,-0.12032427834842518,0.025148051730556637,10
51,1.6150556802749634,0.1541926997408194,0.16250851154327392,0.02950349935226855,rbf,0.0010558279139569785,0.012608304152076037,6,"{'kernel': 'rbf', 'gamma': 0.0010558279139569785, 'epsilon': 0.012608304152076037, 'C': 6}",-0.11224222239261877,-0.09677653543428356,-0.10154165852862253,-0.17087934804549237,-0.13723962320672087,-0.09517138781070492,-0.11308825963240697,-0.09703319457322929,-0.16280358743395124,-0.12063031495150162,-0.12074061320095322,0.026162761819511732,11
90,1.3461596965789795,0.14871870820003885,0.1265104055404663,0.026281071108987145,rbf,0.0033686343171585795,0.03270335167583792,5,"{'kernel': 'rbf', 'gamma': 0.0033686343171585795, 'epsilon': 0.03270335167583792, 'C': 5}",-0.11369371555615093,-0.09855895665516173,-0.10188639133701535,-0.1774270851393027,-0.14071319184850867,-0.09860023486320263,-0.11976121301110988,-0.0980326611692688,-0.13058971925990462,-0.12857530112728707,-0.12078384699669123,0.023821422146616044,12
55,1.1828989505767822,0.07030232505973552,0.10599486827850342,0.014521025218234288,rbf,0.0010607803901950977,0.035629814907453726,6,"{'kernel': 'rbf', 'gamma': 0.0010607803901950977, 'epsilon': 0.035629814907453726, 'C': 6}",-0.11376091441083369,-0.09890385092661465,-0.10135987091662685,-0.17143554989218482,-0.13698924392601056,-0.09375448439747648,-0.11524215000171556,-0.09509448099933816,-0.16298148845067087,-0.12121441879455193,-0.12107364527160236,0.02633397697299319,13
95,1.1452970027923584,0.06064742364726484,0.12099535465240478,0.018517809302109448,rbf,0.003002151075537769,0.037444222111055525,6,"{'kernel': 'rbf', 'gamma': 0.003002151075537769, 'epsilon': 0.037444222111055525, 'C': 6}",-0.1141155388199639,-0.09832927626048713,-0.10202961836195545,-0.17667770595250953,-0.14099798918957945,-0.09916843560285958,-0.11957517051086371,-0.09815589555288468,-0.13337108436136846,-0.1286382484022825,-0.12110589630147543,0.023733803508121425,14
31,1.214498233795166,0.09164657013283817,0.11731131076812744,0.017618679221472616,rbf,0.0034676838419209605,0.035688344172086044,5,"{'kernel': 'rbf', 'gamma': 0.0034676838419209605, 'epsilon': 0.035688344172086044, 'C': 5}",-0.11400631601478589,-0.09927530564664859,-0.10205499454631224,-0.17744284895062942,-0.14121146389206674,-0.0992765305948916,-0.12035919611790878,-0.09871389907975145,-0.13023985548426573,-0.12909133484768504,-0.12116717451749455,0.02365087919090471,15
30,1.249454140663147,0.07252990972558339,0.12479879856109619,0.022466790959979308,rbf,0.002541570785392696,0.03559079539769885,8,"{'kernel': 'rbf', 'gamma': 0.002541570785392696, 'epsilon': 0.03559079539769885, 'C': 8}",-0.11371502604442689,-0.09705370629185954,-0.10216280917422188,-0.17648494202460924,-0.1408645622810868,-0.09930588612930775,-0.11882341675798279,-0.09762713393766989,-0.1375940710651479,-0.12809260427558306,-0.12117241579818958,0.02408640514741099,16
25,1.2688310384750365,0.19043914371229767,0.13484351634979247,0.031720077857699154,rbf,0.0024672836418209105,0.037093046523261626,8,"{'kernel': 'rbf', 'gamma': 0.0024672836418209105, 'epsilon': 0.037093046523261626, 'C': 8}",-0.11395597651276379,-0.09712185931853766,-0.10208243331400758,-0.17604192977661057,-0.1406956128639238,-0.09915920852773434,-0.11860305132295444,-0.09734665320569899,-0.13877017252812604,-0.12802544925226295,-0.12118023466226202,0.024087853518812825,17
19,1.6529488563537598,0.1943318386285226,0.16841742992401124,0.02917644472899093,rbf,0.0010409704852426213,0.0238264132066033,5,"{'kernel': 'rbf', 'gamma': 0.0010409704852426213, 'epsilon': 0.0238264132066033, 'C': 5}",-0.11403098913901322,-0.09920789436320386,-0.10127649022039747,-0.1710231184653325,-0.1383281813853821,-0.09507610126222536,-0.11541151792895103,-0.09597991502015336,-0.16275576032181352,-0.12106351064144519,-0.12141534787479177,0.026050268318618622,18
32,1.408799934387207,0.037085086201554235,0.1435854196548462,0.008601913259744545,rbf,0.0006992496248124063,0.017212606303151575,10,"{'kernel': 'rbf', 'gamma': 0.0006992496248124063, 'epsilon': 0.017212606303151575, 'C': 10}",-0.11316697006979079,-0.09701200659875843,-0.10051871482998564,-0.1700442957672596,-0.13723363504514108,-0.095490576985553,-0.114074790231836,-0.09562090281426748,-0.17189571372015044,-0.12021503861302331,-0.12152726446757658,0.027669721013604525,19
9,1.8120543241500855,0.22627357833285175,0.1483696937561035,0.032413216834698534,rbf,0.0034726363181590797,0.011379189594797397,6,"{'kernel': 'rbf', 'gamma': 0.0034726363181590797, 'epsilon': 0.011379189594797397, 'C': 6}",-0.11292084130182259,-0.09704165745431582,-0.1034694056849227,-0.1818971229861951,-0.14164649242964247,-0.09976681299766328,-0.12016821849709397,-0.10044535616876958,-0.12896409882233856,-0.12942221614806732,-0.12157422224908314,0.024670692560701226,20
8,1.8433493375778198,0.11031080367394656,0.14261107444763182,0.025913555799244467,rbf,0.0027396698349174587,0.003965482741370685,8,"{'kernel': 'rbf', 'gamma': 0.0027396698349174587, 'epsilon': 0.003965482741370685, 'C': 8}",-0.1127847384276529,-0.09531758136321826,-0.10346642758194334,-0.1815565678250914,-0.14098380895019955,-0.09897599361263255,-0.11873618914550083,-0.1007585473117514,-0.13463684073680268,-0.12886893522796192,-0.1216085630182755,0.02499006206412104,21
42,1.770942258834839,0.20873695629606898,0.12399373054504395,0.01989748910775962,rbf,0.0026406203101550776,0.013447223611805902,10,"{'kernel': 'rbf', 'gamma': 0.0026406203101550776, 'epsilon': 0.013447223611805902, 'C': 10}",-0.11238502983146013,-0.09559005831231983,-0.10353234552660065,-0.18125776763296358,-0.14203024955674867,-0.10021608059932882,-0.11904902167899586,-0.10078402112028574,-0.13513387976399394,-0.1291290168284627,-0.12191074708511598,0.02490037760814731,22
14,1.4401501655578612,0.06283263243272297,0.12337100505828857,0.015790614486089115,rbf,0.0026703351675837917,0.029367183591795895,10,"{'kernel': 'rbf', 'gamma': 0.0026703351675837917, 'epsilon': 0.029367183591795895, 'C': 10}",-0.11262017707450941,-0.09752880154473036,-0.1035023546647163,-0.17870996486089288,-0.14211456092130284,-0.10084741542116846,-0.12033753942755289,-0.09987258242586015,-0.13495701195856236,-0.12862448987744696,-0.12191148981767426,0.024085487524665324,23
34,1.1083671808242799,0.15654137606167404,0.11420717239379882,0.02776441608705049,rbf,0.0005655327663831916,0.0272016008004002,10,"{'kernel': 'rbf', 'gamma': 0.0005655327663831916, 'epsilon': 0.0272016008004002, 'C': 10}",-0.11455333040236022,-0.09893092173883666,-0.10100433530203604,-0.17051669606486475,-0.13845685090180238,-0.0960165056833172,-0.11644252863798268,-0.09513523280882068,-0.17566184225677775,-0.12015174197202867,-0.1226869985768827,0.028212025481067295,24
0,1.3846320867538453,0.09195278842943501,0.09332044124603271,0.021842741667752973,rbf,0.0035667333666833416,0.03717108554277138,7,"{'kernel': 'rbf', 'gamma': 0.0035667333666833416, 'epsilon': 0.03717108554277138, 'C': 7}",-0.11401040362434163,-0.10124515194598654,-0.10353927800609139,-0.17903042223057458,-0.14339888782999755,-0.10238997729741045,-0.12308940024939968,-0.10184104302789568,-0.12922233470286354,-0.13025451908512975,-0.1228021417999691,0.02334901561822883,25
54,1.3456183671951294,0.08445601373196339,0.13020591735839843,0.04385176930235709,rbf,0.004339319659829916,0.035025012506253124,5,"{'kernel': 'rbf', 'gamma': 0.004339319659829916, 'epsilon': 0.035025012506253124, 'C': 5}",-0.11392331375273615,-0.10265698539361563,-0.1034529976959575,-0.17942735394263895,-0.14319070005041312,-0.10177590258019946,-0.12376012707312024,-0.10182687754734268,-0.1278332322856735,-0.13072294359039027,-0.12285704339120876,0.023349863515725388,26
81,1.4084831953048706,0.09512752489925623,0.14868698120117188,0.0076517757214719625,rbf,0.0004961980990495248,0.015651825912956475,10,"{'kernel': 'rbf', 'gamma': 0.0004961980990495248, 'epsilon': 0.015651825912956475, 'C': 10}",-0.11394816603577279,-0.09917066105183756,-0.10122744457362982,-0.17112810939839027,-0.1386791943510787,-0.09821815406980046,-0.11457949306001143,-0.09672758245792389,-0.1754563314650995,-0.12074549986330241,-0.12298806363268469,0.02796069047357893,27
59,1.437997055053711,0.07639297806227578,0.12912402153015137,0.01546432800337848,rbf,0.004616658329164583,0.02384592296148074,5,"{'kernel': 'rbf', 'gamma': 0.004616658329164583, 'epsilon': 0.02384592296148074, 'C': 5}",-0.11304685928479893,-0.10196061740696766,-0.10492774659288218,-0.1809573010712609,-0.1430070280132333,-0.10183370817985554,-0.12412741461274063,-0.10236948121837532,-0.12679382841547052,-0.13091517461284652,-0.12299391594084315,0.023621178890890222,28
74,1.6609374046325684,0.13550250755878804,0.13296270370483398,0.018113565332223282,rbf,0.0037351175587793896,0.01639319659829915,8,"{'kernel': 'rbf', 'gamma': 0.0037351175587793896, 'epsilon': 0.01639319659829915, 'C': 8}",-0.1130049308239971,-0.0999148215080665,-0.10625300232700187,-0.18265209631065152,-0.1437612479168285,-0.10320328258994946,-0.12301154994854854,-0.1036780457547069,-0.12769689108362545,-0.1313308860165171,-0.12345067542798929,0.02399452489203692,29
28,1.6163007259368896,0.18953448046790083,0.18737149238586426,0.03913563998615944,rbf,0.0005605802901450725,0.008023511755877937,7,"{'kernel': 'rbf', 'gamma': 0.0005605802901450725, 'epsilon': 0.008023511755877937, 'C': 7}",-0.11383049533204902,-0.10115617173174746,-0.10388310298511375,-0.17056239764943965,-0.13871601088174818,-0.09913849098980276,-0.1154915775827509,-0.09897427411680611,-0.17333784681945547,-0.1213338506819559,-0.12364242187708692,0.026779459310983536,30
41,1.3925952911376953,0.20178530354459573,0.118951416015625,0.035164958420588435,rbf,0.0039332166083041525,0.039180590295147574,7,"{'kernel': 'rbf', 'gamma': 0.0039332166083041525, 'epsilon': 0.039180590295147574, 'C': 7}",-0.11503953082150577,-0.10363339943679427,-0.10423444516343276,-0.17962593539281105,-0.14471505728370102,-0.10359085401274656,-0.12518268836862362,-0.10379629661963867,-0.12807818566850557,-0.13024883771286588,-0.12381452304806251,0.02300126311116181,31
69,1.9243625164031983,0.3380683700211018,0.15863828659057616,0.048084541796215456,rbf,0.003913406703351676,0.031493746873436715,8,"{'kernel': 'rbf', 'gamma': 0.003913406703351676, 'epsilon': 0.031493746873436715, 'C': 8}",-0.11441645421863485,-0.1035471945045262,-0.10581539806640686,-0.18081511980263826,-0.1448363646816192,-0.10403728602563243,-0.12546063257218065,-0.10415873663115004,-0.12751995126570653,-0.1305004728608142,-0.12411076106293092,0.02313394893700148,32
57,2.0572132587432863,0.17645990100497283,0.164770770072937,0.0442690002410172,rbf,0.004512656328164082,0.006482241120560279,6,"{'kernel': 'rbf', 'gamma': 0.004512656328164082, 'epsilon': 0.006482241120560279, 'C': 6}",-0.11350839864296329,-0.10116247300104163,-0.10669117748560168,-0.18518453275780747,-0.14462598146194314,-0.1033096898589921,-0.12360376310309007,-0.10468652390524127,-0.1263430030619825,-0.13243593050760014,-0.12415514737862635,0.02444968304787746,33
60,1.1370371580123901,0.09261297048449012,0.1288236141204834,0.022251857020281172,rbf,0.0006447723861930967,0.03202051025512756,5,"{'kernel': 'rbf', 'gamma': 0.0006447723861930967, 'epsilon': 0.03202051025512756, 'C': 5}",-0.11638326848256106,-0.10301787222304647,-0.1040444130311583,-0.1724703915320873,-0.13942141304921304,-0.09778552107875199,-0.11764983687215189,-0.09797118577361201,-0.17228507487063108,-0.12138830508896051,-0.12424172820021737,0.0268819573306597,34
12,1.5020666599273682,0.17933301220913436,0.11664214134216308,0.012748894939219959,rbf,0.0035320660330165083,0.026947973986993494,10,"{'kernel': 'rbf', 'gamma': 0.0035320660330165083, 'epsilon': 0.026947973986993494, 'C': 10}",-0.11387054173087872,-0.10249180699575414,-0.10692560469597026,-0.18141629964954964,-0.1448266129436057,-0.10447210865886279,-0.12529097457147997,-0.10463229509178325,-0.1281732110542925,-0.13076035275548475,-0.12428598081476619,0.023254109092560434,35
52,1.2442428350448609,0.10500917889038663,0.12949109077453613,0.01395587836821664,rbf,0.00045162581290645324,0.03131815907953977,8,"{'kernel': 'rbf', 'gamma': 0.00045162581290645324, 'epsilon': 0.03131815907953977, 'C': 8}",-0.116431433265938,-0.10253044244408879,-0.10308533623512746,-0.17174113484269737,-0.13909019896519537,-0.0978758950829536,-0.11708357442262556,-0.0970106541180142,-0.17713808365629327,-0.12123350700258329,-0.12432202600355166,0.027841661817589153,36
85,1.257951807975769,0.03940464517414672,0.10279991626739501,0.011343828729355203,rbf,0.0034528264132066035,0.03590295147573787,10,"{'kernel': 'rbf', 'gamma': 0.0034528264132066035, 'epsilon': 0.03590295147573787, 'C': 10}",-0.11505565199946663,-0.10338901856735916,-0.10545843466200785,-0.18043944893601283,-0.14553225896942665,-0.1045951902057812,-0.12564918601296693,-0.10476675639679527,-0.12848558176706923,-0.13033165387533602,-0.1243703181392222,0.023034053444803717,37
44,1.4001854419708253,0.034912904407568855,0.1254505395889282,0.022385670169361292,rbf,0.004349224612306153,0.029874437218609304,7,"{'kernel': 'rbf', 'gamma': 0.004349224612306153, 'epsilon': 0.029874437218609304, 'C': 7}",-0.11448449869073372,-0.10461662797309297,-0.1061751607144501,-0.18121752580381295,-0.144986208283796,-0.10403631307163173,-0.12614458524889766,-0.10451463746494541,-0.12712744607330514,-0.13065267788557583,-0.12439556812102415,0.0230944856285864,38
39,1.7479670286178588,0.08636733572604739,0.1580794095993042,0.023542918734165037,rbf,0.004601800900450225,0.005097048524262131,6,"{'kernel': 'rbf', 'gamma': 0.004601800900450225, 'epsilon': 0.005097048524262131, 'C': 6}",-0.113679563538265,-0.10160263172053531,-0.10706453921771217,-0.18556042133302966,-0.14489419109370424,-0.10357166247620563,-0.12393426700039278,-0.10511745925853533,-0.1262278476583113,-0.13269080046873016,-0.12443433837654214,0.024441142571623733,39
94,1.3200850009918212,0.08618225983434209,0.12218694686889649,0.012244523177385213,rbf,0.004359129564782392,0.03131815907953977,7,"{'kernel': 'rbf', 'gamma': 0.004359129564782392, 'epsilon': 0.03131815907953977, 'C': 7}",-0.11469744000750769,-0.104948106637813,-0.10597224941352441,-0.18112846057874799,-0.14524166262067803,-0.10415869570263983,-0.12630329020276576,-0.10460956697363392,-0.1272086855102697,-0.13058105102891607,-0.12448492086764965,0.02305560040661116,40
22,1.9432723760604858,0.15033325712250106,0.14920778274536134,0.024377854359436464,rbf,0.00436903451725863,0.0017218609304652326,7,"{'kernel': 'rbf', 'gamma': 0.00436903451725863, 'epsilon': 0.0017218609304652326, 'C': 7}",-0.11401869493984143,-0.10184426263516831,-0.10790809503438792,-0.18649631175661022,-0.14572157466810767,-0.1043135675970333,-0.1240569623224687,-0.10627573525369381,-0.12617289831780762,-0.13328702415640062,-0.12500951266815194,0.024514395599966658,41
17,1.1856379508972168,0.11662536064309809,0.1534597635269165,0.04319853506062389,rbf,0.0003723861930965483,0.033620310155077535,8,"{'kernel': 'rbf', 'gamma': 0.0003723861930965483, 'epsilon': 0.033620310155077535, 'C': 8}",-0.11730621262550825,-0.1036273071869781,-0.1047488937287174,-0.1723974312440062,-0.1391983140469516,-0.09904192525607905,-0.11854890897270849,-0.09889521401021069,-0.17842619081695396,-0.1210970556966441,-0.1253287453584758,0.027639845248344275,42
72,2.14693763256073,0.20478521707050829,0.1332185983657837,0.029345609914890672,rbf,0.004373986993496749,0.010169584792396196,8,"{'kernel': 'rbf', 'gamma': 0.004373986993496749, 'epsilon': 0.010169584792396196, 'C': 8}",-0.11437130869396764,-0.10306510643618458,-0.10870176456807486,-0.1852279099607564,-0.14593662966887203,-0.10549483288562365,-0.12594362680620702,-0.10723665974140575,-0.1262260419312749,-0.13230632916897592,-0.12545102098613428,0.02382270843367068,43
63,1.5891252040863038,0.09088334346585572,0.15329999923706056,0.03759590263374216,rbf,0.0048593296648324165,0.016432216108054027,7,"{'kernel': 'rbf', 'gamma': 0.0048593296648324165, 'epsilon': 0.016432216108054027, 'C': 7}",-0.11468195394424721,-0.10535429092251913,-0.10879615404384306,-0.18377893067048154,-0.14604887389289725,-0.1051880925972444,-0.12757695768437266,-0.10677412157554977,-0.12647085501464955,-0.13187855469727716,-0.12565487850430818,0.023301336157159815,44
62,1.500915026664734,0.12353658612706216,0.13039376735687255,0.021141735273005394,rbf,0.005864682341170586,0.024665332666333164,5,"{'kernel': 'rbf', 'gamma': 0.005864682341170586, 'epsilon': 0.024665332666333164, 'C': 5}",-0.11500287413009325,-0.10824761962209807,-0.10768751487998475,-0.18229940054140784,-0.1462762531180662,-0.10450272055017017,-0.1287143224669419,-0.10595044626590483,-0.12883138295913255,-0.13144909274204167,-0.12589616272758414,0.022937450891712077,45
91,1.382013201713562,0.17809605538659862,0.14324285984039306,0.06385523633387015,rbf,0.005409054527263632,0.034673836918459225,6,"{'kernel': 'rbf', 'gamma': 0.005409054527263632, 'epsilon': 0.034673836918459225, 'C': 6}",-0.11590772187005162,-0.10914884250781202,-0.1063269174683054,-0.18134113969567628,-0.14772907423872889,-0.1052973490187571,-0.1295697411904476,-0.10659832113538562,-0.12890194764402474,-0.13082517955051295,-0.1261646234319702,0.022708678461613625,46
40,1.3331629037857056,0.06641214348647036,0.12032496929168701,0.01648438277737547,rbf,0.004393796898449225,0.031513256628314154,10,"{'kernel': 'rbf', 'gamma': 0.004393796898449225, 'epsilon': 0.031513256628314154, 'C': 10}",-0.11574478077599082,-0.10777609202885739,-0.10763758295478831,-0.18233614705376042,-0.14829154614461904,-0.10720588617189748,-0.12983230801744855,-0.1078482089721711,-0.1264067429381977,-0.13054554507142058,-0.12636248401291514,0.02272012211071099,47
75,1.3999823570251464,0.07062727417236911,0.1301222562789917,0.01511452741057301,rbf,0.0056764882441220615,0.02263631815907954,6,"{'kernel': 'rbf', 'gamma': 0.0056764882441220615, 'epsilon': 0.02263631815907954, 'C': 6}",-0.11525488397512208,-0.1083337728752502,-0.10891687929597725,-0.18294781377792171,-0.14720623293708038,-0.10561278455382819,-0.12963822862758956,-0.10694636565420647,-0.12825544601294275,-0.13154634175147964,-0.12646587494613984,0.022886106513628848,48
23,1.2694034337997437,0.06780708436567869,0.1283048629760742,0.018968745654898877,rbf,0.006236118059029515,0.027279639819909954,5,"{'kernel': 'rbf', 'gamma': 0.006236118059029515, 'epsilon': 0.027279639819909954, 'C': 5}",-0.1153456176922179,-0.11018848323965869,-0.10802684847586908,-0.18224972794175376,-0.147518541522383,-0.1051977127903722,-0.1300274671006203,-0.10666923474921455,-0.13027074418822732,-0.13151772308297666,-0.12670121007832935,0.02275969094888092,49
70,1.6881993055343627,0.2189210632501741,0.1419435977935791,0.040262981116202815,rbf,0.005097048524262132,0.03451775887943972,8,"{'kernel': 'rbf', 'gamma': 0.005097048524262132, 'epsilon': 0.03451775887943972, 'C': 8}",-0.11645112138363521,-0.10957260920934649,-0.10711941941539965,-0.1819525458433301,-0.1487073782941596,-0.10681119790117548,-0.13071104666940278,-0.10823013823320665,-0.12793236631350402,-0.13073981033685836,-0.12682276336000184,0.022559768415539992,50
21,1.5008927822113036,0.15838745834175186,0.1510291576385498,0.034066657849250295,rbf,0.006330215107553778,0.02827463731865933,5,"{'kernel': 'rbf', 'gamma': 0.006330215107553778, 'epsilon': 0.02827463731865933, 'C': 5}",-0.11552296601659116,-0.11073338203359973,-0.10784922384453677,-0.18203733133411623,-0.14785733640629958,-0.10537788008229475,-0.1303733630250795,-0.10693187093866043,-0.13071544891189701,-0.1315667388044743,-0.12689655413975495,0.0226790472113513,51
86,1.5071380853652954,0.04390219739268057,0.1329273462295532,0.02290259036106964,rbf,0.0046661830915457735,0.0214072036018009,10,"{'kernel': 'rbf', 'gamma': 0.0046661830915457735, 'epsilon': 0.0214072036018009, 'C': 10}",-0.11582447491623928,-0.10753096348709482,-0.11014091236014037,-0.18405471395918752,-0.14873575387438742,-0.10813666302778029,-0.13027569518899101,-0.10893895728447975,-0.1259646353612609,-0.13160811658004523,-0.12712108860396065,0.022870865702156115,52
83,1.730920171737671,0.07988535600705726,0.14504899978637695,0.020461916463470523,rbf,0.0057903951975987996,0.00693096548274137,6,"{'kernel': 'rbf', 'gamma': 0.0057903951975987996, 'epsilon': 0.00693096548274137, 'C': 6}",-0.11576606889107688,-0.10749021406874869,-0.11076015226282956,-0.18611907169335692,-0.1476261953787612,-0.10645088873061948,-0.12908684451285704,-0.10895597291203962,-0.12766961540120073,-0.13339616434264442,-0.12733211881941345,0.023416947420557818,53
50,1.592352533340454,0.11544383785822274,0.14053456783294677,0.024492100551836073,rbf,0.0065778389194597305,0.014910455227613806,5,"{'kernel': 'rbf', 'gamma': 0.0065778389194597305, 'epsilon': 0.014910455227613806, 'C': 5}",-0.11585791800406965,-0.10979447391562012,-0.11026606586691745,-0.1843101995659465,-0.1478934278127373,-0.10608232217514983,-0.1303955208500817,-0.10787095529087194,-0.13031866963661995,-0.13291434888282214,-0.12757039020008365,0.02297593038517041,54
68,2.2156304597854612,0.3083504237776151,0.27191576957702634,0.05977762617935654,rbf,0.00036743371685842924,0.005019009504752376,5,"{'kernel': 'rbf', 'gamma': 0.00036743371685842924, 'epsilon': 0.005019009504752376, 'C': 5}",-0.11923726096790906,-0.10698123595339952,-0.10775896318529014,-0.1712081638271237,-0.14145746145122245,-0.1025653675297017,-0.12161288408675705,-0.10365557611428954,-0.17827678681136214,-0.12295023344571676,-0.1275703933372772,0.026092333868677205,55
45,1.181798768043518,0.09636361531365364,0.13119308948516845,0.00971921141069791,rbf,0.00036743371685842924,0.026518759379689845,5,"{'kernel': 'rbf', 'gamma': 0.00036743371685842924, 'epsilon': 0.026518759379689845, 'C': 5}",-0.11851934607052755,-0.10673458398873414,-0.10915483359028658,-0.1725097246811136,-0.14075856008779913,-0.10127135882138617,-0.12071651771568176,-0.10344401564674915,-0.17946856073336875,-0.12338849512608861,-0.12759659964617356,0.02660874781812365,56
47,1.5262532949447631,0.07557102276103377,0.1293649196624756,0.021654304644690203,rbf,0.004903901950975488,0.021017008504252126,10,"{'kernel': 'rbf', 'gamma': 0.004903901950975488, 'epsilon': 0.021017008504252126, 'C': 10}",-0.11635170384800586,-0.10837747488249279,-0.11056221480485094,-0.1843503946011126,-0.14930348231069854,-0.10891226074965338,-0.13128749343846247,-0.1098985659950351,-0.1263911213697746,-0.13184971554093572,-0.1277284427541022,0.02274530866059075,57
65,1.2437326908111572,0.08669294756684082,0.12423844337463379,0.011335510653924045,rbf,0.005770585292646324,0.038088044022011006,8,"{'kernel': 'rbf', 'gamma': 0.005770585292646324, 'epsilon': 0.038088044022011006, 'C': 8}",-0.11803657376527818,-0.11219088486099418,-0.10795112764663392,-0.18130999140391144,-0.15011277635161813,-0.10829077170880444,-0.1326376506865167,-0.11059976585266751,-0.13019089114981397,-0.13098985644128894,-0.12823102898675273,0.021927198776099294,58
24,1.7177990674972534,0.09197209832985927,0.1694016933441162,0.04912584725711015,rbf,0.005151525762881441,0.014871435717858927,10,"{'kernel': 'rbf', 'gamma': 0.005151525762881441, 'epsilon': 0.014871435717858927, 'C': 10}",-0.11698793023309179,-0.10893757109038699,-0.11203045738346214,-0.18595380508682674,-0.15020377052370937,-0.11009898532127359,-0.1320128705890443,-0.11142079626909872,-0.1266635230880531,-0.13286336998055467,-0.12871730795655015,0.022853953272202,59
35,1.5229786396026612,0.04198015502745819,0.12373781204223633,0.023377471730099277,rbf,0.007261280640320161,0.01807103551775888,5,"{'kernel': 'rbf', 'gamma': 0.007261280640320161, 'epsilon': 0.01807103551775888, 'C': 5}",-0.11660520262759402,-0.11256823234733954,-0.11055339768885566,-0.18383908647150612,-0.1491638281186012,-0.10726940428040412,-0.13239670510876347,-0.10904879054749395,-0.133077555000472,-0.1330130449873111,-0.12875352471783413,0.022564900033220647,60
6,1.4001445770263672,0.07642691847934377,0.13328375816345214,0.013394782890393083,rbf,0.007390045022511256,0.022870435217608804,5,"{'kernel': 'rbf', 'gamma': 0.007390045022511256, 'epsilon': 0.022870435217608804, 'C': 5}",-0.11669280459237696,-0.11352833003670114,-0.10994910642772071,-0.18303597419078232,-0.14934162649518531,-0.10718871070345506,-0.13271679267018088,-0.10937849563393662,-0.13395730671086128,-0.13274863670734055,-0.12885377841685408,0.022361592369433393,61
46,1.5451864719390869,0.06324100815798442,0.12523789405822755,0.022128619961025095,rbf,0.0064688844422211116,0.017836918459229613,7,"{'kernel': 'rbf', 'gamma': 0.0064688844422211116, 'epsilon': 0.017836918459229613, 'C': 7}",-0.11689592790233161,-0.11172540538416784,-0.11141324201327735,-0.18457588447120407,-0.15009911141778204,-0.10903585859204684,-0.1329627237726089,-0.1108683654750107,-0.13081359647105703,-0.13293149603924895,-0.12913216115387355,0.022471455436420023,62
71,1.9317686319351197,0.12974199895661187,0.19473166465759278,0.06467837228619162,rbf,0.007459379689844923,0.01793446723361681,5,"{'kernel': 'rbf', 'gamma': 0.007459379689844923, 'epsilon': 0.01793446723361681, 'C': 5}",-0.11689800694766592,-0.11320495494965481,-0.1108053204764233,-0.18392056714054825,-0.14947725053591587,-0.10759026002747271,-0.13281205912745556,-0.1095129153380138,-0.13386316128770695,-0.13324126463559674,-0.1291325760466454,0.022487091096762193,63
96,1.5232560634613037,0.10578434537432306,0.17206153869628907,0.008769836843041754,rbf,0.0002733366683341671,0.005916458229114557,5,"{'kernel': 'rbf', 'gamma': 0.0002733366683341671, 'epsilon': 0.005916458229114557, 'C': 5}",-0.12147459531870965,-0.10816233560497363,-0.11009272169845975,-0.1712649214482105,-0.14254066230860352,-0.1048867492101605,-0.12396397185763032,-0.10536731246569067,-0.18154376332157215,-0.12412452620257702,-0.12934215594365878,0.026012995274769003,64
48,1.1462292909622191,0.07377853109390879,0.11335213184356689,0.02397204414015484,rbf,0.006825462731365683,0.03900500250125062,7,"{'kernel': 'rbf', 'gamma': 0.006825462731365683, 'epsilon': 0.03900500250125062, 'C': 7}",-0.11870219766323281,-0.11468830216348662,-0.10893210514876613,-0.18093059381942575,-0.15132073351156994,-0.10879243619652472,-0.1334603742867718,-0.11184143089297503,-0.1342959607161176,-0.13176466514625054,-0.1294728799545121,0.021597923596581223,65
67,1.9870854377746583,0.2654575229031186,0.23232083320617675,0.05913273815468936,rbf,0.0001990495247623812,0.007184592296148073,7,"{'kernel': 'rbf', 'gamma': 0.0001990495247623812, 'epsilon': 0.007184592296148073, 'C': 7}",-0.12153693292783044,-0.10838769010209902,-0.11000084679994808,-0.17119143776525356,-0.14231332434501837,-0.10502601466592558,-0.12366719447383065,-0.10509196234593139,-0.18349923028851037,-0.12405244131593193,-0.12947670750302792,0.02639327855377093,66
97,1.249431276321411,0.08584797349399674,0.12052035331726074,0.0077664150833570336,rbf,0.006676888444222112,0.03719059529764882,8,"{'kernel': 'rbf', 'gamma': 0.006676888444222112, 'epsilon': 0.03719059529764882, 'C': 8}",-0.11857786946801309,-0.11422742744038619,-0.10949527677202388,-0.1812401827969353,-0.15166067909283615,-0.10968915396228729,-0.13380134707168953,-0.11220284519975324,-0.13392037754754677,-0.13159238167329662,-0.12964075410247683,0.02157488824117301,67
78,1.6941871881484984,0.04166081074590687,0.1473222255706787,0.014868341320497188,rbf,0.00547343671835918,0.01071585792896448,10,"{'kernel': 'rbf', 'gamma': 0.00547343671835918, 'epsilon': 0.01071585792896448, 'C': 10}",-0.11769238804749296,-0.11018956396412541,-0.1133906427111187,-0.18709761053312593,-0.1512815356950918,-0.1115199860061576,-0.13293304361376904,-0.11306418012598979,-0.127446341065242,-0.13382842970327868,-0.1298443721465392,0.022783138133511755,68
18,1.6888823747634887,0.28077903553204775,0.14871954917907715,0.0398808873783849,rbf,0.007300900450225113,0.02581640820410205,7,"{'kernel': 'rbf', 'gamma': 0.007300900450225113, 'epsilon': 0.02581640820410205, 'C': 7}",-0.1175521339814952,-0.11428893798120938,-0.11064707554607443,-0.18228939789789267,-0.15148383367363877,-0.1097260914779297,-0.13406559193139306,-0.11195364821893723,-0.1347194715287869,-0.13248053984651936,-0.12992067220838768,0.021802874907930675,69
64,1.6617877960205079,0.06375652639466096,0.14337706565856934,0.02346780900405597,rbf,0.005800300150075038,0.014676338169084542,10,"{'kernel': 'rbf', 'gamma': 0.005800300150075038, 'epsilon': 0.014676338169084542, 'C': 10}",-0.117501158216708,-0.11121871171518165,-0.1130259355282483,-0.18565224592328425,-0.15163817190206882,-0.11173437233401161,-0.13371705361265093,-0.11352665152983497,-0.12861860741391412,-0.13329313211311597,-0.12999260402890186,0.022347333014971535,70
93,1.175782608985901,0.045809634804560184,0.11381697654724121,0.02017901780672696,rbf,0.006686793396698349,0.03873186593296648,10,"{'kernel': 'rbf', 'gamma': 0.006686793396698349, 'epsilon': 0.03873186593296648, 'C': 10}",-0.11886212082637736,-0.11462331352453455,-0.10990481473989865,-0.1813898924683872,-0.15229791043166363,-0.11051100888969025,-0.1345077741012755,-0.11252298755568751,-0.13423510421005053,-0.13172764775040344,-0.13005825744979688,0.021514885239199106,71
3,1.912562322616577,0.121019010697955,0.1541733741760254,0.031115510635285098,rbf,0.005924112056028014,0.0017218609304652326,8,"{'kernel': 'rbf', 'gamma': 0.005924112056028014, 'epsilon': 0.0017218609304652326, 'C': 8}",-0.11783388928378248,-0.11043552505713963,-0.11424879867702763,-0.18818412291129144,-0.15101750850677284,-0.11091181934075983,-0.13210733509315994,-0.11324646269660661,-0.12859485378904917,-0.1348495251602721,-0.13014298405158617,0.022979946683292042,72
11,1.4304855108261108,0.12073416028180228,0.14032130241394042,0.027113195951861457,rbf,0.007350425212606304,0.032137568784392195,8,"{'kernel': 'rbf', 'gamma': 0.007350425212606304, 'epsilon': 0.032137568784392195, 'C': 8}",-0.11808998816800013,-0.11536126509423722,-0.11029409951787357,-0.18165509338202498,-0.15223931742833705,-0.11008310313173278,-0.13461396945748308,-0.11219683942857107,-0.13592483440743092,-0.13214573673237284,-0.13026042467480636,0.021636203519542457,73
87,1.5468363285064697,0.038910153223265374,0.14604711532592773,0.015787511124888583,rbf,0.00710775387693847,0.014013006503251626,7,"{'kernel': 'rbf', 'gamma': 0.00710775387693847, 'epsilon': 0.014013006503251626, 'C': 7}",-0.11744054116514255,-0.11353729549579862,-0.11280274853729734,-0.18497417567899252,-0.1513556321415091,-0.11024311356378345,-0.13413220084273986,-0.11260629128526652,-0.13299136298794798,-0.13375550193477073,-0.13038388636332487,0.022213190287881445,74
4,1.340255355834961,0.046215430625173005,0.11935739517211914,0.015669090875339495,rbf,0.007206803401700851,0.026011505752876436,10,"{'kernel': 'rbf', 'gamma': 0.007206803401700851, 'epsilon': 0.026011505752876436, 'C': 10}",-0.11770697303102759,-0.11478392581802367,-0.11122362865553409,-0.1825013405608702,-0.1526131796350721,-0.11096191158484843,-0.1353016490339674,-0.11247780543652781,-0.13481280269464802,-0.13267289843170843,-0.1305056114882228,0.021744610416536244,75
49,1.423673939704895,0.0776697544975513,0.12978675365447997,0.020620506316070906,rbf,0.007543571785892947,0.026187093546773385,10,"{'kernel': 'rbf', 'gamma': 0.007543571785892947, 'epsilon': 0.026187093546773385, 'C': 10}",-0.11776097090039142,-0.11560113601749725,-0.1110892538862151,-0.1823440299571682,-0.15272088514827023,-0.11113314889908339,-0.13565751519198557,-0.11253525321259532,-0.13594145998608304,-0.13286639799604613,-0.13076500511953354,0.02168299175578459,76
7,1.2620152473449706,0.04955907847676555,0.13920743465423585,0.025215671901306205,rbf,0.008142821410705353,0.030596298149074535,7,"{'kernel': 'rbf', 'gamma': 0.008142821410705353, 'epsilon': 0.030596298149074535, 'C': 7}",-0.1180305978525378,-0.11697598575717402,-0.1105236891507521,-0.1815181232457582,-0.15243675396735318,-0.10990532982566548,-0.13497725863456617,-0.11214138218577642,-0.13844987477529017,-0.13287133609893825,-0.13078303314938117,0.021611931471213344,77
73,1.830326533317566,0.09339025606314459,0.14243180751800538,0.020548543878357667,rbf,0.005934017008504253,0.006794397198599299,10,"{'kernel': 'rbf', 'gamma': 0.005934017008504253, 'epsilon': 0.006794397198599299, 'C': 10}",-0.11831172662520398,-0.11170851624892597,-0.11491407751508617,-0.1876031982073156,-0.15245054113075732,-0.11326403679849313,-0.1339359164246923,-0.11498070920958445,-0.12894555228149526,-0.13486864074036642,-0.13109829151819205,0.022482994659492356,78
76,1.5288075923919677,0.04639874650971226,0.15509614944458008,0.02918487735279847,rbf,0.008732166083041521,0.015222611305652826,5,"{'kernel': 'rbf', 'gamma': 0.008732166083041521, 'epsilon': 0.015222611305652826, 'C': 5}",-0.11757980985765475,-0.11677208452032996,-0.11244529034313949,-0.1837454082292799,-0.15159673925618022,-0.1093148284895959,-0.13477983126389406,-0.11184051145756722,-0.13852200660481845,-0.13463287529716148,-0.13112293853196216,0.02203261924182462,79
29,1.8616176128387452,0.10162718822278881,0.16841549873352052,0.028600123322991663,rbf,0.00705327663831916,0.012530265132566283,10,"{'kernel': 'rbf', 'gamma': 0.00705327663831916, 'epsilon': 0.012530265132566283, 'C': 10}",-0.11796374699247493,-0.11450593684506037,-0.11365301575478731,-0.18537539709239506,-0.15303797834057523,-0.11227667665338702,-0.1352625971195981,-0.11428275296407851,-0.13361956533998373,-0.13428037174496216,-0.1314258038847302,0.022021082998375078,80
66,1.6985663890838623,0.1877213462891988,0.1527808666229248,0.0389153332378859,rbf,0.007865482741370685,0.013876438219109555,8,"{'kernel': 'rbf', 'gamma': 0.007865482741370685, 'epsilon': 0.013876438219109555, 'C': 8}",-0.11784969560859597,-0.11586676853326243,-0.11325121612373432,-0.1846055292504773,-0.15280051706749026,-0.1113456801234804,-0.13537212705591536,-0.11347825332892333,-0.13650083372322305,-0.134256453072799,-0.13153270738879014,0.021945899657532197,81
36,1.2500348567962647,0.04534908662788253,0.10528812408447266,0.020602893862177823,rbf,0.009073886943471736,0.035064032016008,6,"{'kernel': 'rbf', 'gamma': 0.009073886943471736, 'epsilon': 0.035064032016008, 'C': 6}",-0.11873701735447223,-0.11955911779510844,-0.11037302683397768,-0.18108100196459917,-0.15295276126520474,-0.10962669227164351,-0.13535463827311564,-0.11245559937684237,-0.14179662337789362,-0.1336182000912091,-0.13155546786040664,0.021533205963773484,82
79,1.3152193307876587,0.0725795620081309,0.13349289894104005,0.005721710839793213,rbf,0.009271985992996497,0.025874937468734364,7,"{'kernel': 'rbf', 'gamma': 0.009271985992996497, 'epsilon': 0.025874937468734364, 'C': 7}",-0.11817817775153158,-0.11941019878215835,-0.1113514287431123,-0.18183862867361392,-0.1531730122168248,-0.11036966714683621,-0.13620552852146608,-0.1124493265820194,-0.14156146120304264,-0.13416935924058748,-0.1318706788861193,0.021614443632097243,83
2,1.3910053968429565,0.06709507537200214,0.1310816526412964,0.012064177190660616,rbf,0.008776738369184592,0.025426213106553276,10,"{'kernel': 'rbf', 'gamma': 0.008776738369184592, 'epsilon': 0.025426213106553276, 'C': 10}",-0.1182687780155996,-0.11870809265477826,-0.1111907301007662,-0.18223839961067284,-0.15325980947084922,-0.11188747453739142,-0.1367767526156977,-0.11304638016890148,-0.14000064524151903,-0.13336713997966265,-0.13187442023958384,0.02150910437455799,84
38,1.4673981189727783,0.06857454944344724,0.14492592811584473,0.010910348901323242,rbf,0.009380940470235117,0.014793396698349174,5,"{'kernel': 'rbf', 'gamma': 0.009380940470235117, 'epsilon': 0.014793396698349174, 'C': 5}",-0.11804847893790503,-0.11847643378222007,-0.1128610071231279,-0.18350435357980496,-0.15245448154978927,-0.10989229546347241,-0.13543170822540765,-0.11248876111587483,-0.1411050553025118,-0.13511915465814572,-0.13193817297382596,0.021883157177888347,85
58,1.466801905632019,0.11325063026377077,0.1430133104324341,0.03270481157854514,rbf,0.009286843421710855,0.022909454727363682,7,"{'kernel': 'rbf', 'gamma': 0.009286843421710855, 'epsilon': 0.022909454727363682, 'C': 7}",-0.11802108197488674,-0.11925617773094976,-0.11180032153699836,-0.1823203267752689,-0.15324949573919439,-0.11040393036289763,-0.13626304894467486,-0.11251463151340238,-0.1414495416738998,-0.13445352361801086,-0.13197320798701836,0.021700387909278456,86
80,1.5522886037826538,0.043464557967255166,0.14980950355529785,0.010783321311014605,rbf,0.008955027513756878,0.016120060030015006,7,"{'kernel': 'rbf', 'gamma': 0.008955027513756878, 'epsilon': 0.016120060030015006, 'C': 7}",-0.1179253392364444,-0.11823821345309496,-0.11277478085758796,-0.18357705789650225,-0.15315372805249658,-0.11076758409953787,-0.1359996268633106,-0.11295455019906621,-0.140217212269332,-0.1347821966474772,-0.132039028957485,0.021839310036328326,87
33,1.2815345525741577,0.04330512544707634,0.1259612560272217,0.011215214496566218,rbf,0.009613706853426713,0.03069384692346173,7,"{'kernel': 'rbf', 'gamma': 0.009613706853426713, 'epsilon': 0.03069384692346173, 'C': 7}",-0.1185725268729749,-0.12060258470724859,-0.1107749177785562,-0.1813198172624697,-0.1533865156766094,-0.1105949974631589,-0.13624170688557047,-0.11270296695326787,-0.142891786005026,-0.1339943606373775,-0.13210821802422595,0.021497820153364874,88
98,1.741190505027771,0.09104179500946566,0.15315062999725343,0.014688636509497158,rbf,0.008880740370185092,0.004004502251125563,5,"{'kernel': 'rbf', 'gamma': 0.008880740370185092, 'epsilon': 0.004004502251125563, 'C': 5}",-0.11876332785812947,-0.11732212050248775,-0.11471182642579347,-0.185936263271409,-0.15210974530501173,-0.11084225435058932,-0.13495533452929453,-0.11317440185157657,-0.1383628164143405,-0.13623335349695836,-0.13224114440055906,0.022071849697083975,89
82,1.24714994430542,0.0678006051564391,0.13491525650024414,0.009016815116006677,rbf,0.009232366183091546,0.03451775887943972,10,"{'kernel': 'rbf', 'gamma': 0.009232366183091546, 'epsilon': 0.03451775887943972, 'C': 10}",-0.11906120974425256,-0.12045690289457071,-0.11036008372921599,-0.18142921015223396,-0.15369510392040886,-0.11176493583358248,-0.13673674423656398,-0.1136162122062339,-0.1422480544849196,-0.13307773582369836,-0.13224461930256803,0.021350198315923764,90
61,1.4682945966720582,0.08315799482764479,0.12920455932617186,0.023514775026291283,rbf,0.009930665332666334,0.02341670835417709,5,"{'kernel': 'rbf', 'gamma': 0.009930665332666334, 'epsilon': 0.02341670835417709, 'C': 5}",-0.11847657460028586,-0.12056331635119358,-0.1120326417222507,-0.18211017635096238,-0.15343224181005913,-0.10953804886594841,-0.13591480278441775,-0.11219068238664702,-0.1435179815780012,-0.1348949511484171,-0.13226714175981832,0.021760863759112414,91
37,1.79746470451355,0.11418825546952888,0.15795986652374266,0.011878460510474094,rbf,0.006825462731365683,0.004940970485242621,10,"{'kernel': 'rbf', 'gamma': 0.006825462731365683, 'epsilon': 0.004940970485242621, 'C': 10}",-0.11892665064024484,-0.1141808100592437,-0.11557442663248901,-0.18708725629764375,-0.15333413060911827,-0.11437408048189353,-0.13527058400470673,-0.11570861454958013,-0.13261351229118742,-0.13567620306610748,-0.13227462686322147,0.022017951891552232,92
99,0.9730259418487549,0.1351766001824247,0.08252363204956055,0.030673965691604715,rbf,0.009395797898949475,0.0373271635817909,8,"{'kernel': 'rbf', 'gamma': 0.009395797898949475, 'epsilon': 0.0373271635817909, 'C': 8}",-0.11916725076062203,-0.12104691521922264,-0.1102236295693994,-0.18164158226858373,-0.15356129647257155,-0.11119526073632173,-0.13637466001187842,-0.11344682184615197,-0.14307651000978178,-0.13336356731247087,-0.13230974942070042,0.021465833812192952,93
77,1.696086549758911,0.04518874360990833,0.14756150245666505,0.025156924748344727,rbf,0.009113506753376688,0.00525312656328164,5,"{'kernel': 'rbf', 'gamma': 0.009113506753376688, 'epsilon': 0.00525312656328164, 'C': 5}",-0.11875211532289072,-0.1179645507588597,-0.114602056258816,-0.18548589520461228,-0.15232564819855404,-0.11099260302606914,-0.1352493623046721,-0.11337078755540538,-0.13930451381409872,-0.1362314038698334,-0.13242789363138113,0.021948594718695737,94
89,1.6734015941619873,0.10904472741132286,0.16793854236602784,0.035964723910502996,rbf,0.009643421710855428,0.019066033016508253,7,"{'kernel': 'rbf', 'gamma': 0.009643421710855428, 'epsilon': 0.019066033016508253, 'C': 7}",-0.11808586731353071,-0.12007324473971127,-0.11238113408666177,-0.1827392332817305,-0.1535924798988796,-0.11079785576367887,-0.1366280805354422,-0.11278917748684772,-0.14233531102195118,-0.1351253975742351,-0.13245477817026688,0.021716306649038095,95
84,1.6269288063049316,0.05541096483039427,0.1498124361038208,0.021941889946316153,rbf,0.009678089044522262,0.007009004502251125,5,"{'kernel': 'rbf', 'gamma': 0.009678089044522262, 'epsilon': 0.007009004502251125, 'C': 5}",-0.11891945746721015,-0.11934529933120848,-0.11445934291314484,-0.1847295440041438,-0.15286772043287777,-0.11111256168164352,-0.1357717466819995,-0.11330030493883976,-0.14167280804602592,-0.13627099097372167,-0.13284497764708153,0.021816593948245134,96
53,2.075986051559448,0.190323706767595,0.1755242109298706,0.030113509972409153,rbf,0.009990095047523762,0.0072821410705352675,7,"{'kernel': 'rbf', 'gamma': 0.009990095047523762, 'epsilon': 0.0072821410705352675, 'C': 7}",-0.11894518129525322,-0.121087033665376,-0.11452194245632624,-0.18442743217803162,-0.1540179560430422,-0.11218214152744635,-0.1369060539828832,-0.11391172063317638,-0.14284103243136306,-0.13673483828181726,-0.13355753324947156,0.02165206679350491,97
92,1.9487902879714967,0.1835048255571753,0.17754557132720947,0.013321367964875088,rbf,0.00947503751875938,0.004609304652326163,8,"{'kernel': 'rbf', 'gamma': 0.00947503751875938, 'epsilon': 0.004609304652326163, 'C': 8}",-0.11899367958314852,-0.12015246241801482,-0.11506938063192815,-0.1852254745537452,-0.15414101176258713,-0.11335508903332643,-0.13691735249513073,-0.11458270165869663,-0.1413320837397184,-0.13682846380364777,-0.1336597699679944,0.021627248464054553,98
20,1.7603115558624267,0.13788506715913001,0.21336917877197265,0.04256253177260186,rbf,0.0001,0.010637818909454727,7,"{'kernel': 'rbf', 'gamma': 0.0001, 'epsilon': 0.010637818909454727, 'C': 7}",-0.1256017067921689,-0.11423467552658258,-0.11852353483815774,-0.17479096690564164,-0.14659444362921978,-0.10933480313976725,-0.13038505268544667,-0.11457422705315591,-0.19152313073281732,-0.131655153866989,-0.1357217695169947,0.02608985962111674,99
15,1.1741503477096558,0.09072115835617756,0.13648667335510253,0.01506602442747555,rbf,0.00011980990495247624,0.028762381190595297,6,"{'kernel': 'rbf', 'gamma': 0.00011980990495247624, 'epsilon': 0.028762381190595297, 'C': 6}",-0.12508441766079348,-0.11404376130262124,-0.11965292531843044,-0.1756352324410729,-0.1478170916219067,-0.10855600278712271,-0.12900990125317532,-0.11641261430756665,-0.190155934325317,-0.1316517642877913,-0.13580196453057974,0.025915495073418733,100
