,mean_fit_time,std_fit_time,mean_score_time,std_score_time,param_weights,param_n_neighbors,param_leaf_size,param_algorithm,params,split0_test_score,split1_test_score,split2_test_score,split3_test_score,split4_test_score,split5_test_score,split6_test_score,split7_test_score,split8_test_score,split9_test_score,mean_test_score,std_test_score,rank_test_score
16,0.08688371181488037,0.04278755228322316,0.1328111171722412,0.037644997813733184,distance,14,24,ball_tree,"{'weights': 'distance', 'n_neighbors': 14, 'leaf_size': 24, 'algorithm': 'ball_tree'}",-0.16203171865617474,-0.17466087209080236,-0.16244771060822202,-0.18920209485875866,-0.191609028417002,-0.1633153379827911,-0.1836078565784706,-0.153275054379214,-0.18108845849512975,-0.16954866126364268,-0.1730786793330208,0.012312116367343797,1
15,0.09532496929168702,0.02332912183059373,0.1856078863143921,0.0641783861157208,distance,14,28,ball_tree,"{'weights': 'distance', 'n_neighbors': 14, 'leaf_size': 28, 'algorithm': 'ball_tree'}",-0.16203171865617474,-0.17466087209080236,-0.16244771060822202,-0.18920209485875866,-0.191609028417002,-0.1633153379827911,-0.1836078565784706,-0.153275054379214,-0.18108845849512975,-0.16954866126364268,-0.1730786793330208,0.012312116367343797,1
53,0.12308194637298583,0.054556183732816274,0.21943271160125732,0.06873417122629459,distance,14,17,kd_tree,"{'weights': 'distance', 'n_neighbors': 14, 'leaf_size': 17, 'algorithm': 'kd_tree'}",-0.16203171865617474,-0.17466087209080236,-0.16244771060822202,-0.18920209485875866,-0.191609028417002,-0.1633153379827911,-0.1836078565784706,-0.153275054379214,-0.18108845849512975,-0.16954866126364268,-0.1730786793330208,0.012312116367343797,1
26,0.10073285102844239,0.02623074290869415,0.17436494827270507,0.037455844154187394,distance,13,40,kd_tree,"{'weights': 'distance', 'n_neighbors': 13, 'leaf_size': 40, 'algorithm': 'kd_tree'}",-0.16242358542916432,-0.17521399680052724,-0.1631776078358211,-0.18936577133791177,-0.1900781716211523,-0.16344848085596597,-0.18313802186566747,-0.1540076509841266,-0.18141217785429667,-0.16949579252625002,-0.17317612571108834,0.011875177734665223,4
38,0.07751173973083496,0.01730278721167155,0.17853810787200927,0.06393638603017893,distance,13,32,kd_tree,"{'weights': 'distance', 'n_neighbors': 13, 'leaf_size': 32, 'algorithm': 'kd_tree'}",-0.16242358542916432,-0.17521399680052724,-0.1631776078358211,-0.18936577133791177,-0.1900781716211523,-0.16344848085596597,-0.18313802186566747,-0.1540076509841266,-0.18141217785429667,-0.16949579252625002,-0.17317612571108834,0.011875177734665223,4
24,0.08313953876495361,0.013811582058445517,0.15319418907165527,0.03247619127617219,distance,15,19,ball_tree,"{'weights': 'distance', 'n_neighbors': 15, 'leaf_size': 19, 'algorithm': 'ball_tree'}",-0.16182273711345596,-0.1735267496367439,-0.16357184415675158,-0.1908605431920362,-0.19376600225063684,-0.16464653633380807,-0.1835607456947539,-0.1517860186158886,-0.18106435186843428,-0.16868071850799604,-0.17332862473705055,0.012954834535846059,6
6,0.08585529327392578,0.02780245859426623,0.1391162633895874,0.042913639019022995,distance,8,19,ball_tree,"{'weights': 'distance', 'n_neighbors': 8, 'leaf_size': 19, 'algorithm': 'ball_tree'}",-0.1654494889210673,-0.17747710458896754,-0.16178078713980418,-0.18999503589008937,-0.18501921904606417,-0.15654608784623772,-0.18681371233810756,-0.1543166595264511,-0.18820055558250723,-0.16844084941775603,-0.17340395002970524,0.013027073210803954,7
87,0.09521119594573975,0.041354798764424786,0.15968708992004393,0.048547113030576045,distance,12,39,ball_tree,"{'weights': 'distance', 'n_neighbors': 12, 'leaf_size': 39, 'algorithm': 'ball_tree'}",-0.16067905888616582,-0.1738309815094938,-0.1635066777958727,-0.1900723703387745,-0.1895706991633889,-0.16409177017888346,-0.18597635208483823,-0.15375649105092193,-0.18201934661144167,-0.17085067112930294,-0.1734354418749084,0.012291461372412694,8
86,0.08099071979522705,0.039517396477161154,0.1736696720123291,0.05641520304775534,distance,12,26,kd_tree,"{'weights': 'distance', 'n_neighbors': 12, 'leaf_size': 26, 'algorithm': 'kd_tree'}",-0.16067905888616582,-0.1738309815094938,-0.1635066777958727,-0.1900723703387745,-0.1895706991633889,-0.16409177017888346,-0.18597635208483823,-0.15375649105092193,-0.18201934661144167,-0.17085067112930294,-0.1734354418749084,0.012291461372412694,8
88,0.07739367485046386,0.018792420567571622,0.15157954692840575,0.03542376693845904,distance,11,45,kd_tree,"{'weights': 'distance', 'n_neighbors': 11, 'leaf_size': 45, 'algorithm': 'kd_tree'}",-0.16302842521993247,-0.17484688471693297,-0.16457819486653832,-0.1896097357067628,-0.18761598413305708,-0.16499416229714298,-0.18460899885375734,-0.15381040157902195,-0.18195619238943747,-0.17061449564857004,-0.17356634754111533,0.011458969839858522,10
9,0.09610793590545655,0.022795147112605267,0.16894733905792236,0.07082266202038807,distance,16,28,kd_tree,"{'weights': 'distance', 'n_neighbors': 16, 'leaf_size': 28, 'algorithm': 'kd_tree'}",-0.16301608039863633,-0.1747547085809975,-0.1642457610471538,-0.19093419604494977,-0.1958002637782907,-0.1646877493502492,-0.18457367539771935,-0.15141566430825285,-0.18300511744196213,-0.1662753196378917,-0.17387085359861032,0.013518685698027446,11
71,0.06630809307098388,0.014641954108633518,0.15539817810058593,0.06229973207833806,distance,16,32,ball_tree,"{'weights': 'distance', 'n_neighbors': 16, 'leaf_size': 32, 'algorithm': 'ball_tree'}",-0.16301608039863633,-0.1747547085809975,-0.1642457610471538,-0.19093419604494977,-0.1958002637782907,-0.1646877493502492,-0.18457367539771935,-0.15141566430825285,-0.18300511744196213,-0.1662753196378917,-0.17387085359861032,0.013518685698027446,11
5,0.09557080268859863,0.033897158854326655,0.15420815944671631,0.05381709689674662,distance,17,24,kd_tree,"{'weights': 'distance', 'n_neighbors': 17, 'leaf_size': 24, 'algorithm': 'kd_tree'}",-0.16342532793595643,-0.17376458043980075,-0.16345954680007443,-0.1901039888819219,-0.19716500630392053,-0.16387283936963593,-0.18507769437749774,-0.1518498966101484,-0.1827190269842378,-0.16728547997730983,-0.17387233876805036,0.013622706237682927,13
28,0.08231170177459717,0.027485318666231617,0.14961140155792235,0.03754671994221184,distance,17,30,ball_tree,"{'weights': 'distance', 'n_neighbors': 17, 'leaf_size': 30, 'algorithm': 'ball_tree'}",-0.16342532793595643,-0.17376458043980075,-0.16345954680007443,-0.1901039888819219,-0.19716500630392053,-0.16387283936963593,-0.18507769437749774,-0.1518498966101484,-0.1827190269842378,-0.16728547997730983,-0.17387233876805036,0.013622706237682927,13
63,0.062788987159729,0.017333847777461747,0.1306607246398926,0.042125552463696064,distance,7,36,ball_tree,"{'weights': 'distance', 'n_neighbors': 7, 'leaf_size': 36, 'algorithm': 'ball_tree'}",-0.16431655552179913,-0.17753324175743038,-0.160674878273067,-0.19222869470971313,-0.18784367660721538,-0.15786908873258318,-0.18730804233069084,-0.15372530863596884,-0.18871939017800327,-0.1689417551132547,-0.17391606318597258,0.013777857923857625,15
4,0.114569091796875,0.04251204670062531,0.15775976181030274,0.05155053767393653,distance,7,36,kd_tree,"{'weights': 'distance', 'n_neighbors': 7, 'leaf_size': 36, 'algorithm': 'kd_tree'}",-0.16431655552179913,-0.17753324175743038,-0.160674878273067,-0.19222869470971313,-0.18784367660721538,-0.15786908873258318,-0.18730804233069084,-0.15372530863596884,-0.18871939017800327,-0.1689417551132547,-0.17391606318597258,0.013777857923857625,15
58,0.0669142723083496,0.020550042580984782,0.13987343311309813,0.04556161942967026,distance,7,45,ball_tree,"{'weights': 'distance', 'n_neighbors': 7, 'leaf_size': 45, 'algorithm': 'ball_tree'}",-0.16431655552179913,-0.17753324175743038,-0.160674878273067,-0.19222869470971313,-0.18784367660721538,-0.15786908873258318,-0.18730804233069084,-0.15372530863596884,-0.18871939017800327,-0.1689417551132547,-0.17391606318597258,0.013777857923857625,15
1,0.0697098970413208,0.020984056677672853,0.16713418960571289,0.037989036565209924,distance,9,32,kd_tree,"{'weights': 'distance', 'n_neighbors': 9, 'leaf_size': 32, 'algorithm': 'kd_tree'}",-0.16571742634837333,-0.17669605725293347,-0.1632241414319416,-0.19061619101279806,-0.18574186271116053,-0.1628459460303347,-0.1877291046844472,-0.153762735090004,-0.18686509530010117,-0.16608316547207871,-0.17392817253341727,0.012476143246980348,18
43,0.06743268966674805,0.014628605687251954,0.1448500633239746,0.025521022733538547,distance,5,33,ball_tree,"{'weights': 'distance', 'n_neighbors': 5, 'leaf_size': 33, 'algorithm': 'ball_tree'}",-0.16451775847774702,-0.17922518267069593,-0.16244172163171108,-0.18884615178422007,-0.1853987111974652,-0.15761597966011012,-0.184553007910567,-0.1573633672201559,-0.18982380507582036,-0.1711412276299165,-0.1740926913258409,0.012313436544129759,19
99,0.10954251289367675,0.03343602646463234,0.13177096843719482,0.05637667861442344,distance,5,37,kd_tree,"{'weights': 'distance', 'n_neighbors': 5, 'leaf_size': 37, 'algorithm': 'kd_tree'}",-0.16451775847774702,-0.17922518267069593,-0.16244172163171108,-0.18884615178422007,-0.1853987111974652,-0.15761597966011012,-0.184553007910567,-0.1573633672201559,-0.18982380507582036,-0.1711412276299165,-0.1740926913258409,0.012313436544129759,19
97,0.10315730571746826,0.047161362052006585,0.19756920337677003,0.05792836327241836,distance,18,42,kd_tree,"{'weights': 'distance', 'n_neighbors': 18, 'leaf_size': 42, 'algorithm': 'kd_tree'}",-0.16161974967136847,-0.1722261097296054,-0.16494097662003565,-0.19109954058518677,-0.1974302625459449,-0.16374204907450451,-0.18586363024392072,-0.15145580477694678,-0.18414345734149304,-0.16848394612165918,-0.17410055267106656,0.014025983628702913,21
47,0.0669179916381836,0.020688568458004493,0.1360257387161255,0.028154832609971012,distance,10,21,ball_tree,"{'weights': 'distance', 'n_neighbors': 10, 'leaf_size': 21, 'algorithm': 'ball_tree'}",-0.16350044032843347,-0.17682945063456573,-0.1645265800528689,-0.19151782054158192,-0.18891350917076075,-0.16368738466698374,-0.1857485149936796,-0.1541374854814501,-0.1835159712837962,-0.17108432452389774,-0.1743461481678018,0.012140975380819702,22
67,0.08052501678466797,0.02840588677052272,0.10347573757171631,0.02819610552900207,distance,10,40,ball_tree,"{'weights': 'distance', 'n_neighbors': 10, 'leaf_size': 40, 'algorithm': 'ball_tree'}",-0.16350044032843347,-0.17682945063456573,-0.1645265800528689,-0.19151782054158192,-0.18891350917076075,-0.16368738466698374,-0.1857485149936796,-0.1541374854814501,-0.1835159712837962,-0.17108432452389774,-0.1743461481678018,0.012140975380819702,22
69,0.11656556129455567,0.05651932396106767,0.24432022571563722,0.045789464782875766,distance,10,17,kd_tree,"{'weights': 'distance', 'n_neighbors': 10, 'leaf_size': 17, 'algorithm': 'kd_tree'}",-0.16350044032843347,-0.17682945063456573,-0.1645265800528689,-0.19151782054158192,-0.18891350917076075,-0.16368738466698374,-0.1857485149936796,-0.1541374854814501,-0.1835159712837962,-0.17108432452389774,-0.1743461481678018,0.012140975380819702,22
31,0.1029576301574707,0.03467320084304367,0.20322046279907227,0.05496195151388818,distance,10,15,kd_tree,"{'weights': 'distance', 'n_neighbors': 10, 'leaf_size': 15, 'algorithm': 'kd_tree'}",-0.16350044032843347,-0.17682945063456573,-0.1645265800528689,-0.19151782054158192,-0.18891350917076075,-0.16368738466698374,-0.1857485149936796,-0.1541374854814501,-0.1835159712837962,-0.17108432452389774,-0.1743461481678018,0.012140975380819702,22
60,0.048516273498535156,0.010166338468833818,0.13521935939788818,0.038856148912775945,distance,10,43,ball_tree,"{'weights': 'distance', 'n_neighbors': 10, 'leaf_size': 43, 'algorithm': 'ball_tree'}",-0.16350044032843347,-0.17682945063456573,-0.1645265800528689,-0.19151782054158192,-0.18891350917076075,-0.16368738466698374,-0.1857485149936796,-0.1541374854814501,-0.1835159712837962,-0.17108432452389774,-0.1743461481678018,0.012140975380819702,22
66,0.06168653964996338,0.016145454390921264,0.1451840877532959,0.037606227429780134,uniform,14,39,ball_tree,"{'weights': 'uniform', 'n_neighbors': 14, 'leaf_size': 39, 'algorithm': 'ball_tree'}",-0.1636765588431588,-0.17644233424575934,-0.1635868390611096,-0.19016050479037175,-0.19323981308062696,-0.16474273927330266,-0.18454337823367872,-0.1551504389330495,-0.18196501721575647,-0.17114569273040708,-0.1744653316407221,0.012140401822502554,27
0,0.09121544361114502,0.02916007512678673,0.1635768175125122,0.07173637858836696,uniform,14,24,kd_tree,"{'weights': 'uniform', 'n_neighbors': 14, 'leaf_size': 24, 'algorithm': 'kd_tree'}",-0.1636765588431588,-0.17644233424575934,-0.1635868390611096,-0.19016050479037175,-0.19323981308062696,-0.16474273927330266,-0.18454337823367872,-0.1551504389330495,-0.18196501721575647,-0.17114569273040708,-0.1744653316407221,0.012140401822502554,27
2,0.07961344718933105,0.029083626207726438,0.13654098510742188,0.04053344295054826,uniform,14,21,ball_tree,"{'weights': 'uniform', 'n_neighbors': 14, 'leaf_size': 21, 'algorithm': 'ball_tree'}",-0.1636765588431588,-0.17644233424575934,-0.1635868390611096,-0.19016050479037175,-0.19323981308062696,-0.16474273927330266,-0.18454337823367872,-0.1551504389330495,-0.18196501721575647,-0.17114569273040708,-0.1744653316407221,0.012140401822502554,27
78,0.0915557861328125,0.030764274469751454,0.19133419990539552,0.06342810575524345,uniform,13,41,kd_tree,"{'weights': 'uniform', 'n_neighbors': 13, 'leaf_size': 41, 'algorithm': 'kd_tree'}",-0.16411696045148547,-0.17705550174377555,-0.1644724983669041,-0.19028678376293784,-0.1916842359016496,-0.16483180685068213,-0.1840387067021723,-0.1560448645067482,-0.18214547703674155,-0.17091040284229397,-0.17455872381653906,0.011643737999182342,30
39,0.08382253646850586,0.03983692349719377,0.20947515964508057,0.07628531005473493,uniform,13,28,kd_tree,"{'weights': 'uniform', 'n_neighbors': 13, 'leaf_size': 28, 'algorithm': 'kd_tree'}",-0.16411696045148547,-0.17705550174377555,-0.1644724983669041,-0.19028678376293784,-0.1916842359016496,-0.16483180685068213,-0.1840387067021723,-0.1560448645067482,-0.18214547703674155,-0.17091040284229397,-0.17455872381653906,0.011643737999182342,30
46,0.07306668758392335,0.02637763142703414,0.1326303005218506,0.03177814580478794,uniform,13,26,ball_tree,"{'weights': 'uniform', 'n_neighbors': 13, 'leaf_size': 26, 'algorithm': 'ball_tree'}",-0.16411696045148547,-0.17705550174377555,-0.1644724983669041,-0.19028678376293784,-0.1916842359016496,-0.16483180685068213,-0.1840387067021723,-0.1560448645067482,-0.18214547703674155,-0.17091040284229397,-0.17455872381653906,0.011643737999182342,30
70,0.09082586765289306,0.039721511670405864,0.17771639823913574,0.042300699318124864,uniform,13,25,kd_tree,"{'weights': 'uniform', 'n_neighbors': 13, 'leaf_size': 25, 'algorithm': 'kd_tree'}",-0.16411696045148547,-0.17705550174377555,-0.1644724983669041,-0.19028678376293784,-0.1916842359016496,-0.16483180685068213,-0.1840387067021723,-0.1560448645067482,-0.18214547703674155,-0.17091040284229397,-0.17455872381653906,0.011643737999182342,30
75,0.09256567955017089,0.037763668825575934,0.22043156623840332,0.06737651265752749,uniform,8,22,kd_tree,"{'weights': 'uniform', 'n_neighbors': 8, 'leaf_size': 22, 'algorithm': 'kd_tree'}",-0.16732137742740913,-0.1785255006597791,-0.16273925811945705,-0.19118917429844604,-0.18572217528107235,-0.157976807305392,-0.18831344603657282,-0.1561771527930514,-0.18843598002383274,-0.16936473285774958,-0.1745765604802762,0.012769478825537695,34
50,0.08363635540008545,0.018320992253717756,0.20615222454071044,0.05256725182017743,uniform,8,17,kd_tree,"{'weights': 'uniform', 'n_neighbors': 8, 'leaf_size': 17, 'algorithm': 'kd_tree'}",-0.16732137742740913,-0.1785255006597791,-0.16273925811945705,-0.19118917429844604,-0.18572217528107235,-0.157976807305392,-0.18831344603657282,-0.1561771527930514,-0.18843598002383274,-0.16936473285774958,-0.1745765604802762,0.012769478825537695,34
68,0.09880168437957763,0.033537588542917704,0.15046746730804444,0.03512639253712123,distance,19,25,kd_tree,"{'weights': 'distance', 'n_neighbors': 19, 'leaf_size': 25, 'algorithm': 'kd_tree'}",-0.16233129265918744,-0.1739164757954808,-0.1652961026697832,-0.1903075495401738,-0.19818748167744318,-0.1626661164974772,-0.18710039167846182,-0.1516185154858443,-0.185115255256626,-0.16947646400937247,-0.174601564526985,0.014157310771638626,36
40,0.07391154766082764,0.02962177069213536,0.14669225215911866,0.056482192845286265,distance,19,22,ball_tree,"{'weights': 'distance', 'n_neighbors': 19, 'leaf_size': 22, 'algorithm': 'ball_tree'}",-0.16233129265918744,-0.1739164757954808,-0.1652961026697832,-0.1903075495401738,-0.19818748167744318,-0.1626661164974772,-0.18710039167846182,-0.1516185154858443,-0.185115255256626,-0.16947646400937247,-0.174601564526985,0.014157310771638626,36
96,0.09863848686218261,0.024568667058958396,0.1963862657546997,0.03760878036948213,distance,20,37,ball_tree,"{'weights': 'distance', 'n_neighbors': 20, 'leaf_size': 37, 'algorithm': 'ball_tree'}",-0.1620419131609426,-0.17277849928702396,-0.16497073519988273,-0.18961749708069683,-0.19940044618466227,-0.1646100200743842,-0.1867889584085129,-0.15192620223281555,-0.18465429853878035,-0.16957525143718385,-0.17463638216048855,0.014082360568522563,38
52,0.07002527713775634,0.011858141531536293,0.20989391803741456,0.06229993687656426,distance,20,35,kd_tree,"{'weights': 'distance', 'n_neighbors': 20, 'leaf_size': 35, 'algorithm': 'kd_tree'}",-0.1620419131609426,-0.17277849928702396,-0.16497073519988273,-0.18961749708069683,-0.19940044618466227,-0.1646100200743842,-0.1867889584085129,-0.15192620223281555,-0.18465429853878035,-0.16957525143718385,-0.17463638216048855,0.014082360568522563,38
45,0.08903315067291259,0.016985366064149614,0.15715978145599366,0.043046681581151804,distance,20,39,kd_tree,"{'weights': 'distance', 'n_neighbors': 20, 'leaf_size': 39, 'algorithm': 'kd_tree'}",-0.1620419131609426,-0.17277849928702396,-0.16497073519988273,-0.18961749708069683,-0.19940044618466227,-0.1646100200743842,-0.1867889584085129,-0.15192620223281555,-0.18465429853878035,-0.16957525143718385,-0.17463638216048855,0.014082360568522563,38
33,0.09756741523742676,0.027342786129256415,0.2257760524749756,0.0647232214216129,distance,21,18,kd_tree,"{'weights': 'distance', 'n_neighbors': 21, 'leaf_size': 18, 'algorithm': 'kd_tree'}",-0.16094871493348809,-0.17242634190276146,-0.16513644838457686,-0.19108732967154904,-0.19863638109854617,-0.163448942150642,-0.18732203645238232,-0.15355071832446993,-0.184858911990834,-0.1698749672136398,-0.17472907921228895,0.01409572274142129,41
29,0.06821238994598389,0.012373082944189586,0.1320885181427002,0.042771352970009766,distance,21,24,ball_tree,"{'weights': 'distance', 'n_neighbors': 21, 'leaf_size': 24, 'algorithm': 'ball_tree'}",-0.16094871493348809,-0.17242634190276146,-0.16513644838457686,-0.19108732967154904,-0.19863638109854617,-0.163448942150642,-0.18732203645238232,-0.15355071832446993,-0.184858911990834,-0.1698749672136398,-0.17472907921228895,0.01409572274142129,41
89,0.07143678665161132,0.020220908177306908,0.15947234630584717,0.04948557076089354,distance,21,40,ball_tree,"{'weights': 'distance', 'n_neighbors': 21, 'leaf_size': 40, 'algorithm': 'ball_tree'}",-0.16094871493348809,-0.17242634190276146,-0.16513644838457686,-0.19108732967154904,-0.19863638109854617,-0.163448942150642,-0.18732203645238232,-0.15355071832446993,-0.184858911990834,-0.1698749672136398,-0.17472907921228895,0.01409572274142129,41
55,0.07274065017700196,0.020086993357724802,0.12057316303253174,0.05038321351224829,uniform,15,36,ball_tree,"{'weights': 'uniform', 'n_neighbors': 15, 'leaf_size': 36, 'algorithm': 'ball_tree'}",-0.16346507870391164,-0.17539400567736338,-0.16477127964235497,-0.19201355976911783,-0.19556974540203817,-0.16619434038658462,-0.1844794144429227,-0.15349213250523128,-0.18203689083010025,-0.17016630080140221,-0.17475827481610268,0.012855728237988666,44
81,0.11232342720031738,0.02973530432427334,0.12264549732208252,0.027722755507536452,uniform,15,26,kd_tree,"{'weights': 'uniform', 'n_neighbors': 15, 'leaf_size': 26, 'algorithm': 'kd_tree'}",-0.16346507870391164,-0.17539400567736338,-0.16477127964235497,-0.19201355976911783,-0.19556974540203817,-0.16619434038658462,-0.1844794144429227,-0.15349213250523128,-0.18203689083010025,-0.17016630080140221,-0.17475827481610268,0.012855728237988666,44
36,0.07792963981628417,0.023080730755540665,0.1410170316696167,0.040976432900649166,distance,24,31,ball_tree,"{'weights': 'distance', 'n_neighbors': 24, 'leaf_size': 31, 'algorithm': 'ball_tree'}",-0.1589096419426208,-0.17280457907355806,-0.1652294330969507,-0.1927066905956558,-0.1985472559359806,-0.16440185271161492,-0.1872826200057033,-0.15642874528636894,-0.18205867203715662,-0.16942688483146306,-0.17477963755170728,0.013840727857825457,46
83,0.06792945861816406,0.017763951440167326,0.16771507263183594,0.04239883615751786,distance,24,30,kd_tree,"{'weights': 'distance', 'n_neighbors': 24, 'leaf_size': 30, 'algorithm': 'kd_tree'}",-0.1589096419426208,-0.17280457907355806,-0.1652294330969507,-0.1927066905956558,-0.1985472559359806,-0.16440185271161492,-0.1872826200057033,-0.15642874528636894,-0.18205867203715662,-0.16942688483146306,-0.17477963755170728,0.013840727857825457,46
93,0.06596794128417968,0.01952007290746257,0.13522467613220215,0.03413112833946676,uniform,5,19,ball_tree,"{'weights': 'uniform', 'n_neighbors': 5, 'leaf_size': 19, 'algorithm': 'ball_tree'}",-0.16590666360800774,-0.17942385548760717,-0.16304901012154627,-0.1896339965107767,-0.18565621523816145,-0.15917349633103245,-0.1858129478778102,-0.15878525999477505,-0.18914412305317477,-0.17173595687748086,-0.17483215251003725,0.011889232609999635,48
21,0.07274510860443115,0.027698119455182593,0.1538167953491211,0.040453340554074096,uniform,5,35,ball_tree,"{'weights': 'uniform', 'n_neighbors': 5, 'leaf_size': 35, 'algorithm': 'ball_tree'}",-0.16590666360800774,-0.17942385548760717,-0.16304901012154627,-0.1896339965107767,-0.18565621523816145,-0.15917349633103245,-0.1858129478778102,-0.15878525999477505,-0.18914412305317477,-0.17173595687748086,-0.17483215251003725,0.011889232609999635,48
34,0.055161142349243165,0.008071062986858071,0.1811976909637451,0.06991257064703098,uniform,5,36,ball_tree,"{'weights': 'uniform', 'n_neighbors': 5, 'leaf_size': 36, 'algorithm': 'ball_tree'}",-0.16590666360800774,-0.17942385548760717,-0.16304901012154627,-0.1896339965107767,-0.18565621523816145,-0.15917349633103245,-0.1858129478778102,-0.15878525999477505,-0.18914412305317477,-0.17173595687748086,-0.17483215251003725,0.011889232609999635,48
32,0.10035562515258789,0.03794952797887579,0.17500946521759034,0.05161823937997133,distance,25,25,kd_tree,"{'weights': 'distance', 'n_neighbors': 25, 'leaf_size': 25, 'algorithm': 'kd_tree'}",-0.15941198144656002,-0.17214874014570059,-0.1650389165864027,-0.1938584111309022,-0.1978748334008786,-0.16524754382291673,-0.1865081012198997,-0.15703716267498025,-0.18275835185043696,-0.16846426381117255,-0.17483483060898503,0.013718900258687692,51
51,0.06761205196380615,0.023096894274426308,0.13954541683197022,0.03404182738521358,distance,23,24,ball_tree,"{'weights': 'distance', 'n_neighbors': 23, 'leaf_size': 24, 'algorithm': 'ball_tree'}",-0.1607277413270169,-0.17182609135544769,-0.1660480395354918,-0.19272201379360107,-0.19810979824250072,-0.16424981847120992,-0.1870636922946819,-0.1552539350151264,-0.18355117423998277,-0.1697731915205836,-0.17493254957956425,0.013760247006579247,52
22,0.08862318992614746,0.026122218899180545,0.1610185384750366,0.05857494287605835,distance,23,26,kd_tree,"{'weights': 'distance', 'n_neighbors': 23, 'leaf_size': 26, 'algorithm': 'kd_tree'}",-0.1607277413270169,-0.17182609135544769,-0.1660480395354918,-0.19272201379360107,-0.19810979824250072,-0.16424981847120992,-0.1870636922946819,-0.1552539350151264,-0.18355117423998277,-0.1697731915205836,-0.17493254957956425,0.013760247006579247,52
76,0.08234584331512451,0.020883003105591824,0.19451310634613037,0.04425356103029509,distance,23,22,ball_tree,"{'weights': 'distance', 'n_neighbors': 23, 'leaf_size': 22, 'algorithm': 'ball_tree'}",-0.1607277413270169,-0.17182609135544769,-0.1660480395354918,-0.19272201379360107,-0.19810979824250072,-0.16424981847120992,-0.1870636922946819,-0.1552539350151264,-0.18355117423998277,-0.1697731915205836,-0.17493254957956425,0.013760247006579247,52
30,0.10955803394317627,0.024412456566746548,0.18995258808135987,0.04998363905943223,distance,23,17,kd_tree,"{'weights': 'distance', 'n_neighbors': 23, 'leaf_size': 17, 'algorithm': 'kd_tree'}",-0.1607277413270169,-0.17182609135544769,-0.1660480395354918,-0.19272201379360107,-0.19810979824250072,-0.16424981847120992,-0.1870636922946819,-0.1552539350151264,-0.18355117423998277,-0.1697731915205836,-0.17493254957956425,0.013760247006579247,52
37,0.07777478694915771,0.020703495736168046,0.2308443546295166,0.060391817346066724,uniform,7,41,ball_tree,"{'weights': 'uniform', 'n_neighbors': 7, 'leaf_size': 41, 'algorithm': 'ball_tree'}",-0.16629666093909143,-0.17838575630742468,-0.16147695770440762,-0.19349419377819632,-0.18888595852781337,-0.15913724740413318,-0.18870431291721107,-0.15539604623669354,-0.18863787248081573,-0.16982198717843086,-0.1750236993474218,0.013570140230850344,56
44,0.0977177619934082,0.04400964328515957,0.18097643852233886,0.04729566100642532,uniform,7,36,ball_tree,"{'weights': 'uniform', 'n_neighbors': 7, 'leaf_size': 36, 'algorithm': 'ball_tree'}",-0.16629666093909143,-0.17838575630742468,-0.16147695770440762,-0.19349419377819632,-0.18888595852781337,-0.15913724740413318,-0.18870431291721107,-0.15539604623669354,-0.18863787248081573,-0.16982198717843086,-0.1750236993474218,0.013570140230850344,56
41,0.08841040134429931,0.02682357580021883,0.18605175018310546,0.06224830889778296,distance,26,31,kd_tree,"{'weights': 'distance', 'n_neighbors': 26, 'leaf_size': 31, 'algorithm': 'kd_tree'}",-0.15891881296362775,-0.17266570049115917,-0.166822604591055,-0.19451707886219607,-0.19795817667092777,-0.1655790895099349,-0.18621080213721825,-0.15714091018315585,-0.1819254611036571,-0.1701315075241896,-0.17518701440371215,0.013577977700886914,58
11,0.10280063152313232,0.04590199230091692,0.16514203548431397,0.07416222460679127,distance,26,27,ball_tree,"{'weights': 'distance', 'n_neighbors': 26, 'leaf_size': 27, 'algorithm': 'ball_tree'}",-0.15891881296362775,-0.17266570049115917,-0.166822604591055,-0.19451707886219607,-0.19795817667092777,-0.1655790895099349,-0.18621080213721825,-0.15714091018315585,-0.1819254611036571,-0.1701315075241896,-0.17518701440371215,0.013577977700886914,58
65,0.06448440551757813,0.013739303085488111,0.13730251789093018,0.029925157903695227,distance,26,15,ball_tree,"{'weights': 'distance', 'n_neighbors': 26, 'leaf_size': 15, 'algorithm': 'ball_tree'}",-0.15891881296362775,-0.17266570049115917,-0.166822604591055,-0.19451707886219607,-0.19795817667092777,-0.1655790895099349,-0.18621080213721825,-0.15714091018315585,-0.1819254611036571,-0.1701315075241896,-0.17518701440371215,0.013577977700886914,58
3,0.09712555408477783,0.03427728268590542,0.2235156774520874,0.05301940761051481,uniform,6,18,kd_tree,"{'weights': 'uniform', 'n_neighbors': 6, 'leaf_size': 18, 'algorithm': 'kd_tree'}",-0.1667800644840081,-0.17948751676525018,-0.16077692774874794,-0.19036413915306716,-0.1870874780753695,-0.15834115954912706,-0.1888789822861667,-0.15969384426660485,-0.18729776988995236,-0.17330575800564482,-0.17520136402239384,0.012370474818356719,61
82,0.08368065357208251,0.03201527218175454,0.1622187614440918,0.03947224452100173,uniform,9,35,ball_tree,"{'weights': 'uniform', 'n_neighbors': 9, 'leaf_size': 35, 'algorithm': 'ball_tree'}",-0.16748520286895258,-0.177866035603951,-0.1645306837315649,-0.19185899963778388,-0.1866858861384191,-0.1646441914446365,-0.18916168451549417,-0.15569737467943784,-0.18726819875120965,-0.16691752629585713,-0.17521157836673068,0.012210051490070465,62
61,0.09434337615966797,0.032868809222170885,0.12294588088989258,0.03446009465460303,uniform,9,41,ball_tree,"{'weights': 'uniform', 'n_neighbors': 9, 'leaf_size': 41, 'algorithm': 'ball_tree'}",-0.16748520286895258,-0.177866035603951,-0.1645306837315649,-0.19185899963778388,-0.1866858861384191,-0.1646441914446365,-0.18916168451549417,-0.15569737467943784,-0.18726819875120965,-0.16691752629585713,-0.17521157836673068,0.012210051490070465,62
7,0.07047495841979981,0.0277906182747302,0.13769857883453368,0.02202424108759943,distance,27,22,ball_tree,"{'weights': 'distance', 'n_neighbors': 27, 'leaf_size': 22, 'algorithm': 'ball_tree'}",-0.15840418423985372,-0.17127157330239853,-0.16663077123414546,-0.19503541381863096,-0.19893422323126797,-0.1663357220209038,-0.18720075285372345,-0.15723247861000933,-0.1821482057132081,-0.17069334871473743,-0.1753886673738879,0.013933332234120036,64
25,0.07544782161712646,0.017388188520006644,0.12465543746948242,0.03524634838213109,distance,27,35,ball_tree,"{'weights': 'distance', 'n_neighbors': 27, 'leaf_size': 35, 'algorithm': 'ball_tree'}",-0.15840418423985372,-0.17127157330239853,-0.16663077123414546,-0.19503541381863096,-0.19893422323126797,-0.1663357220209038,-0.18720075285372345,-0.15723247861000933,-0.1821482057132081,-0.17069334871473743,-0.1753886673738879,0.013933332234120036,64
17,0.08970956802368164,0.02469367547515125,0.1752056360244751,0.05596049857261601,distance,27,18,ball_tree,"{'weights': 'distance', 'n_neighbors': 27, 'leaf_size': 18, 'algorithm': 'ball_tree'}",-0.15840418423985372,-0.17127157330239853,-0.16663077123414546,-0.19503541381863096,-0.19893422323126797,-0.1663357220209038,-0.18720075285372345,-0.15723247861000933,-0.1821482057132081,-0.17069334871473743,-0.1753886673738879,0.013933332234120036,64
42,0.09797677993774415,0.03206874186576953,0.13210933208465575,0.0333388078769692,uniform,18,22,ball_tree,"{'weights': 'uniform', 'n_neighbors': 18, 'leaf_size': 22, 'algorithm': 'ball_tree'}",-0.16338519508167973,-0.17413969041070848,-0.16634486335144813,-0.19218005303007954,-0.1994671409745133,-0.1651183214908901,-0.1869635696012616,-0.15313226834923932,-0.18541843291664328,-0.17022939445170196,-0.17563789296581653,0.013966230803467353,67
84,0.07752673625946045,0.024867789051337262,0.13278656005859374,0.05122649308129739,uniform,10,42,kd_tree,"{'weights': 'uniform', 'n_neighbors': 10, 'leaf_size': 42, 'algorithm': 'kd_tree'}",-0.16513897762903748,-0.17809997440004946,-0.1659868669630401,-0.19263109810067333,-0.190075619610385,-0.1652120306793331,-0.18691741861674221,-0.15610184790642476,-0.18382934896623002,-0.17241450419615917,-0.17564076870680745,0.01183943329015336,68
27,0.09726893901824951,0.04470125845104692,0.16185944080352782,0.037975832405784005,uniform,10,30,kd_tree,"{'weights': 'uniform', 'n_neighbors': 10, 'leaf_size': 30, 'algorithm': 'kd_tree'}",-0.16513897762903748,-0.17809997440004946,-0.1659868669630401,-0.19263109810067333,-0.190075619610385,-0.1652120306793331,-0.18691741861674221,-0.15610184790642476,-0.18382934896623002,-0.17241450419615917,-0.17564076870680745,0.01183943329015336,68
35,0.08161747455596924,0.02178833036473223,0.16654586791992188,0.04389076669295271,distance,30,36,kd_tree,"{'weights': 'distance', 'n_neighbors': 30, 'leaf_size': 36, 'algorithm': 'kd_tree'}",-0.15839648423276959,-0.1707847312018476,-0.16745826893890733,-0.19591596405094874,-0.19858403506812553,-0.16531019311288309,-0.1879561955808211,-0.15898812212880056,-0.1835158614925559,-0.17190419726714712,-0.17588140530748064,0.013915739036455264,70
20,0.11145205497741699,0.03691527853665197,0.18356235027313234,0.0410804404491083,distance,30,31,kd_tree,"{'weights': 'distance', 'n_neighbors': 30, 'leaf_size': 31, 'algorithm': 'kd_tree'}",-0.15839648423276959,-0.1707847312018476,-0.16745826893890733,-0.19591596405094874,-0.19858403506812553,-0.16531019311288309,-0.1879561955808211,-0.15898812212880056,-0.1835158614925559,-0.17190419726714712,-0.17588140530748064,0.013915739036455264,70
12,0.06886534690856934,0.017318240710397125,0.17009439468383789,0.05181868201858702,distance,29,43,kd_tree,"{'weights': 'distance', 'n_neighbors': 29, 'leaf_size': 43, 'algorithm': 'kd_tree'}",-0.15814760181131335,-0.17097259946013005,-0.166885213167914,-0.19591873491413436,-0.19869906258855022,-0.16572000413883478,-0.18837807504232407,-0.15884167609448122,-0.18421822831331025,-0.17240561519199993,-0.1760186810722992,0.014045725983683727,72
92,0.061614179611206056,0.01758724332767217,0.20550954341888428,0.0671447955666068,distance,29,31,ball_tree,"{'weights': 'distance', 'n_neighbors': 29, 'leaf_size': 31, 'algorithm': 'ball_tree'}",-0.15814760181131335,-0.17097259946013005,-0.166885213167914,-0.19591873491413436,-0.19869906258855022,-0.16572000413883478,-0.18837807504232407,-0.1588433671658648,-0.18421822831331025,-0.17240561519199993,-0.17601885017943758,0.014045519184344466,73
62,0.07237834930419922,0.014426814868654488,0.1687560796737671,0.04578706121278883,distance,31,33,kd_tree,"{'weights': 'distance', 'n_neighbors': 31, 'leaf_size': 33, 'algorithm': 'kd_tree'}",-0.15946386324229916,-0.17143597222468707,-0.16684636306794182,-0.196907602203764,-0.19830231938867193,-0.16426566879902932,-0.1878512699277362,-0.15966495676045434,-0.18300942301157772,-0.17280924212394533,-0.1760556680750107,0.013845025244532322,74
80,0.14467616081237794,0.05838899687978499,0.24417076110839844,0.07967396548423905,distance,31,15,kd_tree,"{'weights': 'distance', 'n_neighbors': 31, 'leaf_size': 15, 'algorithm': 'kd_tree'}",-0.15946386324229916,-0.17143597222468707,-0.16684636306794182,-0.196907602203764,-0.19830231938867193,-0.16426566879902932,-0.1878512699277362,-0.15966495676045434,-0.18300942301157772,-0.17280924212394533,-0.1760556680750107,0.013845025244532322,74
98,0.11893367767333984,0.036814966196698044,0.1872255325317383,0.060367071374771965,distance,32,19,ball_tree,"{'weights': 'distance', 'n_neighbors': 32, 'leaf_size': 19, 'algorithm': 'ball_tree'}",-0.15979308098637562,-0.17125553550145328,-0.16726115471546915,-0.19761875868334342,-0.19843024394404069,-0.16381982039412685,-0.18771236633961755,-0.1594110515384344,-0.18231759227275288,-0.17330526143435257,-0.17609248658099663,0.01392783442085463,76
54,0.07859935760498046,0.04166869691278263,0.12295892238616943,0.04304383569197799,uniform,20,30,ball_tree,"{'weights': 'uniform', 'n_neighbors': 20, 'leaf_size': 30, 'algorithm': 'ball_tree'}",-0.16394056620950945,-0.17499621967772963,-0.16655096080266285,-0.19052950963690954,-0.20161150820010093,-0.16615773620470883,-0.18789324895399045,-0.15353443465016794,-0.1860435146345459,-0.171423411305912,-0.17626811102762371,0.014024612406235787,77
73,0.0986680269241333,0.04599985122769661,0.18886091709136962,0.04485629439709768,distance,33,23,kd_tree,"{'weights': 'distance', 'n_neighbors': 33, 'leaf_size': 23, 'algorithm': 'kd_tree'}",-0.15961189534031797,-0.17244753601659057,-0.16741881407197326,-0.1973627354168633,-0.19924021996752878,-0.16377429681734498,-0.18816378481070445,-0.1600081333977625,-0.18165790481556962,-0.1731254913005727,-0.1762810811955228,0.01394256401343431,78
10,0.08585083484649658,0.026210028369660122,0.19191880226135255,0.0482571669931364,uniform,24,31,kd_tree,"{'weights': 'uniform', 'n_neighbors': 24, 'leaf_size': 31, 'algorithm': 'kd_tree'}",-0.1604714289586647,-0.17527252778135957,-0.1668024354045584,-0.1937995998969336,-0.20066778683347644,-0.16613083810377305,-0.18826848585868183,-0.158604381125942,-0.1831624785671094,-0.1716203940409371,-0.1764800356571436,0.013675846429835811,79
72,0.08015191555023193,0.03311722926938854,0.11155896186828614,0.03620176754732923,uniform,24,38,ball_tree,"{'weights': 'uniform', 'n_neighbors': 24, 'leaf_size': 38, 'algorithm': 'ball_tree'}",-0.1604714289586647,-0.17527252778135957,-0.1668024354045584,-0.1937995998969336,-0.20066778683347644,-0.16613083810377305,-0.18826848585868183,-0.158604381125942,-0.1831624785671094,-0.1716203940409371,-0.1764800356571436,0.013675846429835811,79
19,0.08674831390380859,0.02822793703028073,0.15632920265197753,0.03907636277199794,uniform,24,21,kd_tree,"{'weights': 'uniform', 'n_neighbors': 24, 'leaf_size': 21, 'algorithm': 'kd_tree'}",-0.1604714289586647,-0.17527252778135957,-0.1668024354045584,-0.1937995998969336,-0.20066778683347644,-0.16613083810377305,-0.18826848585868183,-0.158604381125942,-0.1831624785671094,-0.1716203940409371,-0.1764800356571436,0.013675846429835811,79
77,0.08732945919036865,0.02396585949568734,0.13250951766967772,0.04077573306621305,uniform,24,22,ball_tree,"{'weights': 'uniform', 'n_neighbors': 24, 'leaf_size': 22, 'algorithm': 'ball_tree'}",-0.1604714289586647,-0.17527252778135957,-0.1668024354045584,-0.1937995998969336,-0.20066778683347644,-0.16613083810377305,-0.18826848585868183,-0.158604381125942,-0.1831624785671094,-0.1716203940409371,-0.1764800356571436,0.013675846429835811,79
90,0.08173072338104248,0.017806670577669707,0.15976858139038086,0.03381926180233951,uniform,25,17,ball_tree,"{'weights': 'uniform', 'n_neighbors': 25, 'leaf_size': 17, 'algorithm': 'ball_tree'}",-0.16098828977912655,-0.17451988135249963,-0.16659789943201148,-0.19507970631336427,-0.19983366918287093,-0.16707159293198284,-0.18738501818703693,-0.15934483120246892,-0.18394228606176746,-0.17062061671174217,-0.17653837911548712,0.013505071495827515,83
13,0.058868026733398436,0.02067457483862157,0.1638286828994751,0.052968098414911874,uniform,23,25,ball_tree,"{'weights': 'uniform', 'n_neighbors': 23, 'leaf_size': 25, 'algorithm': 'ball_tree'}",-0.1624714244406951,-0.17413584164006818,-0.1676770345721781,-0.19384106045738028,-0.200187031287201,-0.1659701850588547,-0.18808120363120134,-0.15728812765109537,-0.1848295897621005,-0.1718462438665408,-0.17663277423673157,0.013590376249647346,84
56,0.08623747825622559,0.02349177891114238,0.1722424268722534,0.0529182635285856,distance,35,36,kd_tree,"{'weights': 'distance', 'n_neighbors': 35, 'leaf_size': 36, 'algorithm': 'kd_tree'}",-0.1604560944527652,-0.17230846782457376,-0.1691832759465657,-0.1977772255059152,-0.19948452226643057,-0.16384930239559745,-0.18735918338177165,-0.1603905922616766,-0.1828495383695436,-0.1731535002516449,-0.17668117026564847,0.013777450380251681,85
74,0.12067434787750245,0.03652282007143767,0.20273230075836182,0.05058793951459439,uniform,26,24,kd_tree,"{'weights': 'uniform', 'n_neighbors': 26, 'leaf_size': 24, 'algorithm': 'kd_tree'}",-0.16040447516512338,-0.17512087361531886,-0.16843862986475108,-0.19578302639621137,-0.19988568143455124,-0.16732185779032485,-0.1870574203752748,-0.15946120448565798,-0.18303022281637854,-0.17241693041473966,-0.17689203223583316,0.013373388304461182,86
64,0.07447166442871093,0.0372219649740711,0.13066539764404297,0.05065805153407891,uniform,28,36,ball_tree,"{'weights': 'uniform', 'n_neighbors': 28, 'leaf_size': 36, 'algorithm': 'ball_tree'}",-0.15979564932682447,-0.17233814191273253,-0.16945851014513397,-0.19688873287119152,-0.20063148023691693,-0.16689010047226596,-0.1884596560640098,-0.1605362302239646,-0.18475603878924785,-0.17396337158246056,-0.1773717911624748,0.013788363534219805,87
23,0.09254665374755859,0.024147809380856554,0.1614060878753662,0.04208150008324424,uniform,28,41,kd_tree,"{'weights': 'uniform', 'n_neighbors': 28, 'leaf_size': 41, 'algorithm': 'kd_tree'}",-0.15979564932682447,-0.17233814191273253,-0.16945851014513397,-0.19688873287119152,-0.20063148023691693,-0.16689010047226596,-0.1884596560640098,-0.1605362302239646,-0.18475603878924785,-0.17396337158246056,-0.1773717911624748,0.013788363534219805,87
57,0.11629986763000488,0.04732158282370403,0.1759492874145508,0.08160065360441697,uniform,30,20,ball_tree,"{'weights': 'uniform', 'n_neighbors': 30, 'leaf_size': 20, 'algorithm': 'ball_tree'}",-0.15983626935200348,-0.17300165381766802,-0.1690784483754138,-0.19727591212397227,-0.2004477792342307,-0.16703441264024307,-0.18892478895170067,-0.1615340214640987,-0.1847149054338189,-0.174459357414362,-0.17763075488075117,0.013700176984306865,89
95,0.06986329555511475,0.013121802459518278,0.1564206600189209,0.03609065452510225,uniform,30,39,ball_tree,"{'weights': 'uniform', 'n_neighbors': 30, 'leaf_size': 39, 'algorithm': 'ball_tree'}",-0.15983626935200348,-0.17300165381766802,-0.1690784483754138,-0.19727591212397227,-0.2004477792342307,-0.16703441264024307,-0.18892478895170067,-0.1615340214640987,-0.1847149054338189,-0.174459357414362,-0.17763075488075117,0.013700176984306865,89
91,0.0704000473022461,0.008711980587406958,0.16835176944732666,0.041818931359474766,uniform,30,39,kd_tree,"{'weights': 'uniform', 'n_neighbors': 30, 'leaf_size': 39, 'algorithm': 'kd_tree'}",-0.15983626935200348,-0.17300165381766802,-0.1690784483754138,-0.19727591212397227,-0.2004477792342307,-0.16703441264024307,-0.18892478895170067,-0.1615340214640987,-0.1847149054338189,-0.174459357414362,-0.17763075488075117,0.013700176984306865,89
8,0.1110154628753662,0.03645321235043445,0.1613450527191162,0.04072552709296533,uniform,29,29,kd_tree,"{'weights': 'uniform', 'n_neighbors': 29, 'leaf_size': 29, 'algorithm': 'kd_tree'}",-0.15967522672856102,-0.17309464983682038,-0.16850623937152648,-0.19729645663091047,-0.20062914132396736,-0.16749780224840677,-0.1894071440235662,-0.16131849932442519,-0.18547059778183117,-0.17500900095417424,-0.17779047582241891,0.013847133284509748,92
59,0.07514865398406982,0.020204087572136945,0.12902724742889404,0.041350527425564484,uniform,29,42,kd_tree,"{'weights': 'uniform', 'n_neighbors': 29, 'leaf_size': 42, 'algorithm': 'kd_tree'}",-0.15967522672856102,-0.17309464983682038,-0.16850623937152648,-0.19729645663091047,-0.20062914132396736,-0.16749780224840677,-0.1894071440235662,-0.16131849932442519,-0.18547059778183117,-0.17500900095417424,-0.17779047582241891,0.013847133284509748,92
48,0.06462938785552978,0.02208212410015268,0.19018130302429198,0.0646644225150764,uniform,29,37,ball_tree,"{'weights': 'uniform', 'n_neighbors': 29, 'leaf_size': 37, 'algorithm': 'ball_tree'}",-0.15967522672856102,-0.17309464983682038,-0.16850623937152648,-0.19729645663091047,-0.20062914132396736,-0.16749780224840677,-0.1894071440235662,-0.16131992796182854,-0.18547059778183117,-0.17500900095417424,-0.17779061868615925,0.013846963345308664,94
49,0.06638388633728028,0.005783121052568456,0.16807830333709717,0.051717960969872946,uniform,31,37,kd_tree,"{'weights': 'uniform', 'n_neighbors': 31, 'leaf_size': 37, 'algorithm': 'kd_tree'}",-0.1609471075705476,-0.17368613722355772,-0.16841251509860014,-0.1983359131264059,-0.2001791040610674,-0.1658760048759066,-0.18879389528919385,-0.16225312878869907,-0.18416230476141254,-0.1754101905015403,-0.17780563012969314,0.013647560740329504,95
94,0.11056420803070069,0.038038995540126776,0.1906970739364624,0.046672855349763356,uniform,31,31,kd_tree,"{'weights': 'uniform', 'n_neighbors': 31, 'leaf_size': 31, 'algorithm': 'kd_tree'}",-0.1609471075705476,-0.17368613722355772,-0.16841251509860014,-0.1983359131264059,-0.2001791040610674,-0.1658760048759066,-0.18879389528919385,-0.16225312878869907,-0.18416230476141254,-0.1754101905015403,-0.17780563012969314,0.013647560740329504,95
79,0.10069622993469238,0.04924764654375106,0.20195255279541016,0.05045055085587628,uniform,32,27,kd_tree,"{'weights': 'uniform', 'n_neighbors': 32, 'leaf_size': 27, 'algorithm': 'kd_tree'}",-0.16128763548513092,-0.17352291424491945,-0.16883002377107378,-0.19908106436997186,-0.20027446839702195,-0.1654311679596421,-0.1886759670641825,-0.16199593814433902,-0.18342930830668874,-0.1758911387112768,-0.1778419626454247,0.013732282548724016,97
18,0.08669204711914062,0.03686653501647113,0.15194091796875,0.06093377410162722,uniform,32,39,ball_tree,"{'weights': 'uniform', 'n_neighbors': 32, 'leaf_size': 39, 'algorithm': 'ball_tree'}",-0.16128763548513092,-0.17352291424491945,-0.16883002377107378,-0.19908106436997186,-0.20027446839702195,-0.1654311679596421,-0.1886759670641825,-0.16199593814433902,-0.18342930830668874,-0.1758911387112768,-0.1778419626454247,0.013732282548724016,97
14,0.07534878253936768,0.0346033140157324,0.18950273990631103,0.04293053090262423,uniform,33,24,ball_tree,"{'weights': 'uniform', 'n_neighbors': 33, 'leaf_size': 24, 'algorithm': 'ball_tree'}",-0.16112401665204193,-0.17479677242318978,-0.16900912463252626,-0.19876310441643083,-0.20112366238838997,-0.1653730016480931,-0.18919097723230624,-0.16260752545524787,-0.1826885096089228,-0.17576957073057337,-0.1780446265187722,0.013748636082258086,99
85,0.08977141380310058,0.038863818610923445,0.15474295616149902,0.04705502843720738,uniform,35,27,ball_tree,"{'weights': 'uniform', 'n_neighbors': 35, 'leaf_size': 27, 'algorithm': 'ball_tree'}",-0.16203817432888085,-0.17469241061248575,-0.17085644977353845,-0.1992268504232581,-0.20122693317933527,-0.1653884263475262,-0.18836838585372057,-0.16306005793836859,-0.1839698708473458,-0.17582195538405543,-0.1784649514688515,0.013545473271782432,100
