,mean_fit_time,std_fit_time,mean_score_time,std_score_time,param_lambda_2,param_lambda_1,param_alpha_2,param_alpha_1,params,split0_test_score,split1_test_score,split2_test_score,split3_test_score,split4_test_score,split5_test_score,split6_test_score,split7_test_score,split8_test_score,split9_test_score,mean_test_score,std_test_score,rank_test_score
56,0.5311166763305664,0.04806287967899837,0.012809133529663086,0.002298722629029261,3.890745372686343e-07,6.012506253126563e-06,1.4162081040520259e-06,6.786893446723361e-06,"{'lambda_2': 3.890745372686343e-07, 'lambda_1': 6.012506253126563e-06, 'alpha_2': 1.4162081040520259e-06, 'alpha_1': 6.786893446723361e-06}",-0.11753964785607594,-0.09436241479601992,-0.10372571066814966,-0.12175984787168094,-0.1383892560486837,-0.0963611196780717,-0.1160917878729748,-0.09395981227858885,-0.09257629007059413,-0.1213704988928364,-0.10961363860336762,0.014821567622688396,1
13,0.4605594873428345,0.044562017487772575,0.011450648307800293,0.0023689455053557814,3.836118059029515e-07,6.6098049024512255e-06,1.2161080540270135e-06,2.800900450225113e-06,"{'lambda_2': 3.836118059029515e-07, 'lambda_1': 6.6098049024512255e-06, 'alpha_2': 1.2161080540270135e-06, 'alpha_1': 2.800900450225113e-06}",-0.11753964787635647,-0.0943624148331267,-0.10372571066719997,-0.12175984790379142,-0.13838925599192578,-0.09636111966777654,-0.11609178785582752,-0.09395981229866927,-0.09257629020061814,-0.12137049889369192,-0.10961363861889836,0.014821567594776371,2
90,0.5003138065338135,0.08577124467585462,0.015529727935791016,0.0088721579034632,3.5629814907453725e-07,5.7453726863431715e-06,1.1160580290145072e-06,1.6803401700850426e-06,"{'lambda_2': 3.5629814907453725e-07, 'lambda_1': 5.7453726863431715e-06, 'alpha_2': 1.1160580290145072e-06, 'alpha_1': 1.6803401700850426e-06}",-0.11753964807222791,-0.09436241516739412,-0.10372571065828995,-0.12175984824299396,-0.13838925512666742,-0.09636111956840834,-0.11609178768575412,-0.09395981248423346,-0.09257629131114703,-0.12137049890351238,-0.10961363872206287,0.014821567285996306,3
28,0.5590591192245483,0.1273316660836354,0.014772582054138183,0.005930202174966966,3.8887943971985995e-07,6.422211105552776e-06,3.7893946973486746e-06,3.473236618309155e-06,"{'lambda_2': 3.8887943971985995e-07, 'lambda_1': 6.422211105552776e-06, 'alpha_2': 3.7893946973486746e-06, 'alpha_1': 3.473236618309155e-06}",-0.11753964832386496,-0.09436241556482912,-0.10372571064698999,-0.12175984873633083,-0.13838925339117006,-0.09636111943415446,-0.11609178745635516,-0.09395981271538831,-0.09257629248958262,-0.12137049891935973,-0.10961363876780253,0.01482156680585391,4
76,0.4795340061187744,0.0636639497383561,0.01303565502166748,0.004439742547186218,3.5103051525762883e-07,4.552276138069034e-06,1.6163081540770385e-06,2.884942471235618e-06,"{'lambda_2': 3.5103051525762883e-07, 'lambda_1': 4.552276138069034e-06, 'alpha_2': 1.6163081540770385e-06, 'alpha_1': 2.884942471235618e-06}",-0.11753964819543562,-0.09436241537089092,-0.10372571065273059,-0.12175984846721609,-0.13838925446454337,-0.09636111950495983,-0.11609178757682306,-0.09395981259916636,-0.09257629196091888,-0.12137049891028619,-0.10961363877029709,0.014821567076311439,5
33,0.5741771936416626,0.14405431508840413,0.01367032527923584,0.004230305837282785,3.5863931965982994e-07,5.374687343671836e-06,2.6888444222111056e-06,6.734867433716858e-06,"{'lambda_2': 3.5863931965982994e-07, 'lambda_1': 5.374687343671836e-06, 'alpha_2': 2.6888444222111056e-06, 'alpha_1': 6.734867433716858e-06}",-0.11753964834147367,-0.09436241560714215,-0.10372571064614386,-0.12175984874368564,-0.1383892535639885,-0.09636111942813319,-0.11609178744553013,-0.09395981273460892,-0.09257629268780099,-0.12137049891893649,-0.10961363881174435,0.014821566811846642,6
25,0.5718242645263671,0.10368898101572811,0.013409686088562012,0.005109751049793668,3.561030515257629e-07,6.165582791395698e-06,2.7328664332166086e-06,3.065032516258129e-06,"{'lambda_2': 3.561030515257629e-07, 'lambda_1': 6.165582791395698e-06, 'alpha_2': 2.7328664332166086e-06, 'alpha_1': 3.065032516258129e-06}",-0.1175396483863421,-0.09436241568332916,-0.10372571064408667,-0.12175984882371481,-0.13838925334081967,-0.09636111940472562,-0.11609178740600536,-0.09395981277736075,-0.09257629293447836,-0.1213704989213254,-0.1096136388322188,0.014821566737403202,7
81,0.5045885562896728,0.06966475091642003,0.010650205612182616,0.002847250026847725,3.4712856428214105e-07,6.758379189594797e-06,2.2606303151575786e-06,4.309654827413707e-06,"{'lambda_2': 3.4712856428214105e-07, 'lambda_1': 6.758379189594797e-06, 'alpha_2': 2.2606303151575786e-06, 'alpha_1': 4.309654827413707e-06}",-0.11753964837338968,-0.09436241566689345,-0.10372571064464181,-0.12175984879170296,-0.13838925350195208,-0.09636111941225961,-0.11609178741901592,-0.09395981276647872,-0.09257629290339511,-0.12137049892013997,-0.10961363883998694,0.01482156677156303,8
72,0.47523643970489504,0.037993741853842265,0.01110529899597168,0.001421809795167141,3.328864432216108e-07,4.7848924462231115e-06,2.0965482741370683e-06,8.143571785892947e-06,"{'lambda_2': 3.328864432216108e-07, 'lambda_1': 4.7848924462231115e-06, 'alpha_2': 2.0965482741370683e-06, 'alpha_1': 8.143571785892947e-06}",-0.11753964842862039,-0.0943624157620961,-0.10372571064215207,-0.12175984888310933,-0.13838925330341248,-0.09636111938530868,-0.11609178737205506,-0.09395981281851352,-0.09257629323113392,-0.12137049892265847,-0.10961363887490601,0.014821566691151948,9
57,0.5606017589569092,0.06705413418808547,0.018427228927612303,0.008007111159253996,3.313256628314157e-07,4.9694847423711855e-06,2.1885942971485743e-06,4.52176088044022e-06,"{'lambda_2': 3.313256628314157e-07, 'lambda_1': 4.9694847423711855e-06, 'alpha_2': 2.1885942971485743e-06, 'alpha_1': 4.52176088044022e-06}",-0.11753964846777017,-0.09436241582780572,-0.10372571064036756,-0.1217598489538029,-0.1383892530993166,-0.09636111936489773,-0.11609178733745273,-0.09395981285554654,-0.09257629344183495,-0.12137049892478737,-0.10961363889135822,0.014821566625073938,10
59,0.5134299039840698,0.03580181944422068,0.015108561515808106,0.006332462623963603,3.29959979989995e-07,6.5602801400700344e-06,2.3206603301650824e-06,5.438219109554777e-06,"{'lambda_2': 3.29959979989995e-07, 'lambda_1': 6.5602801400700344e-06, 'alpha_2': 2.3206603301650824e-06, 'alpha_1': 5.438219109554777e-06}",-0.11753964852065857,-0.09436241591673239,-0.10372571063794786,-0.12175984904949273,-0.13838925282146378,-0.09636111933721908,-0.11609178729061492,-0.09395981290566821,-0.0925762937266899,-0.12137049892767668,-0.10961363891341643,0.014821566535364624,11
27,0.5871883153915405,0.11134530594997745,0.013625550270080566,0.0050561913404749475,3.9005002501250624e-07,4.576288144072036e-06,6.618809404702351e-06,7.651325662831415e-06,"{'lambda_2': 3.9005002501250624e-07, 'lambda_1': 4.576288144072036e-06, 'alpha_2': 6.618809404702351e-06, 'alpha_1': 7.651325662831415e-06}",-0.11753964882866189,-0.0943624163904811,-0.10372571062421374,-0.12175984967263702,-0.13838925048761555,-0.0963611191714869,-0.11609178700645914,-0.0939598131850558,-0.09257629508033942,-0.12137049894813964,-0.10961363893950901,0.014821565920502834,12
77,0.4884809494018555,0.030044236043466063,0.009898638725280762,0.0014231429681028254,3.104502251125563e-07,4.720360180090045e-06,1.6283141570785392e-06,1.1240620310155077e-06,"{'lambda_2': 3.104502251125563e-07, 'lambda_1': 4.720360180090045e-06, 'alpha_2': 1.6283141570785392e-06, 'alpha_1': 1.1240620310155077e-06}",-0.1175396485339691,-0.09436241594696282,-0.10372571063732042,-0.12175984905812796,-0.138389252918801,-0.0963611193323037,-0.1160917872818662,-0.09395981291982752,-0.09257629386274986,-0.1213704989275314,-0.109613638941946,0.014821566535506148,13
19,0.5565751075744629,0.12013262644694724,0.01853325366973877,0.00805977109329132,3.937568784392196e-07,4.537268634317158e-06,7.195097548774387e-06,6.242621310655328e-06,"{'lambda_2': 3.937568784392196e-07, 'lambda_1': 4.537268634317158e-06, 'alpha_2': 7.195097548774387e-06, 'alpha_1': 6.242621310655328e-06}",-0.11753964891116123,-0.0943624165242328,-0.10372571062049152,-0.12175984982837149,-0.13838924998376206,-0.09636111912810541,-0.11609178693237641,-0.09395981326166933,-0.09257629549281055,-0.12137049895300069,-0.10961363896359815,0.01482156577176187,14
30,0.5387119054794312,0.08235410272484946,0.014408445358276368,0.006030054647193992,3.207903951975988e-07,4.2476238119059524e-06,3.2331165582791394e-06,7.099049524762381e-06,"{'lambda_2': 3.207903951975988e-07, 'lambda_1': 4.2476238119059524e-06, 'alpha_2': 3.2331165582791394e-06, 'alpha_1': 7.099049524762381e-06}",-0.11753964874124777,-0.09436241628083049,-0.10372571062799704,-0.12175984945123454,-0.13838925163271495,-0.09636111922361347,-0.11609178709553708,-0.09395981311137297,-0.09257629488848983,-0.12137049893983066,-0.10961363899928689,0.014821566159543095,15
17,0.46407232284545896,0.031112851654003744,0.010884332656860351,0.0018436254864410547,3.892696348174087e-07,6.672836418209104e-06,7.327163581790896e-06,6.8669334667333665e-06,"{'lambda_2': 3.892696348174087e-07, 'lambda_1': 6.672836418209104e-06, 'alpha_2': 7.327163581790896e-06, 'alpha_1': 6.8669334667333665e-06}",-0.117539648996247,-0.0943624166681236,-0.10372571061660092,-0.12175984998055095,-0.13838924955587908,-0.09636111908383643,-0.11609178685737913,-0.09395981334244251,-0.09257629595822493,-0.12137049895754903,-0.10961363900168335,0.014821565630070158,16
0,0.5396544218063355,0.06496187632204287,0.010739326477050781,0.0022271944682278897,2.9250125062531264e-07,6.360680340170085e-06,1.4362181090545272e-06,8.883941970985494e-06,"{'lambda_2': 2.9250125062531264e-07, 'lambda_1': 6.360680340170085e-06, 'alpha_2': 1.4362181090545272e-06, 'alpha_1': 8.883941970985494e-06}",-0.1175396486479395,-0.09436241614342838,-0.10372571063211078,-0.12175984925294152,-0.1383892524430567,-0.09636111927459096,-0.11609178718329685,-0.09395981302838576,-0.09257629452191166,-0.12137049893310531,-0.10961363900607675,0.014821566359250702,17
85,0.48489644527435305,0.0336303988279586,0.012526440620422363,0.008742859395953536,3.223511755877939e-07,4.655827913956978e-06,3.573286643321661e-06,1.6483241620810404e-06,"{'lambda_2': 3.223511755877939e-07, 'lambda_1': 4.655827913956978e-06, 'alpha_2': 3.573286643321661e-06, 'alpha_1': 1.6483241620810404e-06}",-0.11753964880844377,-0.09436241639152013,-0.10372571062494496,-0.12175984957623288,-0.13838925124267093,-0.09636111918818911,-0.11609178703545259,-0.09395981317443593,-0.09257629523422496,-0.12137049894369323,-0.10961363902198085,0.01482156604083072,18
14,0.4880444288253784,0.06163715095730628,0.015899085998535158,0.006502963545452031,3.328864432216108e-07,5.101550775387694e-06,4.381690845422711e-06,2.5487743871935966e-06,"{'lambda_2': 3.328864432216108e-07, 'lambda_1': 5.101550775387694e-06, 'alpha_2': 4.381690845422711e-06, 'alpha_1': 2.5487743871935966e-06}",-0.11753964888104627,-0.09436241650582577,-0.10372571062168277,-0.12175984971941806,-0.13838925073277697,-0.09636111914931604,-0.1160917869690885,-0.09395981324108452,-0.09257629557089952,-0.12137049894831331,-0.10961363903394519,0.014821565901022437,19
32,0.5324255704879761,0.05889800508969728,0.012780475616455077,0.004069148264849714,3.5317658829414707e-07,5.07903951975988e-06,5.7983991995998e-06,1.5322661330665332e-06,"{'lambda_2': 3.5317658829414707e-07, 'lambda_1': 5.07903951975988e-06, 'alpha_2': 5.7983991995998e-06, 'alpha_1': 1.5322661330665332e-06}",-0.117539648989004,-0.09436241667316497,-0.10372571061685003,-0.12175984993659833,-0.13838924992828935,-0.09636111909111747,-0.11609178686964003,-0.09395981333952008,-0.09257629605225635,-0.12137049895542372,-0.10961363904518644,0.014821565687070638,20
80,0.5062518835067749,0.08869437739354807,0.011636996269226074,0.00243502141354304,3.084992496248124e-07,5.454227113556778e-06,3.4052026013006506e-06,4.593796898449224e-06,"{'lambda_2': 3.084992496248124e-07, 'lambda_1': 5.454227113556778e-06, 'alpha_2': 3.4052026013006506e-06, 'alpha_1': 4.593796898449224e-06}",-0.11753964889286474,-0.09436241653729535,-0.10372571062108586,-0.12175984972012485,-0.13838925089480028,-0.0963611191454699,-0.11609178696252007,-0.09395981325492694,-0.0925762957241792,-0.12137049894779812,-0.10961363907010653,0.01482156591088874,21
18,0.48305890560150144,0.033768476619445216,0.01132669448852539,0.0021477260051972246,2.9913456728364185e-07,6.684842421210605e-06,2.9409704852426214e-06,7.007003501750875e-06,"{'lambda_2': 2.9913456728364185e-07, 'lambda_1': 6.684842421210605e-06, 'alpha_2': 2.9409704852426214e-06, 'alpha_1': 7.007003501750875e-06}",-0.11753964888973593,-0.09436241653764607,-0.10372571062118828,-0.12175984970561463,-0.13838925100723287,-0.09636111914784903,-0.11609178696686331,-0.09395981325345021,-0.0925762957475456,-0.12137049894713811,-0.10961363908242638,0.014821565928715358,22
4,0.49088153839111326,0.03729643053668488,0.010773229598999023,0.0019696576854515736,3.670285142571286e-07,4.676838419209605e-06,7.459229614807403e-06,7.547273636818409e-06,"{'lambda_2': 3.670285142571286e-07, 'lambda_1': 4.676838419209605e-06, 'alpha_2': 7.459229614807403e-06, 'alpha_1': 7.547273636818409e-06}",-0.11753964917910766,-0.0943624169771822,-0.10372571060831372,-0.12175985030093284,-0.13838924870759844,-0.09636111899103221,-0.11609178669803627,-0.0939598135146696,-0.09257629697644917,-0.12137049896691615,-0.10961363909202385,0.014821565336782545,23
22,0.5653755187988281,0.07067293964506642,0.012424063682556153,0.002302951601602078,3.724912456228114e-07,6.4177088544272135e-06,8.171585792896448e-06,6.166583291645823e-06,"{'lambda_2': 3.724912456228114e-07, 'lambda_1': 6.4177088544272135e-06, 'alpha_2': 8.171585792896448e-06, 'alpha_1': 6.166583291645823e-06}",-0.11753964929358397,-0.0943624171642943,-0.1037257106031199,-0.12175985051618064,-0.13838924801790742,-0.09636111893051601,-0.11609178659525102,-0.09395981362167723,-0.09257629755536971,-0.12137049897362352,-0.10961363912715238,0.014821565131197274,24
68,0.5979353189468384,0.10918286330825598,0.014370346069335937,0.004792031657391331,2.872336168084042e-07,5.77088544272136e-06,3.3371685842921463e-06,4.397698849424712e-06,"{'lambda_2': 2.872336168084042e-07, 'lambda_1': 5.77088544272136e-06, 'alpha_2': 3.3371685842921463e-06, 'alpha_1': 4.397698849424712e-06}",-0.11753964905727035,-0.09436241681796603,-0.10372571061359782,-0.12175985000563869,-0.1383892501598768,-0.09636111906174988,-0.11609178681953833,-0.09395981341088773,-0.09257629665436187,-0.12137049895609303,-0.10961363915569806,0.014821565650310195,25
84,0.48712668418884275,0.052424502494480475,0.01103065013885498,0.0031326329043406625,3.1864432216108053e-07,4.207103551775888e-06,5.474237118559279e-06,8.799899949974988e-06,"{'lambda_2': 3.1864432216108053e-07, 'lambda_1': 4.207103551775888e-06, 'alpha_2': 5.474237118559279e-06, 'alpha_1': 8.799899949974988e-06}",-0.11753964918527551,-0.09436241701048081,-0.10372571060792452,-0.12175985027090983,-0.13838924912145434,-0.0963611189925169,-0.11609178670037192,-0.09395981352569327,-0.09257629718752286,-0.12137049896494102,-0.1096136391567091,0.014821565385975457,26
26,0.5832390785217285,0.15777092394386277,0.015458321571350098,0.0051328554019578285,3.283991995997999e-07,6.0830415207603805e-06,5.938469234617308e-06,7.831415707853927e-06,"{'lambda_2': 3.283991995997999e-07, 'lambda_1': 6.0830415207603805e-06, 'alpha_2': 5.938469234617308e-06, 'alpha_1': 7.831415707853927e-06}",-0.1175396492178809,-0.09436241706118803,-0.10372571060644384,-0.12175985033837819,-0.13838924885852838,-0.09636111897423755,-0.11609178666980526,-0.093959813555878,-0.09257629732814411,-0.1213704989672035,-0.10961363915776878,0.014821565318168485,27
38,0.47065029144287107,0.02341270924007771,0.012409615516662597,0.005361688738744978,3.1357178589294646e-07,6.740370185092546e-06,5.634317158579289e-06,3.821410705352676e-06,"{'lambda_2': 3.1357178589294646e-07, 'lambda_1': 6.740370185092546e-06, 'alpha_2': 5.634317158579289e-06, 'alpha_1': 3.821410705352676e-06}",-0.11753964929532167,-0.09436241719679475,-0.10372571060288444,-0.1217598504680996,-0.13838924856431836,-0.09636111893503113,-0.11609178660326387,-0.09395981363038537,-0.09257629778874747,-0.12137049897085198,-0.10961363920556985,0.014821565202079315,28
64,0.47322838306427,0.033409971463779144,0.012663149833679199,0.005075688556144693,2.3767883941970987e-07,5.002501250625312e-06,1.4682341170585293e-06,7.143071535767884e-06,"{'lambda_2': 2.3767883941970987e-07, 'lambda_1': 5.002501250625312e-06, 'alpha_2': 1.4682341170585293e-06, 'alpha_1': 7.143071535767884e-06}",-0.11753964908912,-0.0943624168935083,-0.103725710612054,-0.12175985002242516,-0.13838925043498385,-0.09636111905006557,-0.11609178679916694,-0.09395981344577553,-0.09257629700029633,-0.12137049895552986,-0.10961363923029255,0.01482156565574828,29
78,0.49990143775939944,0.06235123134146175,0.012993574142456055,0.006677198709523772,3.1181590795397697e-07,5.148074037018509e-06,6.366683341670836e-06,1.7083541770885443e-06,"{'lambda_2': 3.1181590795397697e-07, 'lambda_1': 5.148074037018509e-06, 'alpha_2': 6.366683341670836e-06, 'alpha_1': 1.7083541770885443e-06}",-0.11753964943598096,-0.0943624174272673,-0.10372571059654448,-0.12175985072765118,-0.1383892477697468,-0.09636111886211644,-0.11609178647821616,-0.09395981376125252,-0.09257629851532248,-0.12137049897879273,-0.10961363925528911,0.014821564957487075,30
6,0.542837381362915,0.1102466473269875,0.0146026611328125,0.006924057410910166,2.491895947973987e-07,5.386693346673336e-06,2.5727863931965983e-06,6.5747873936968485e-06,"{'lambda_2': 2.491895947973987e-07, 'lambda_1': 5.386693346673336e-06, 'alpha_2': 2.5727863931965983e-06, 'alpha_1': 6.5747873936968485e-06}",-0.11753964921259834,-0.09436241709098678,-0.10372571060649315,-0.121759850260498,-0.1383892496268829,-0.09636111898454926,-0.11609178668733044,-0.09395981355984566,-0.09257629759640534,-0.12137049896308486,-0.10961363925886747,0.014821565425870861,31
71,0.48527958393096926,0.030957408913919484,0.010337638854980468,0.001895712899398702,3.0069534767383694e-07,4.1740870435217605e-06,5.914457228614307e-06,6.3826913456728365e-06,"{'lambda_2': 3.0069534767383694e-07, 'lambda_1': 4.1740870435217605e-06, 'alpha_2': 5.914457228614307e-06, 'alpha_1': 6.3826913456728365e-06}",-0.11753964942026386,-0.09436241740534404,-0.1037257105972559,-0.1217598506899294,-0.13838924795263813,-0.09636111887168976,-0.11609178649397477,-0.09395981374712119,-0.09257629846917137,-0.12137049897740668,-0.10961363926247951,0.014821564997811081,32
95,0.5821000814437867,0.07737583386985275,0.015520858764648437,0.0054086788932204925,2.768934467233617e-07,4.790895447723862e-06,4.669834917458729e-06,3.917458729364682e-06,"{'lambda_2': 2.768934467233617e-07, 'lambda_1': 4.790895447723862e-06, 'alpha_2': 4.669834917458729e-06, 'alpha_1': 3.917458729364682e-06}",-0.11753964938713014,-0.0943624173636249,-0.10372571059867744,-0.12175985060749905,-0.13838924837087063,-0.09636111889100464,-0.11609178652736343,-0.09395981371939392,-0.09257629839180476,-0.12137049897434517,-0.1096136392831714,0.01482156508603017,33
3,0.4752269983291626,0.024671207168186694,0.01346437931060791,0.005372646776851035,2.630415207603802e-07,6.147573786893447e-06,3.737368684342171e-06,4.905952976488244e-06,"{'lambda_2': 2.630415207603802e-07, 'lambda_1': 6.147573786893447e-06, 'alpha_2': 3.737368684342171e-06, 'alpha_1': 4.905952976488244e-06}",-0.11753964933479695,-0.09436241728573688,-0.10372571060098773,-0.12175985049790888,-0.13838924880773495,-0.09636111891937474,-0.11609178657626452,-0.09395981367269324,-0.09257629817940041,-0.12137049897066644,-0.10961363928455647,0.014821565195646364,34
82,0.4790602445602417,0.078381833613442,0.013768196105957031,0.0064325152272126365,3.1181590795397697e-07,6.915957978989495e-06,7.0590295147573785e-06,6.4787393696848425e-06,"{'lambda_2': 3.1181590795397697e-07, 'lambda_1': 6.915957978989495e-06, 'alpha_2': 7.0590295147573785e-06, 'alpha_1': 6.4787393696848425e-06}",-0.11753964958018553,-0.09436241766506881,-0.1037257105900096,-0.12175985099361346,-0.1383892469569356,-0.09636111878682643,-0.11609178634981251,-0.09395981389621434,-0.09257629926519076,-0.12137049898694215,-0.10961363930707993,0.014821564706294466,35
87,0.5345408916473389,0.05649003978671874,0.012451934814453124,0.003972438002545071,2.8918459229614806e-07,6.788394197098549e-06,5.65032516258129e-06,2.0445222611305653e-06,"{'lambda_2': 2.8918459229614806e-07, 'lambda_1': 6.788394197098549e-06, 'alpha_2': 5.65032516258129e-06, 'alpha_1': 2.0445222611305653e-06}",-0.11753964950117249,-0.09436241754698617,-0.10372571059351507,-0.12175985082764636,-0.13838924762189886,-0.09636111883000355,-0.1160917864238652,-0.09395981382536256,-0.09257629894423267,-0.12137049898134865,-0.10961363930960315,0.014821564872889475,36
15,0.5381788015365601,0.06383936301277775,0.012394022941589356,0.003101482828809525,3.270335167583792e-07,6.953476738369184e-06,8.02751375687844e-06,4.017508754377188e-06,"{'lambda_2': 3.270335167583792e-07, 'lambda_1': 6.953476738369184e-06, 'alpha_2': 8.02751375687844e-06, 'alpha_1': 4.017508754377188e-06}",-0.11753964964684135,-0.09436241776736896,-0.10372571058702855,-0.12175985112986921,-0.13838924643689454,-0.09636111875056612,-0.11609178628798195,-0.09395981395683216,-0.09257629955347482,-0.12137049899145363,-0.10961363931083112,0.014821564571009815,37
93,0.5044905424118042,0.05693454741731264,0.012829470634460449,0.002773353013986671,2.129014507253627e-07,5.323661830915457e-06,1.2641320660330165e-06,1.8244122061030516e-06,"{'lambda_2': 2.129014507253627e-07, 'lambda_1': 5.323661830915457e-06, 'alpha_2': 1.2641320660330165e-06, 'alpha_1': 1.8244122061030516e-06}",-0.11753964926552057,-0.09436241719630786,-0.10372571060400154,-0.12175985032672555,-0.1383892496688761,-0.09636111896024893,-0.11609178664607711,-0.0939598136136916,-0.09257629800833615,-0.1213704989643191,-0.10961363932541046,0.014821565378972017,38
31,0.5506056308746338,0.09466737400919552,0.013589978218078613,0.007958756203733595,2.2616808404202102e-07,6.018509254627313e-06,2.616808404202101e-06,7.287143571785893e-06,"{'lambda_2': 2.2616808404202102e-07, 'lambda_1': 6.018509254627313e-06, 'alpha_2': 2.616808404202101e-06, 'alpha_1': 7.287143571785893e-06}",-0.11753964941474615,-0.09436241743466561,-0.10372571059728868,-0.12175985061418769,-0.1383892486948852,-0.0963611188813048,-0.11609178651102124,-0.09395981375129438,-0.09257629872898059,-0.12137049897342866,-0.10961363936018029,0.014821565101659578,39
53,0.4920374393463135,0.04411413518672743,0.012256264686584473,0.004206237822918646,3.254727363681841e-07,6.12656328164082e-06,8.787893946973487e-06,6.1945972986493245e-06,"{'lambda_2': 3.254727363681841e-07, 'lambda_1': 6.12656328164082e-06, 'alpha_2': 8.787893946973487e-06, 'alpha_1': 6.1945972986493245e-06}",-0.11753964979210693,-0.09436241800547171,-0.10372571058047589,-0.1217598513979198,-0.1383892456162069,-0.09636111867524394,-0.11609178615881194,-0.09395981409201064,-0.09257630030429888,-0.1213704989996568,-0.10961363936222035,0.014821564318326508,40
48,0.4650054216384888,0.045601375894124344,0.014430618286132813,0.007460188242190417,3.1981490745372687e-07,5.067033516758379e-06,8.66783391695848e-06,6.618809404702351e-06,"{'lambda_2': 3.1981490745372687e-07, 'lambda_1': 5.067033516758379e-06, 'alpha_2': 8.66783391695848e-06, 'alpha_1': 6.618809404702351e-06}",-0.1175396498024037,-0.09436241802405781,-0.10372571058001696,-0.12175985141279562,-0.13838924560261154,-0.09636111867061697,-0.11609178615052192,-0.09395981410177395,-0.09257630037371468,-0.12137049900000021,-0.10961363937185134,0.01482156430663059,41
52,0.4882591485977173,0.0675430277007147,0.014617156982421876,0.007172785546806123,2.431415707853927e-07,5.644822411205603e-06,3.933466733366683e-06,6.818909454727364e-06,"{'lambda_2': 2.431415707853927e-07, 'lambda_1': 5.644822411205603e-06, 'alpha_2': 3.933466733366683e-06, 'alpha_1': 6.818909454727364e-06}",-0.11753964952556324,-0.09436241760791335,-0.10372571059232782,-0.12175985083405504,-0.1383892479022141,-0.09636111882200901,-0.11609178640955288,-0.09395981385258301,-0.09257629923569291,-0.12137049898055405,-0.10961363937624653,0.014821564886567232,42
66,0.5004469633102417,0.044101798471679596,0.014556074142456054,0.005456498698870637,2.400200100050025e-07,4.931965982991495e-06,3.769384692346173e-06,2.684842421210605e-06,"{'lambda_2': 2.400200100050025e-07, 'lambda_1': 4.931965982991495e-06, 'alpha_2': 3.769384692346173e-06, 'alpha_1': 2.684842421210605e-06}",-0.11753964951903054,-0.09436241759859035,-0.10372571059261608,-0.12175985081943348,-0.13838924796697924,-0.09636111882569588,-0.11609178641586168,-0.09395981384682568,-0.09257629921267559,-0.12137049898003889,-0.10961363937777475,0.014821564901700598,43
1,0.49159114360809325,0.04930095198577652,0.012581658363342286,0.003340224253143734,3.0186593296648323e-07,4.498249124562281e-06,8.811905952976489e-06,4.301650825412706e-06,"{'lambda_2': 3.0186593296648323e-07, 'lambda_1': 4.498249124562281e-06, 'alpha_2': 8.811905952976489e-06, 'alpha_1': 4.301650825412706e-06}",-0.11753964997428473,-0.09436241831478925,-0.10372571057221029,-0.1217598517154338,-0.1383892447894125,-0.09636111858277312,-0.11609178600032077,-0.09395981426409161,-0.09257630132712587,-0.12137049900890039,-0.10961363945493423,0.014821564028395334,44
50,0.46651320457458495,0.02773253688585656,0.011559367179870605,0.0015417078736896714,1.8636818409204604e-07,6.782391195597799e-06,1.768384192096048e-06,1.6043021510755379e-06,"{'lambda_2': 1.8636818409204604e-07, 'lambda_1': 6.782391195597799e-06, 'alpha_2': 1.768384192096048e-06, 'alpha_1': 1.6043021510755379e-06}",-0.11753964959575665,-0.09436241775291429,-0.10372571058898303,-0.12175985091371917,-0.13838924804675123,-0.09636111879041252,-0.1160917863562766,-0.09395981392545616,-0.09257629981954077,-0.1213704989817377,-0.10961363947715481,0.014821564835904072,45
29,0.6355159282684326,0.14158143591291614,0.013257265090942383,0.002565798488872515,2.6694347173586794e-07,4.783391695847924e-06,7.075037518759379e-06,7.23511755877939e-06,"{'lambda_2': 2.6694347173586794e-07, 'lambda_1': 4.783391695847924e-06, 'alpha_2': 7.075037518759379e-06, 'alpha_1': 7.23511755877939e-06}",-0.1175396499237288,-0.09436241824887302,-0.10372571057440914,-0.12175985159175833,-0.1383892454042802,-0.09636111861246421,-0.11609178605101182,-0.09395981422086883,-0.0925763011973098,-0.12137049900433915,-0.10961363948290433,0.014821564160312918,46
54,0.4894124746322632,0.08492127843920282,0.014940381050109863,0.009928346327775759,2.5211605802901454e-07,5.268134067033517e-06,6.814907453726863e-06,6.022511255627813e-06,"{'lambda_2': 2.5211605802901454e-07, 'lambda_1': 5.268134067033517e-06, 'alpha_2': 6.814907453726863e-06, 'alpha_1': 6.022511255627813e-06}",-0.11753965000251593,-0.09436241838614164,-0.10372571057079984,-0.12175985172428255,-0.1383892450988337,-0.09636111857268426,-0.11609178598325372,-0.09395981429636704,-0.09257630166262519,-0.1213704990080751,-0.10961363953055789,0.01482156404153365,47
35,0.5771327972412109,0.1299098537970215,0.015775632858276368,0.005999328907724901,2.1212106053026513e-07,6.404202101050525e-06,4.529764882441221e-06,4.793896948474237e-06,"{'lambda_2': 2.1212106053026513e-07, 'lambda_1': 6.404202101050525e-06, 'alpha_2': 4.529764882441221e-06, 'alpha_1': 4.793896948474237e-06}",-0.11753964990544012,-0.09436241824776789,-0.10372571057506288,-0.12175985150932014,-0.13838924603580335,-0.09636111862679847,-0.11609178607624235,-0.09395981421099481,-0.09257630131780693,-0.12137049900058706,-0.10961363955058241,0.014821564261990343,48
2,0.48086693286895754,0.054460112241901046,0.012419509887695312,0.006571206449937236,2.1855927963981991e-07,4.948474237118559e-06,5.48624312156078e-06,6.4867433716858425e-06,"{'lambda_2': 2.1855927963981991e-07, 'lambda_1': 4.948474237118559e-06, 'alpha_2': 5.48624312156078e-06, 'alpha_1': 6.4867433716858425e-06}",-0.11753965001682304,-0.09436241842575897,-0.10372571057007605,-0.12175985172197665,-0.13838924532910293,-0.09636111856847196,-0.11609178597594084,-0.09395981431340046,-0.0925763018610252,-0.12137049900727133,-0.10961363957898473,0.01482156405815625,49
97,0.5704655647277832,0.10550724376323661,0.015224742889404296,0.0064285448434898565,2.0587793896948474e-07,4.294147073536768e-06,4.873936968484242e-06,6.7668834417208605e-06,"{'lambda_2': 2.0587793896948474e-07, 'lambda_1': 4.294147073536768e-06, 'alpha_2': 4.873936968484242e-06, 'alpha_1': 6.7668834417208605e-06}",-0.11753964999482,-0.09436241839520854,-0.10372571057105118,-0.12175985167076557,-0.1383892455683384,-0.09636111858125633,-0.11609178599757108,-0.09395981429403388,-0.09257630179207152,-0.1213704990054291,-0.10961363958705457,0.014821564111962355,50
94,0.5490089416503906,0.06690678477421272,0.014109492301940918,0.004128141871008485,2.3182591295647823e-07,5.121060530265132e-06,6.402701350675337e-06,2.852926463231616e-06,"{'lambda_2': 2.3182591295647823e-07, 'lambda_1': 5.121060530265132e-06, 'alpha_2': 6.402701350675337e-06, 'alpha_1': 2.852926463231616e-06}",-0.1175396500930998,-0.09436241854510885,-0.10372571056665007,-0.12175985187417808,-0.1383892447744632,-0.0963611185273159,-0.1160917859058613,-0.09395981438335892,-0.09257630220755163,-0.12137049901223085,-0.10961363958898188,0.014821563908670184,51
10,0.48840234279632566,0.05072929376824886,0.01232316493988037,0.0031552142446630276,1.7368684342171086e-07,5.991495747873937e-06,2.9529764882441223e-06,1.9964982491245623e-06,"{'lambda_2': 1.7368684342171086e-07, 'lambda_1': 5.991495747873937e-06, 'alpha_2': 2.9529764882441223e-06, 'alpha_1': 1.9964982491245623e-06}",-0.11753964991685222,-0.09436241828539567,-0.10372571057445236,-0.12175985149727483,-0.13838924633027685,-0.09636111862445533,-0.11609178607230052,-0.0939598142260776,-0.09257630152092786,-0.12137049899937867,-0.10961363960473917,0.014821564289936737,52
67,0.5650457859039306,0.06685829762408796,0.013006329536437988,0.0023451640740261384,1.5125062531265632e-07,6.104052026013006e-06,1.7003501750875439e-06,5.48624312156078e-06,"{'lambda_2': 1.5125062531265632e-07, 'lambda_1': 6.104052026013006e-06, 'alpha_2': 1.7003501750875439e-06, 'alpha_1': 5.48624312156078e-06}",-0.11753964985437418,-0.0943624181935169,-0.10372571057722882,-0.12175985136249172,-0.13838924689437024,-0.09636111865922989,-0.1160917861315828,-0.09395981417018372,-0.09257630128151659,-0.12137049899475087,-0.10961363961192457,0.01482156442694929,53
55,0.5024147272109986,0.09450455352573207,0.012063002586364746,0.003873237355695762,1.818809404702351e-07,4.052526263131565e-06,3.853426713356678e-06,7.71535767883942e-06,"{'lambda_2': 1.818809404702351e-07, 'lambda_1': 4.052526263131565e-06, 'alpha_2': 3.853426713356678e-06, 'alpha_1': 7.71535767883942e-06}",-0.11753964999026004,-0.09436241839917596,-0.10372571057120224,-0.1217598516418243,-0.13838924581662657,-0.09636111858597245,-0.11609178600550844,-0.09395981429237218,-0.09257630185725726,-0.12137049900401836,-0.10961363961642179,0.01482156414963267,54
37,0.4900528907775879,0.02993270613363591,0.011260652542114257,0.0015283280669755818,1.7290645322661332e-07,5.667333666833417e-06,3.349174587293647e-06,3.573286643321661e-06,"{'lambda_2': 1.7290645322661332e-07, 'lambda_1': 5.667333666833417e-06, 'alpha_2': 3.349174587293647e-06, 'alpha_1': 3.573286643321661e-06}",-0.11753964999267469,-0.09436241840970502,-0.10372571057103339,-0.1217598516371779,-0.13838924590199383,-0.09636111858513492,-0.11609178600487309,-0.0939598142966478,-0.09257630191295407,-0.12137049900365883,-0.10961363963158537,0.01482156415804279,55
11,0.4903891563415527,0.02986161534852941,0.012847113609313964,0.0033375916782652387,2.2967983991996e-07,6.455227613806904e-06,6.8629314657328665e-06,5.094047023511756e-06,"{'lambda_2': 2.2967983991996e-07, 'lambda_1': 6.455227613806904e-06, 'alpha_2': 6.8629314657328665e-06, 'alpha_1': 5.094047023511756e-06}",-0.11753965020998139,-0.09436241873903653,-0.10372571056134568,-0.12175985208783695,-0.13838924413639325,-0.09636111846645645,-0.1160917858021359,-0.09395981449306902,-0.0925763028238269,-0.12137049901872958,-0.10961363963388118,0.01482156370780221,56
74,0.5148109912872314,0.03920274458293829,0.012407207489013672,0.005028439454379148,1.4812906453226614e-07,4.667833916958479e-06,2.1845922961480743e-06,1.2241120560280139e-06,"{'lambda_2': 1.4812906453226614e-07, 'lambda_1': 4.667833916958479e-06, 'alpha_2': 2.1845922961480743e-06, 'alpha_1': 1.2241120560280139e-06}",-0.11753964996428055,-0.09436241837462797,-0.10372571057226979,-0.12175985156370839,-0.13838924629070967,-0.09636111860236785,-0.11609178603415475,-0.09395981427273606,-0.09257630185631936,-0.12137049900086826,-0.10961363965320425,0.014821564238085026,57
75,0.500364875793457,0.04712251450122574,0.0121063232421875,0.003605326687442612,2.156328164082041e-07,5.175087543771886e-06,6.76288144072036e-06,5.946473236618309e-06,"{'lambda_2': 2.156328164082041e-07, 'lambda_1': 5.175087543771886e-06, 'alpha_2': 6.76288144072036e-06, 'alpha_1': 5.946473236618309e-06}",-0.11753965028927003,-0.09436241887472455,-0.10372571055775032,-0.12175985222325178,-0.13838924380642206,-0.09636111842672826,-0.11609178573374686,-0.09395981456803176,-0.09257630327971078,-0.12137049902258923,-0.10961363967822257,0.014821563585805646,58
20,0.5492158651351928,0.0605002486648001,0.014277791976928711,0.0023336338305001082,2.3670335167583793e-07,4.010505252626313e-06,8.239619809904952e-06,5.726363181590795e-06,"{'lambda_2': 2.3670335167583793e-07, 'lambda_1': 4.010505252626313e-06, 'alpha_2': 8.239619809904952e-06, 'alpha_1': 5.726363181590795e-06}",-0.11753965038793752,-0.09436241902519306,-0.1037257105533633,-0.12175985242472229,-0.13838924303870773,-0.096361118373524,-0.11609178564241064,-0.09395981465715733,-0.09257630370458028,-0.1213704990292468,-0.10961363968368429,0.014821563386275917,59
5,0.4800968408584595,0.032557614659795744,0.010756278038024902,0.0016256734744814249,2.489944972486243e-07,6.552776388194097e-06,8.915957978989496e-06,2.0045022511255627e-06,"{'lambda_2': 2.489944972486243e-07, 'lambda_1': 6.552776388194097e-06, 'alpha_2': 8.915957978989496e-06, 'alpha_1': 2.0045022511255627e-06}",-0.11753965045319212,-0.09436241912926839,-0.10372571055039008,-0.12175985255414172,-0.138389242573096,-0.09636111833778473,-0.11609178558238781,-0.09395981471797828,-0.09257630400863286,-0.12137049903345964,-0.10961363969403318,0.014821563258915123,60
36,0.5227984666824341,0.08014777366849345,0.014474153518676758,0.003928008788133758,1.7134567283641823e-07,4.7158579289644816e-06,4.445722861430716e-06,2.9329664832416206e-06,"{'lambda_2': 1.7134567283641823e-07, 'lambda_1': 4.7158579289644816e-06, 'alpha_2': 4.445722861430716e-06, 'alpha_1': 2.9329664832416206e-06}",-0.11753965020621696,-0.0943624187601477,-0.10372571056139454,-0.12175985203141254,-0.138389244693772,-0.0963611184741631,-0.11609178581489761,-0.0939598144956579,-0.09257630301712723,-0.12137049901573298,-0.10961363970705226,0.01482156378615381,61
98,0.5049525260925293,0.0611618495608824,0.011631274223327636,0.0029305734272199627,2.2265632816408204e-07,5.860930465232616e-06,7.975487743871937e-06,6.586793396698349e-06,"{'lambda_2': 2.2265632816408204e-07, 'lambda_1': 5.860930465232616e-06, 'alpha_2': 7.975487743871937e-06, 'alpha_1': 6.586793396698349e-06}",-0.11753965047130623,-0.09436241917065792,-0.1037257105495321,-0.12175985256566738,-0.13838924270793476,-0.09636111833111381,-0.1160917855704865,-0.09395981473728907,-0.09257630419569828,-0.12137049903324794,-0.10961363973329341,0.014821563259298872,62
46,0.48618373870849607,0.03811686816154648,0.012235903739929199,0.002433808302905053,1.6900450225112557e-07,4.129064532266133e-06,4.8539269634817406e-06,4.6538269134567286e-06,"{'lambda_2': 1.6900450225112557e-07, 'lambda_1': 4.129064532266133e-06, 'alpha_2': 4.8539269634817406e-06, 'alpha_1': 4.6538269134567286e-06}",-0.11753965029382614,-0.09436241890429797,-0.10372571055744471,-0.12175985219196077,-0.13838924421095314,-0.09636111842889813,-0.11609178573721765,-0.09395981457727942,-0.09257630347461077,-0.12137049902061807,-0.10961363973971068,0.014821563635413466,63
49,0.5174166440963746,0.09023002968739191,0.01322319507598877,0.004669625571058384,2.2538769384692347e-07,4.790895447723862e-06,8.571785892946474e-06,7.999499749874939e-06,"{'lambda_2': 2.2538769384692347e-07, 'lambda_1': 4.790895447723862e-06, 'alpha_2': 8.571785892946474e-06, 'alpha_1': 7.999499749874939e-06}",-0.1175396505487011,-0.0943624192951138,-0.10372571054606144,-0.12175985271199047,-0.1383892422325657,-0.0963611182907683,-0.11609178550106972,-0.09395981480861028,-0.09257630457934615,-0.12137049903781072,-0.10961363975520377,0.014821563119771407,64
63,0.524565863609314,0.0960152963016795,0.01150510311126709,0.0017184730251097106,1.6841920960480242e-07,4.487743871935968e-06,5.17008504252126e-06,1.7643821910955477e-06,"{'lambda_2': 1.6841920960480242e-07, 'lambda_1': 4.487743871935968e-06, 'alpha_2': 5.17008504252126e-06, 'alpha_1': 1.7643821910955477e-06}",-0.11753965036865968,-0.0943624190281743,-0.10372571055404671,-0.12175985232944064,-0.13838924379505738,-0.09636111838979856,-0.1160917856706704,-0.09395981464751285,-0.0925763038662497,-0.12137049902481906,-0.10961363976744294,0.014821563505809267,65
42,0.4955603837966919,0.09589536847818382,0.011576986312866211,0.0035046233120710904,1.3115557778889445e-07,5.377688844422211e-06,3.5012506253126566e-06,1.3721860930465233e-06,"{'lambda_2': 1.3115557778889445e-07, 'lambda_1': 5.377688844422211e-06, 'alpha_2': 3.5012506253126566e-06, 'alpha_1': 1.3721860930465233e-06}",-0.11753965036324575,-0.09436241903856057,-0.10372571055418307,-0.12175985228661675,-0.13838924418177634,-0.09636111839596578,-0.11609178568156168,-0.09395981464716709,-0.09257630398274581,-0.12137049902267849,-0.10961363981545014,0.01482156356241661,66
62,0.48751671314239503,0.06954652018372318,0.012363457679748535,0.00421859106052708,1.0793896948474236e-07,6.498749374687343e-06,2.7408704352176086e-06,7.903451725862932e-06,"{'lambda_2': 1.0793896948474236e-07, 'lambda_1': 6.498749374687343e-06, 'alpha_2': 2.7408704352176086e-06, 'alpha_1': 7.903451725862932e-06}",-0.11753965040748374,-0.09436241912281364,-0.10372571055212161,-0.12175985234813114,-0.138389244149945,-0.09636111837513393,-0.11609178564594214,-0.09395981469114004,-0.09257630430008516,-0.12137049902405007,-0.10961363986168464,0.01482156351434811,67
83,0.49991118907928467,0.03994689286178837,0.011055755615234374,0.0013214585025139887,1.83831915957979e-07,6.662331165582792e-06,7.5352676338169085e-06,5.00200100050025e-06,"{'lambda_2': 1.83831915957979e-07, 'lambda_1': 6.662331165582792e-06, 'alpha_2': 7.5352676338169085e-06, 'alpha_1': 5.00200100050025e-06}",-0.11753965071560189,-0.0943624195917821,-0.10372571053837633,-0.12175985298338149,-0.13838924168702135,-0.09636111820729386,-0.11609178535921164,-0.09395981497010567,-0.09257630560726078,-0.12137049904520869,-0.10961363987052439,0.014821562881435272,68
96,0.5879904270172119,0.05081904101544186,0.01408557891845703,0.0054290725735948115,8.472236118059029e-08,6.749374687343671e-06,1.5522761380690344e-06,4.109554777388694e-06,"{'lambda_2': 8.472236118059029e-08, 'lambda_1': 6.749374687343671e-06, 'alpha_2': 1.5522761380690344e-06, 'alpha_1': 4.109554777388694e-06}",-0.11753965037860949,-0.09436241908761017,-0.10372571055335643,-0.12175985227421592,-0.13838924453691961,-0.0963611183921944,-0.11609178567543815,-0.09395981466724858,-0.09257630424152662,-0.12137049902126743,-0.10961363988283868,0.014821563594247578,69
7,0.47664551734924315,0.06553460438425057,0.011880064010620117,0.001423406173650018,1.867583791895948e-07,5.928464232116058e-06,7.987493746873438e-06,3.6933466733366686e-06,"{'lambda_2': 1.867583791895948e-07, 'lambda_1': 5.928464232116058e-06, 'alpha_2': 7.987493746873438e-06, 'alpha_1': 3.6933466733366686e-06}",-0.11753965077257356,-0.09436241968331958,-0.10372571053582032,-0.12175985309168089,-0.13838924133083091,-0.09636111817741566,-0.11609178530796786,-0.09395981502269157,-0.0925763058877131,-0.12137049904860327,-0.10961363988586167,0.014821562777795448,70
70,0.4688441038131714,0.0290691938263472,0.011251878738403321,0.0022310999570501694,7.243121560780389e-08,5.013006503251626e-06,1.3321660830415207e-06,3.1290645322661334e-06,"{'lambda_2': 7.243121560780389e-08, 'lambda_1': 5.013006503251626e-06, 'alpha_2': 1.3321660830415207e-06, 'alpha_1': 3.1290645322661334e-06}",-0.11753965041870704,-0.09436241915790868,-0.1037257105515401,-0.12175985233881848,-0.1383892444119841,-0.09636111837273562,-0.11609178564165815,-0.0939598147053844,-0.09257630448742563,-0.12137049902299969,-0.10961363991091619,0.014821563538375796,71
79,0.5555771827697754,0.10740225292138784,0.012432575225830078,0.0024425006905579613,1.4461730865432716e-07,6.056028014007004e-06,6.0945472736368185e-06,5.306153076538269e-06,"{'lambda_2': 1.4461730865432716e-07, 'lambda_1': 6.056028014007004e-06, 'alpha_2': 6.0945472736368185e-06, 'alpha_1': 5.306153076538269e-06}",-0.117539650751596,-0.09436241966953154,-0.10372571053666332,-0.12175985301648345,-0.1383892418448013,-0.09636111819235922,-0.11609178533348394,-0.09395981500791427,-0.09257630593771018,-0.12137049904537071,-0.10961363993359138,0.014821562867018512,72
23,0.5407086610794067,0.0581968913570508,0.012528228759765624,0.0018597532972706608,1.2803401700850427e-07,4.793896948474237e-06,5.146073036518259e-06,2.708854427213607e-06,"{'lambda_2': 1.2803401700850427e-07, 'lambda_1': 4.793896948474237e-06, 'alpha_2': 5.146073036518259e-06, 'alpha_1': 2.708854427213607e-06}",-0.11753965069528913,-0.09436241958438625,-0.10372571053918123,-0.12175985289862344,-0.13838924231405286,-0.09636111822339626,-0.11609178538629102,-0.09395981495692524,-0.09257630570512343,-0.12137049904139985,-0.10961363993446689,0.01482156298545284,73
44,0.5372974157333374,0.04951330104577182,0.011770534515380859,0.002432173188265705,9.584292146073036e-08,5.6958479239619804e-06,3.645322661330665e-06,5.2341170585292646e-06,"{'lambda_2': 9.584292146073036e-08, 'lambda_1': 5.6958479239619804e-06, 'alpha_2': 3.645322661330665e-06, 'alpha_1': 5.2341170585292646e-06}",-0.11753965067552719,-0.09436241956833326,-0.10372571053998511,-0.12175985283384093,-0.13838924273266748,-0.09636111823666331,-0.11609178540912875,-0.09395981494241225,-0.0925763057269796,-0.1213704990386983,-0.10961363997042362,0.01482156306059783,74
69,0.5195974588394165,0.07245698075758712,0.014072895050048828,0.004536779795912488,8.335667833916957e-08,5.613306653326663e-06,3.4012006003001497e-06,6.8629314657328665e-06,"{'lambda_2': 8.335667833916957e-08, 'lambda_1': 5.613306653326663e-06, 'alpha_2': 3.4012006003001497e-06, 'alpha_1': 6.8629314657328665e-06}",-0.11753965072661843,-0.09436241965804056,-0.10372571053765156,-0.12175985291773278,-0.1383892425566556,-0.09636111821128934,-0.11609178536564227,-0.09395981499136105,-0.09257630603646073,-0.12137049904100194,-0.10961364000424542,0.014821562986701009,75
89,0.5429234981536866,0.09333669857853877,0.015503525733947754,0.009696955774432602,1.2062031015507754e-07,5.907453726863431e-06,5.9104552276138066e-06,4.285642821410705e-06,"{'lambda_2': 1.2062031015507754e-07, 'lambda_1': 5.907453726863431e-06, 'alpha_2': 5.9104552276138066e-06, 'alpha_1': 4.285642821410705e-06}",-0.11753965091223331,-0.09436241994502816,-0.1037257105293457,-0.12175985329292045,-0.13838924115425158,-0.09636111811091422,-0.11609178519428376,-0.09395981516053438,-0.09257630685707796,-0.12137049905333062,-0.10961364002099201,0.014821562616166626,76
88,0.4954946279525757,0.052116387320588986,0.016406846046447755,0.009529210107049746,8.062531265632815e-08,5.371685842921461e-06,3.8934467233616806e-06,6.618809404702351e-06,"{'lambda_2': 8.062531265632815e-08, 'lambda_1': 5.371685842921461e-06, 'alpha_2': 3.8934467233616806e-06, 'alpha_1': 6.618809404702351e-06}",-0.11753965084107344,-0.09436241984705998,-0.10372571053247574,-0.12175985312723178,-0.13838924192865318,-0.09636111815194494,-0.11609178526412929,-0.09395981509836025,-0.0925763066365847,-0.12137049904737597,-0.10961364004748893,0.014821562789911154,77
12,0.4873305320739746,0.04165473445224193,0.010512995719909667,0.0015748296897779605,1.0852426213106553e-07,5.1195597798899445e-06,5.930465232616308e-06,6.230615307653827e-06,"{'lambda_2': 1.0852426213106553e-07, 'lambda_1': 5.1195597798899445e-06, 'alpha_2': 5.930465232616308e-06, 'alpha_1': 6.230615307653827e-06}",-0.11753965100223777,-0.09436242009767604,-0.10372571052526519,-0.1217598534496093,-0.1383892407475985,-0.09636111806536823,-0.11609178511604692,-0.09395981524540718,-0.0925763073625759,-0.12137049905788497,-0.10961364006696699,0.014821562473268192,78
8,0.4769392967224121,0.03642101489082499,0.012054181098937989,0.0024520024940433006,8.959979989994997e-08,5.07903951975988e-06,5.102051025512756e-06,2.5327663831915957e-06,"{'lambda_2': 8.959979989994997e-08, 'lambda_1': 5.07903951975988e-06, 'alpha_2': 5.102051025512756e-06, 'alpha_1': 2.5327663831915957e-06}",-0.11753965100397987,-0.09436242011032352,-0.10372571052513185,-0.12175985343623737,-0.13838924091774038,-0.09636111806612492,-0.1160917851175705,-0.09395981524945024,-0.09257630744455736,-0.12137049905705509,-0.10961364009281711,0.014821562494084284,79
86,0.4865692138671875,0.07427580671154989,0.0157259464263916,0.009366372871409878,8.90145072536268e-08,6.741870935467734e-06,5.026013006503252e-06,2.892946473236618e-06,"{'lambda_2': 8.90145072536268e-08, 'lambda_1': 6.741870935467734e-06, 'alpha_2': 5.026013006503252e-06, 'alpha_1': 2.892946473236618e-06}",-0.11753965101240428,-0.09436242012602415,-0.10372571052472163,-0.1217598534502675,-0.13838924088687257,-0.09636111806151011,-0.11609178511021448,-0.09395981525807603,-0.09257630749757295,-0.12137049905745705,-0.10961364009851209,0.014821562481210243,80
9,0.4803861856460571,0.044326348297886245,0.012488937377929688,0.0016589225253307,1.3895947973986995e-07,6.302151075537769e-06,8.435717858929465e-06,6.8629314657328665e-06,"{'lambda_2': 1.3895947973986995e-07, 'lambda_1': 6.302151075537769e-06, 'alpha_2': 8.435717858929465e-06, 'alpha_1': 6.8629314657328665e-06}",-0.11753965124700046,-0.09436242048555213,-0.10372571051426238,-0.1217598539279721,-0.13838923907593176,-0.09636111793477199,-0.11609178489314119,-0.09395981547070757,-0.092576308516531,-0.12137049907322241,-0.10961364011390931,0.014821562008244204,81
34,0.506154227256775,0.08379358978420041,0.017485427856445312,0.007155274154002888,8.940470235117559e-08,6.758379189594797e-06,5.474237118559279e-06,8.82791395697849e-06,"{'lambda_2': 8.940470235117559e-08, 'lambda_1': 6.758379189594797e-06, 'alpha_2': 5.474237118559279e-06, 'alpha_1': 8.82791395697849e-06}",-0.1175396510845317,-0.09436242024342868,-0.1037257105214787,-0.12175985358444458,-0.1383892404675323,-0.09636111802409235,-0.11609178504589576,-0.09395981532490869,-0.09257630786535423,-0.12137049906158806,-0.10961364012232551,0.014821562354224795,82
24,0.5512790679931641,0.10819017209218483,0.010825848579406739,0.00216652699589288,5.818909454727364e-08,4.499749874937469e-06,3.921460730365182e-06,4.157578789394698e-06,"{'lambda_2': 5.818909454727364e-08, 'lambda_1': 4.499749874937469e-06, 'alpha_2': 3.921460730365182e-06, 'alpha_1': 4.157578789394698e-06}",-0.11753965102411246,-0.09436242015803475,-0.10372571052415844,-0.12175985344681713,-0.13838924109188844,-0.09636111805876121,-0.1160917851047056,-0.09395981527147863,-0.09257630766317199,-0.12137049905669849,-0.10961364013998272,0.014821562497579075,83
39,0.4740159273147583,0.0206190528625569,0.010495424270629883,0.001381260703340142,1.1560780390195097e-08,5.7453726863431715e-06,1.2041020510255128e-06,7.483241620810405e-06,"{'lambda_2': 1.1560780390195097e-08, 'lambda_1': 5.7453726863431715e-06, 'alpha_2': 1.2041020510255128e-06, 'alpha_1': 7.483241620810405e-06}",-0.11753965089108981,-0.09436241996340258,-0.10372571053003847,-0.1217598531598782,-0.13838924229283522,-0.09636111813236821,-0.11609178523078122,-0.093959815153065,-0.09257630715584973,-0.12137049904685815,-0.10961364015561666,0.014821562788876117,84
16,0.4956845760345459,0.03549193752043843,0.011441683769226075,0.002484167650348711,1.3706853426713357e-08,4.252126063031515e-06,1.6043021510755379e-06,5.2301150575287646e-06,"{'lambda_2': 1.3706853426713357e-08, 'lambda_1': 4.252126063031515e-06, 'alpha_2': 1.6043021510755379e-06, 'alpha_1': 5.2301150575287646e-06}",-0.11753965093754834,-0.09436242003744706,-0.10372571052796586,-0.12175985324847481,-0.13838924199919275,-0.09636111810814607,-0.11609178518901139,-0.0939598151956641,-0.0925763073820251,-0.12137049904963997,-0.10961364016751156,0.01482156270413738,85
47,0.47578229904174807,0.020490863031560766,0.010789012908935547,0.0017397412186011916,1.0696348174087043e-07,5.784392196098049e-06,7.283141570785392e-06,1.0520260130065032e-06,"{'lambda_2': 1.0696348174087043e-07, 'lambda_1': 5.784392196098049e-06, 'alpha_2': 7.283141570785392e-06, 'alpha_1': 1.0520260130065032e-06}",-0.11753965129163897,-0.09436242057485883,-0.10372571051216328,-0.12175985398280104,-0.1383892391225211,-0.09636111791442548,-0.11609178485856336,-0.09395981551620539,-0.09257630886805342,-0.12137049907420426,-0.10961364017154351,0.014821561970236713,86
65,0.4927790880203247,0.02268732029940095,0.011468148231506348,0.0020466377139823264,2.326663331665833e-08,6.587293646823411e-06,3.0090045022511257e-06,3.845422711355678e-06,"{'lambda_2': 2.326663331665833e-08, 'lambda_1': 6.587293646823411e-06, 'alpha_2': 3.0090045022511257e-06, 'alpha_1': 3.845422711355678e-06}",-0.11753965115822769,-0.09436242039746927,-0.10372571051797633,-0.12175985366334785,-0.13838924067030095,-0.09636111799179742,-0.11609178499097864,-0.09395981540153861,-0.09257630849646081,-0.12137049906256123,-0.10961364023506588,0.014821562308213057,87
41,0.46776905059814455,0.027204332123869024,0.010205793380737304,0.0009581122125169632,4.453226613306654e-08,6.458229114557279e-06,4.6538269134567286e-06,6.370685342671336e-06,"{'lambda_2': 4.453226613306654e-08, 'lambda_1': 6.458229114557279e-06, 'alpha_2': 4.6538269134567286e-06, 'alpha_1': 6.370685342671336e-06}",-0.11753965129428402,-0.09436242060987007,-0.10372571051188838,-0.1217598539336877,-0.1383892396928793,-0.096361117919006,-0.11609178486633323,-0.09395981552578418,-0.09257630911686604,-0.12137049907132454,-0.10961364025419233,0.014821562043583932,88
21,0.560776686668396,0.0552372369159791,0.014929795265197754,0.0047598682717345025,1.0852426213106553e-07,5.002501250625312e-06,8.731865932966484e-06,2.7608804402201103e-06,"{'lambda_2': 1.0852426213106553e-07, 'lambda_1': 5.002501250625312e-06, 'alpha_2': 8.731865932966484e-06, 'alpha_1': 2.7608804402201103e-06}",-0.11753965154490986,-0.0943624209888305,-0.10372571050073864,-0.12175985445329274,-0.1383892376579664,-0.09636111778251123,-0.11609178463268839,-0.09395981575183597,-0.09257631016510975,-0.1213704990886901,-0.10961364025665736,0.014821561524944462,89
58,0.544662356376648,0.07006535791151319,0.011484980583190918,0.0012651421306035836,5.994497248624312e-08,5.824912456228114e-06,6.12656328164082e-06,2.8449224612306154e-06,"{'lambda_2': 5.994497248624312e-08, 'lambda_1': 5.824912456228114e-06, 'alpha_2': 6.12656328164082e-06, 'alpha_1': 2.8449224612306154e-06}",-0.11753965145045564,-0.09436242085849117,-0.10372571050487228,-0.12175985423604874,-0.13838923865712127,-0.09636111783616808,-0.11609178472471969,-0.09395981566966571,-0.0925763098639975,-0.12137049908094878,-0.1096136402882489,0.014821561751222604,90
91,0.519512414932251,0.06013236589191109,0.013654112815856934,0.004476609412017269,9.291645822911455e-08,4.8809404702351175e-06,8.319659829914957e-06,1.5682841420710355e-06,"{'lambda_2': 9.291645822911455e-08, 'lambda_1': 4.8809404702351175e-06, 'alpha_2': 8.319659829914957e-06, 'alpha_1': 1.5682841420710355e-06}",-0.11753965159395177,-0.09436242107705405,-0.1037257104984833,-0.12175985453050804,-0.13838923752494237,-0.09636111775841116,-0.11609178459153731,-0.09395981579940846,-0.09257631047705196,-0.12137049909071694,-0.10961364029420653,0.014821561458715115,91
43,0.5610785245895386,0.06439770419828872,0.014541220664978028,0.0062558207261269524,3.048524262131066e-08,6.464232116058029e-06,5.890445222611306e-06,8.771885942971487e-06,"{'lambda_2': 3.048524262131066e-08, 'lambda_1': 6.464232116058029e-06, 'alpha_2': 5.890445222611306e-06, 'alpha_1': 8.771885942971487e-06}",-0.11753965164188192,-0.09436242118702726,-0.10372571049614976,-0.12175985456470682,-0.13838923784231102,-0.09636111773930373,-0.11609178455900082,-0.09395981585149137,-0.09257631096271675,-0.12137049909038967,-0.10961364039349793,0.014821561453406212,92
92,0.5195422887802124,0.07841547399969222,0.012278151512145997,0.0021418635597688853,4.1215607803901944e-08,4.829914957478739e-06,6.706853426713356e-06,3.1130565282641317e-06,"{'lambda_2': 4.1215607803901944e-08, 'lambda_1': 4.829914957478739e-06, 'alpha_2': 6.706853426713356e-06, 'alpha_1': 3.1130565282641317e-06}",-0.11753965170283004,-0.09436242128096016,-0.10372571049343975,-0.12175985468737056,-0.13838923738747505,-0.09636111770662871,-0.11609178450293094,-0.09395981590679624,-0.09257631123254756,-0.1213704990944006,-0.10961364039953796,0.014821561332785914,93
99,0.4640581846237183,0.06134267946174669,0.009124469757080079,0.0044643698639753905,2.4437218609304653e-08,4.829914957478739e-06,5.722361180590295e-06,3.6013006503251626e-06,"{'lambda_2': 2.4437218609304653e-08, 'lambda_1': 4.829914957478739e-06, 'alpha_2': 5.722361180590295e-06, 'alpha_1': 3.6013006503251626e-06}",-0.11753965164988403,-0.09436242120224432,-0.10372571049579157,-0.12175985457496208,-0.13838923784592402,-0.09636111773581459,-0.11609178455281051,-0.09395981585930205,-0.09257631102212335,-0.12137049909058474,-0.10961364040294415,0.014821561446227606,94
61,0.5099790334701538,0.07427064771395439,0.012935304641723632,0.005432338429069221,2.1705852926463232e-08,6.293146573286643e-06,5.674337168584292e-06,1.1520760380190094e-06,"{'lambda_2': 2.1705852926463232e-08, 'lambda_1': 6.293146573286643e-06, 'alpha_2': 5.674337168584292e-06, 'alpha_1': 1.1520760380190094e-06}",-0.1175396516840839,-0.09436242126150453,-0.10372571049420838,-0.12175985463474263,-0.13838923768919884,-0.09636111771790584,-0.11609178452284397,-0.09395981589232932,-0.09257631121684817,-0.12137049909234227,-0.10961364042060077,0.014821561391052068,95
40,0.4639336347579956,0.025304037581807746,0.011699938774108886,0.0018291307080701678,4.9019509754877434e-08,5.542771385692846e-06,7.4432216108054025e-06,1.5602801400700349e-06,"{'lambda_2': 4.9019509754877434e-08, 'lambda_1': 5.542771385692846e-06, 'alpha_2': 7.4432216108054025e-06, 'alpha_1': 1.5602801400700349e-06}",-0.1175396517914331,-0.09436242142347763,-0.10372571048944117,-0.1217598548574479,-0.13838923681595733,-0.09636111765954383,-0.1160917844227738,-0.09395981598897557,-0.09257631166460227,-0.12137049909978635,-0.10961364042134387,0.01482156116878729,96
73,0.4713373422622681,0.03304953398964497,0.015069985389709472,0.006052202279768837,1.8779389694847425e-08,4.591295647823912e-06,5.858429214607303e-06,2.800900450225113e-06,"{'lambda_2': 1.8779389694847425e-08, 'lambda_1': 4.591295647823912e-06, 'alpha_2': 5.858429214607303e-06, 'alpha_1': 2.800900450225113e-06}",-0.11753965172091649,-0.09436242132150231,-0.10372571049257108,-0.12175985470156951,-0.1383892374932086,-0.09636111769935124,-0.11609178449045156,-0.09395981592616796,-0.09257631140941364,-0.12137049909434691,-0.10961364043494992,0.014821561329031677,97
60,0.5316753149032593,0.06910188838601208,0.01366596221923828,0.0023943919973487115,3.1265632816408205e-08,6.7058529264632315e-06,6.738869434717359e-06,7.3991995997999e-06,"{'lambda_2': 3.1265632816408205e-08, 'lambda_1': 6.7058529264632315e-06, 'alpha_2': 6.738869434717359e-06, 'alpha_1': 7.3991995997999e-06}",-0.11753965180360557,-0.0943624214525435,-0.10372571048883834,-0.12175985486430049,-0.13838923691649793,-0.09636111765487199,-0.11609178441483317,-0.0939598160024711,-0.09257631179641389,-0.12137049909959846,-0.10961364044939743,0.014821561170031269,98
45,0.5093767642974854,0.053687975210765064,0.014219188690185547,0.006693904450513208,1.8779389694847425e-08,6.884442221110555e-06,6.086543271635818e-06,1.1320660330165083e-06,"{'lambda_2': 1.8779389694847425e-08, 'lambda_1': 6.884442221110555e-06, 'alpha_2': 6.086543271635818e-06, 'alpha_1': 1.1320660330165083e-06}",-0.1175396517938272,-0.09436242144366962,-0.10372571048923258,-0.12175985483484325,-0.13838923709566386,-0.0963611176608982,-0.11609178442559037,-0.09395981599530066,-0.09257631179703071,-0.1213704990984132,-0.10961364046344697,0.014821561203300035,99
51,0.4814995050430298,0.039850371372865456,0.01212923526763916,0.00470935274180245,3.243621810905452e-08,6.441720860430214e-06,7.679339669834918e-06,6.210605302651325e-06,"{'lambda_2': 3.243621810905452e-08, 'lambda_1': 6.441720860430214e-06, 'alpha_2': 7.679339669834918e-06, 'alpha_1': 6.210605302651325e-06}",-0.11753965197372485,-0.09436242173112386,-0.10372571048115731,-0.12175985518008747,-0.13838923593542604,-0.09636111756612652,-0.11609178426310618,-0.093959816161005,-0.0925763126695935,-0.1213704991093188,-0.10961364050706694,0.014821560871133968,100
