,mean_fit_time,std_fit_time,mean_score_time,std_score_time,param_random_state,param_n_estimators,param_min_samples_split,param_min_samples_leaf,param_max_depth,params,split0_test_score,split1_test_score,split2_test_score,split3_test_score,split4_test_score,split5_test_score,split6_test_score,split7_test_score,split8_test_score,split9_test_score,mean_test_score,std_test_score,rank_test_score
65,6.721708059310913,0.3062093118477998,0.2609761953353882,0.08733489719222251,42,171,2,1,100,"{'random_state': 42, 'n_estimators': 171, 'min_samples_split': 2, 'min_samples_leaf': 1, 'max_depth': 100}",-0.14141194228954987,-0.126676791157711,-0.14411557028716862,-0.1439156515059779,-0.1688093927868043,-0.11244934835129063,-0.1422236841548285,-0.12748958153271436,-0.13414200289697487,-0.14212719884689962,-0.13833611638099197,0.014047784874728006,1
13,5.721487498283386,0.35383650761975605,0.30682783126831054,0.07101411770082905,42,127,2,1,91,"{'random_state': 42, 'n_estimators': 127, 'min_samples_split': 2, 'min_samples_leaf': 1, 'max_depth': 91}",-0.1435498742412465,-0.12648615477050912,-0.14346040107798344,-0.1426669529626685,-0.1685555547157549,-0.11255815998603375,-0.1421491136321281,-0.1274159513385695,-0.13437648484900752,-0.1423775245499468,-0.13835961721238482,0.013986178466881275,2
46,6.041706252098083,0.6047380979031001,0.29272258281707764,0.09588819043523204,42,113,2,1,58,"{'random_state': 42, 'n_estimators': 113, 'min_samples_split': 2, 'min_samples_leaf': 1, 'max_depth': 58}",-0.14330188712856626,-0.12723624224254154,-0.14355115576628852,-0.14193695363446276,-0.16888623865774613,-0.11305802395835501,-0.14303533966910717,-0.12755514137016383,-0.13431335971531397,-0.14181181892245912,-0.13846861610650044,0.013880635131888504,3
93,4.081857633590698,0.25142511690842295,0.2439591884613037,0.06421658936186009,42,127,3,2,70,"{'random_state': 42, 'n_estimators': 127, 'min_samples_split': 3, 'min_samples_leaf': 2, 'max_depth': 70}",-0.14309084811139308,-0.12799542184949328,-0.1438241023338554,-0.1448025564715236,-0.1671455653377843,-0.11322838826292445,-0.1425233423518141,-0.12562927529372492,-0.13441345576802724,-0.14203724562353667,-0.13846902014040768,0.013673910547241317,4
98,4.037086772918701,0.29245601097741614,0.18877294063568115,0.10456367301599895,42,127,3,2,80,"{'random_state': 42, 'n_estimators': 127, 'min_samples_split': 3, 'min_samples_leaf': 2, 'max_depth': 80}",-0.14309084811139308,-0.12799542184949336,-0.1438241023338555,-0.1448025564715237,-0.16714556533778432,-0.11322838826292433,-0.14252334235181421,-0.125629275293725,-0.13441345576802716,-0.14203724562353676,-0.13846902014040777,0.013673910547241347,5
6,3.6411556005477905,0.4353158441769017,0.22679297924041747,0.10951509293093198,42,98,2,2,90,"{'random_state': 42, 'n_estimators': 98, 'min_samples_split': 2, 'min_samples_leaf': 2, 'max_depth': 90}",-0.1428746318975375,-0.12777654795935697,-0.14461735637127582,-0.14501638142996584,-0.1667244165627233,-0.1137337189833962,-0.1433610761495034,-0.12520781429460942,-0.13475382490707893,-0.1410059506896837,-0.13850717192451312,0.01358170399471006,6
71,3.122180461883545,0.21362455136985917,0.24263577461242675,0.08904594543230036,42,98,2,2,49,"{'random_state': 42, 'n_estimators': 98, 'min_samples_split': 2, 'min_samples_leaf': 2, 'max_depth': 49}",-0.14287463189753782,-0.1277765479593568,-0.14461735637127568,-0.14501638142996592,-0.1667244165627234,-0.11373371898339601,-0.14336107614950336,-0.12520781429460934,-0.134753824907079,-0.14100595068968386,-0.13850717192451312,0.013581703994710145,6
80,3.104510283470154,0.3236163077630378,0.19965589046478271,0.0731017414218147,42,98,2,2,59,"{'random_state': 42, 'n_estimators': 98, 'min_samples_split': 2, 'min_samples_leaf': 2, 'max_depth': 59}",-0.142874631897538,-0.1277765479593567,-0.14461735637127576,-0.1450163814299659,-0.16672441656272316,-0.11373371898339613,-0.1433610761495035,-0.12520781429460942,-0.13475382490707913,-0.14100595068968377,-0.13850717192451317,0.01358170399471008,8
81,2.62709436416626,0.08475061416780723,0.19417378902435303,0.0748105055728225,42,84,3,2,60,"{'random_state': 42, 'n_estimators': 84, 'min_samples_split': 3, 'min_samples_leaf': 2, 'max_depth': 60}",-0.14226971601423,-0.1276982149402408,-0.14485658306381724,-0.14431971295007354,-0.1681530873023565,-0.11352716262828587,-0.14348853533870107,-0.12566859374952902,-0.13423182892143512,-0.14112418087445205,-0.13853376157831213,0.013866273478101574,9
2,2.5967233657836912,0.18201093478368824,0.1940991163253784,0.06591511871230826,42,84,2,2,75,"{'random_state': 42, 'n_estimators': 84, 'min_samples_split': 2, 'min_samples_leaf': 2, 'max_depth': 75}",-0.1422697160142301,-0.12769821494024097,-0.1448565830638175,-0.14431971295007343,-0.16815308730235645,-0.11352716262828609,-0.14348853533870107,-0.12566859374952896,-0.1342318289214351,-0.14112418087445186,-0.13853376157831215,0.01386627347810152,10
52,5.989559650421143,0.3883323421986249,0.21683697700500487,0.0811301251389795,42,171,3,2,85,"{'random_state': 42, 'n_estimators': 171, 'min_samples_split': 3, 'min_samples_leaf': 2, 'max_depth': 85}",-0.1421379759189151,-0.12781225580275812,-0.14479385732970318,-0.14577198357517462,-0.16775053363875503,-0.11289503786033024,-0.14231713965847198,-0.12551122231969367,-0.13421626614060228,-0.14215601937938716,-0.13853622916237912,0.013950439287354554,11
69,5.610423445701599,0.3586325879256354,0.29973766803741453,0.09834217137705956,42,171,4,2,97,"{'random_state': 42, 'n_estimators': 171, 'min_samples_split': 4, 'min_samples_leaf': 2, 'max_depth': 97}",-0.1421379759189151,-0.1278122558027582,-0.1447938573297032,-0.1457719835751746,-0.16775053363875497,-0.11289503786033003,-0.1423171396584721,-0.12551122231969394,-0.13421626614060214,-0.14215601937938713,-0.13853622916237915,0.013950439287354555,12
79,5.504591798782348,0.3165054348849152,0.2482346773147583,0.07832935161512566,42,171,3,2,52,"{'random_state': 42, 'n_estimators': 171, 'min_samples_split': 3, 'min_samples_leaf': 2, 'max_depth': 52}",-0.1421379759189151,-0.12781225580275815,-0.14479385732970337,-0.14577198357517485,-0.167750533638755,-0.11289503786033014,-0.142317139658472,-0.1255112223196938,-0.13421626614060217,-0.14215601937938727,-0.1385362291623792,0.013950439287354578,13
22,3.898148536682129,0.19998848858896479,0.21739890575408935,0.06633848364995552,42,84,2,1,47,"{'random_state': 42, 'n_estimators': 84, 'min_samples_split': 2, 'min_samples_leaf': 1, 'max_depth': 47}",-0.14316219112767264,-0.12707051971180472,-0.1438039308283228,-0.14139874356141266,-0.1697811022249783,-0.11378503917254337,-0.14347735773431802,-0.12748190683980454,-0.13420438692841227,-0.14126319588540187,-0.1385428374014671,0.013965964868143879,14
96,4.474318242073059,0.3187062685196468,0.26972982883453367,0.10016724640084523,42,142,4,2,80,"{'random_state': 42, 'n_estimators': 142, 'min_samples_split': 4, 'min_samples_leaf': 2, 'max_depth': 80}",-0.14312530780802063,-0.12779430944569675,-0.14377165561931343,-0.14535007933188268,-0.16724943607644638,-0.11338759993667204,-0.14244446249375337,-0.12557635065540354,-0.1349696087075316,-0.14213862640574307,-0.13858074364804635,0.013697078156372238,15
74,5.972016525268555,0.3854305902003795,0.2236647129058838,0.07569607429053628,42,185,4,2,45,"{'random_state': 42, 'n_estimators': 185, 'min_samples_split': 4, 'min_samples_leaf': 2, 'max_depth': 45}",-0.14197747694482943,-0.1277722960256065,-0.14480864160520507,-0.14558607287878533,-0.16813896066408504,-0.11265320312453055,-0.14287397598662302,-0.12543830142795903,-0.13423767463104255,-0.14233143013775193,-0.13858180334264186,0.014093377012910878,16
67,5.001126456260681,0.36281158968692423,0.2615541696548462,0.07117175069124164,42,156,3,2,63,"{'random_state': 42, 'n_estimators': 156, 'min_samples_split': 3, 'min_samples_leaf': 2, 'max_depth': 63}",-0.14320502337545205,-0.12783820328203466,-0.14424574684662775,-0.1457612220026191,-0.16720852688149185,-0.1125459831282087,-0.14195827556114518,-0.12590386143337642,-0.13442869215769918,-0.1428244188952225,-0.13859199535638772,0.013874993711785067,17
24,5.729542803764343,0.6440940756683001,0.3214574813842773,0.07935921791369087,42,156,4,2,67,"{'random_state': 42, 'n_estimators': 156, 'min_samples_split': 4, 'min_samples_leaf': 2, 'max_depth': 67}",-0.14320502337545205,-0.12783820328203474,-0.1442457468466278,-0.1457612220026193,-0.16720852688149185,-0.1125459831282088,-0.14195827556114507,-0.12590386143337606,-0.1344286921576993,-0.14282441889522232,-0.13859199535638772,0.013874993711785074,17
66,4.979330825805664,0.22333735351117756,0.26878795623779295,0.06687052985966276,42,156,2,2,71,"{'random_state': 42, 'n_estimators': 156, 'min_samples_split': 2, 'min_samples_leaf': 2, 'max_depth': 71}",-0.14320502337545207,-0.1278382032820348,-0.14424574684662786,-0.1457612220026191,-0.16720852688149185,-0.11254598312820878,-0.1419582755611452,-0.12590386143337626,-0.13442869215769915,-0.14282441889522257,-0.13859199535638775,0.013874993711785064,19
26,4.234914112091064,0.31711211360723035,0.30368010997772216,0.0817555290761717,42,113,4,2,41,"{'random_state': 42, 'n_estimators': 113, 'min_samples_split': 4, 'min_samples_leaf': 2, 'max_depth': 41}",-0.14277935459615965,-0.1282704233919764,-0.1442181704397858,-0.14413667880133307,-0.1676469029632186,-0.11390677318879017,-0.14335138678192652,-0.1256513516328321,-0.1346293041656612,-0.14147547387920234,-0.1386065819840886,0.013616685882355017,20
70,3.7862470865249636,0.2791746312670596,0.21571381092071534,0.08206708219748664,42,98,2,1,62,"{'random_state': 42, 'n_estimators': 98, 'min_samples_split': 2, 'min_samples_leaf': 1, 'max_depth': 62}",-0.14340648681556664,-0.12724125851124451,-0.14430757760224336,-0.14272972716773313,-0.16817926154783408,-0.11404510279068501,-0.14290586874095065,-0.12715241920285258,-0.13482817641576395,-0.14153662512523668,-0.13863325039201105,0.013609030380853484,21
28,4.167890548706055,0.34270789544789443,0.28457543849945066,0.08186201444222224,42,127,5,2,71,"{'random_state': 42, 'n_estimators': 127, 'min_samples_split': 5, 'min_samples_leaf': 2, 'max_depth': 71}",-0.1432215000729309,-0.1280389852024912,-0.14389268716896889,-0.14465291937155916,-0.1677671758460287,-0.11378702525643078,-0.1425957401173918,-0.1255676497336597,-0.13447757196926402,-0.14240767186464215,-0.13864089266033672,0.013715814513449918,22
1,2.960633373260498,0.16394414368122626,0.21067283153533936,0.05267447474557835,42,98,5,2,45,"{'random_state': 42, 'n_estimators': 98, 'min_samples_split': 5, 'min_samples_leaf': 2, 'max_depth': 45}",-0.1431898603925355,-0.12782016961726178,-0.14482794792329828,-0.14468604761498044,-0.16737044366339185,-0.1144179470027272,-0.143348060619821,-0.12501037901890458,-0.13474659548116055,-0.14106557523205687,-0.13864830265661382,0.013615194902628903,23
56,2.8693177461624146,0.14730222238807497,0.2143833875656128,0.05355494133689418,42,98,5,2,50,"{'random_state': 42, 'n_estimators': 98, 'min_samples_split': 5, 'min_samples_leaf': 2, 'max_depth': 50}",-0.14318986039253528,-0.1278201696172619,-0.14482794792329823,-0.14468604761498044,-0.16737044366339193,-0.11441794700272719,-0.1433480606198213,-0.12501037901890455,-0.13474659548116047,-0.1410655752320572,-0.13864830265661382,0.013615194902628924,23
51,6.895292854309082,0.2304784336354217,0.24475927352905275,0.09595282421335907,42,200,4,2,54,"{'random_state': 42, 'n_estimators': 200, 'min_samples_split': 4, 'min_samples_leaf': 2, 'max_depth': 54}",-0.14227878619047943,-0.12779527248976352,-0.14491019323687285,-0.14600020860881527,-0.16786985862324952,-0.1131513091651712,-0.14295140421100316,-0.1259058641082367,-0.1340622895020688,-0.1421468785531841,-0.13870720646888446,0.01393682085695497,25
38,6.684606218338013,0.4955625924534204,0.31303551197052004,0.1061494066822207,42,200,3,2,48,"{'random_state': 42, 'n_estimators': 200, 'min_samples_split': 3, 'min_samples_leaf': 2, 'max_depth': 48}",-0.14227878619047954,-0.12779527248976352,-0.14491019323687282,-0.1460002086088151,-0.1678698586232495,-0.11315130916517116,-0.14295140421100314,-0.12590586410823681,-0.13406228950206903,-0.14214687855318428,-0.13870720646888451,0.01393682085695495,26
23,7.809775757789612,0.5367182050251205,0.28067622184753416,0.10210187300458491,42,200,3,2,90,"{'random_state': 42, 'n_estimators': 200, 'min_samples_split': 3, 'min_samples_leaf': 2, 'max_depth': 90}",-0.14227878619047943,-0.1277952724897635,-0.144910193236873,-0.14600020860881538,-0.16786985862324946,-0.11315130916517115,-0.14295140421100314,-0.12590586410823698,-0.13406228950206883,-0.14214687855318406,-0.13870720646888451,0.013936820856954954,26
82,4.332976555824279,0.31196693179769236,0.2436415433883667,0.07164909129788471,42,127,3,1,55,"{'random_state': 42, 'n_estimators': 127, 'min_samples_split': 3, 'min_samples_leaf': 1, 'max_depth': 55}",-0.1439366884662945,-0.1281853394443221,-0.1438211150525578,-0.14428080692970977,-0.16888572765235638,-0.11300269885834305,-0.14197699063276314,-0.12724243406764052,-0.13408239359485646,-0.14197789459321492,-0.13873920892920588,0.013931789731068133,28
17,5.40762300491333,0.27022613731187717,0.25596866607666013,0.0974125773499433,42,171,5,2,71,"{'random_state': 42, 'n_estimators': 171, 'min_samples_split': 5, 'min_samples_leaf': 2, 'max_depth': 71}",-0.14223646679636023,-0.1279534969937848,-0.14505226828907647,-0.14559228259502915,-0.168143758999626,-0.11362720174319223,-0.1423806226290353,-0.12549961518137054,-0.1344330773016021,-0.14251470801321084,-0.13874334985422873,0.013899517722726752,29
60,5.321257066726685,0.23010025856866603,0.2181018352508545,0.10544394090355683,42,171,5,2,82,"{'random_state': 42, 'n_estimators': 171, 'min_samples_split': 5, 'min_samples_leaf': 2, 'max_depth': 82}",-0.1422364667963602,-0.1279534969937849,-0.1450522682890764,-0.1455922825950293,-0.16814375899962605,-0.11362720174319241,-0.14238062262903536,-0.12549961518137082,-0.13443307730160214,-0.14251470801321087,-0.13874334985422884,0.013899517722726702,30
88,3.0677170038223265,0.39504489708027823,0.24269747734069824,0.110040992491969,42,84,3,1,59,"{'random_state': 42, 'n_estimators': 84, 'min_samples_split': 3, 'min_samples_leaf': 1, 'max_depth': 59}",-0.14360586007157286,-0.12857123241497947,-0.14407103110861985,-0.1434548339235931,-0.1693227677900227,-0.11409147835212965,-0.14216918441773588,-0.1281953747886738,-0.1337747813969052,-0.14036266831777747,-0.138761921258201,0.013677775238009345,31
36,3.3373462915420533,0.47084800461042214,0.21445672512054442,0.09422728901744691,42,84,3,1,95,"{'random_state': 42, 'n_estimators': 84, 'min_samples_split': 3, 'min_samples_leaf': 1, 'max_depth': 95}",-0.14360586007157286,-0.12857123241497967,-0.14407103110862,-0.14345483392359287,-0.16932276779002262,-0.11409147835212967,-0.14216918441773585,-0.12819537478867385,-0.13377478139690527,-0.14036266831777755,-0.13876192125820103,0.013677775238009301,32
90,4.234385085105896,0.2465308194742969,0.22517189979553223,0.05135949215934344,42,127,4,1,42,"{'random_state': 42, 'n_estimators': 127, 'min_samples_split': 4, 'min_samples_leaf': 1, 'max_depth': 42}",-0.14594852498345878,-0.12812685374814095,-0.14326876985409312,-0.14358239160051664,-0.16825785158532142,-0.11258056258682352,-0.1421092916844304,-0.12709389420034287,-0.13438995584901114,-0.1424446485025865,-0.13878027445947252,0.013942004653799057,33
37,4.712381815910339,0.3760217205671048,0.28575336933135986,0.04968220862756392,42,127,4,1,81,"{'random_state': 42, 'n_estimators': 127, 'min_samples_split': 4, 'min_samples_leaf': 1, 'max_depth': 81}",-0.14594852498345876,-0.1281268537481414,-0.14326876985409304,-0.14358239160051664,-0.16825785158532153,-0.1125805625868235,-0.1421092916844306,-0.12709389420034287,-0.1343899558490112,-0.1424446485025865,-0.1387802744594726,0.013942004653799047,34
30,4.617030477523803,0.4285690677717117,0.29240965843200684,0.07861710584136417,42,113,3,1,66,"{'random_state': 42, 'n_estimators': 113, 'min_samples_split': 3, 'min_samples_leaf': 1, 'max_depth': 66}",-0.14363130794469106,-0.1289537574287333,-0.14382119107605298,-0.14356050395085915,-0.16903721482155132,-0.11333114441831674,-0.14274594287282907,-0.12727953575408543,-0.13401904006460164,-0.14145029477704496,-0.13878299331087654,0.013817694675139243,35
35,4.6286849021911625,0.5654243192641242,0.2585162162780762,0.0658217584491562,42,113,3,1,89,"{'random_state': 42, 'n_estimators': 113, 'min_samples_split': 3, 'min_samples_leaf': 1, 'max_depth': 89}",-0.14363130794469092,-0.1289537574287333,-0.14382119107605298,-0.14356050395085923,-0.16903721482155135,-0.11333114441831674,-0.14274594287282905,-0.1272795357540855,-0.1340190400646019,-0.14145029477704488,-0.13878299331087657,0.013817694675139231,36
59,6.0125937223434445,0.39825902906420113,0.24665226936340331,0.04192529123397295,42,171,3,1,43,"{'random_state': 42, 'n_estimators': 171, 'min_samples_split': 3, 'min_samples_leaf': 1, 'max_depth': 43}",-0.14212809659229692,-0.12800196167795008,-0.1445388792734923,-0.1454119131692823,-0.16933601477208376,-0.11322437279767698,-0.14216236187457829,-0.12702316233760555,-0.13403971772346518,-0.14203943655086612,-0.13879059167692973,0.014050052059031834,37
15,4.04699981212616,0.25954626285115806,0.1787355661392212,0.08071334751562093,42,127,7,2,54,"{'random_state': 42, 'n_estimators': 127, 'min_samples_split': 7, 'min_samples_leaf': 2, 'max_depth': 54}",-0.14376781343936962,-0.1286316579922879,-0.14391440009217407,-0.14499030231077445,-0.16816972758905996,-0.11358109620826329,-0.14293705396834863,-0.12609216947945692,-0.13395922953123834,-0.1420459296168314,-0.13880893802278046,0.013797455485234504,38
0,4.622886276245117,0.45667085741799984,0.14885008335113525,0.06479907838473878,42,156,5,2,55,"{'random_state': 42, 'n_estimators': 156, 'min_samples_split': 5, 'min_samples_leaf': 2, 'max_depth': 55}",-0.14317040552716293,-0.1280973901932216,-0.14441380204474905,-0.14578017164362186,-0.16773853918094803,-0.11332017210361871,-0.1421763389629073,-0.12572111098105088,-0.13465284279802547,-0.1430204232749842,-0.138809119671029,0.01384922960612931,39
32,7.438118863105774,0.6869265549944875,0.3607621431350708,0.08925357394329786,42,200,5,2,85,"{'random_state': 42, 'n_estimators': 200, 'min_samples_split': 5, 'min_samples_leaf': 2, 'max_depth': 85}",-0.1424246542286209,-0.12816766076267244,-0.14484671905343133,-0.1457579151700118,-0.16776635121079467,-0.11376391579922959,-0.14297212328262407,-0.12577040851525031,-0.13430366843197364,-0.14243364606786188,-0.13882070625224704,0.01377536978126623,40
25,6.221883511543274,0.34225870101803346,0.31441686153411863,0.11116145114235845,42,185,7,2,100,"{'random_state': 42, 'n_estimators': 185, 'min_samples_split': 7, 'min_samples_leaf': 2, 'max_depth': 100}",-0.14223482566681578,-0.128460350409046,-0.14484837495173894,-0.1456641544071894,-0.1686775658152856,-0.11330092279036279,-0.1430260667160516,-0.1257105205292582,-0.13406000801027787,-0.14249410720339747,-0.13884768964994237,0.014037674435841042,41
18,5.914613890647888,0.3952765715106763,0.3001744508743286,0.06126248165894265,42,185,7,2,56,"{'random_state': 42, 'n_estimators': 185, 'min_samples_split': 7, 'min_samples_leaf': 2, 'max_depth': 56}",-0.14223482566681572,-0.12846035040904616,-0.14484837495173875,-0.14566415440718952,-0.16867756581528554,-0.11330092279036294,-0.14302606671605178,-0.12571052052925805,-0.1340600080102778,-0.14249410720339742,-0.13884768964994237,0.014037674435841009,41
5,3.10849392414093,0.28334655820971133,0.20566837787628173,0.10356205127780346,42,84,5,1,82,"{'random_state': 42, 'n_estimators': 84, 'min_samples_split': 5, 'min_samples_leaf': 1, 'max_depth': 82}",-0.1443422648865678,-0.12833258746530168,-0.1437566623592964,-0.1430350863549224,-0.17067410592257884,-0.11394809672885342,-0.14189258399142105,-0.1273898660976918,-0.13410155955713582,-0.14129558445924983,-0.1388768397823019,0.014086742278695615,43
44,4.008207559585571,0.4316603482341718,0.2518334865570068,0.12534196724065796,42,98,7,2,87,"{'random_state': 42, 'n_estimators': 98, 'min_samples_split': 7, 'min_samples_leaf': 2, 'max_depth': 87}",-0.14366012084853846,-0.12896174501966406,-0.1449637570988154,-0.1451342902852676,-0.16809067157084265,-0.11438309897801853,-0.14367528810583685,-0.1255650210839944,-0.13428169264165185,-0.14077034906451114,-0.1389486034697141,0.013695493109889783,44
47,3.9901681661605837,0.5545498702280065,0.23104345798492432,0.09779313764129942,42,98,7,2,60,"{'random_state': 42, 'n_estimators': 98, 'min_samples_split': 7, 'min_samples_leaf': 2, 'max_depth': 60}",-0.1436601208485384,-0.12896174501966423,-0.14496375709881557,-0.14513429028526753,-0.16809067157084265,-0.11438309897801865,-0.14367528810583696,-0.12556502108399434,-0.13428169264165185,-0.14077034906451089,-0.1389486034697141,0.013695493109889757,44
63,2.795130491256714,0.1678579502009468,0.1954111337661743,0.09774698782436791,42,98,7,2,54,"{'random_state': 42, 'n_estimators': 98, 'min_samples_split': 7, 'min_samples_leaf': 2, 'max_depth': 54}",-0.1436601208485385,-0.1289617450196641,-0.1449637570988153,-0.14513429028526742,-0.16809067157084273,-0.11438309897801857,-0.14367528810583693,-0.12556502108399428,-0.13428169264165182,-0.1407703490645112,-0.1389486034697141,0.013695493109889793,44
10,3.972253441810608,0.33777731083518064,0.295243239402771,0.08043411678005598,42,113,4,1,76,"{'random_state': 42, 'n_estimators': 113, 'min_samples_split': 4, 'min_samples_leaf': 1, 'max_depth': 76}",-0.1457520320367919,-0.1286896356564994,-0.14368168532909795,-0.14319883101544462,-0.16830720928968013,-0.11306271882415912,-0.1432728176893186,-0.12727521811895237,-0.1343165364142173,-0.14197449815292015,-0.13895311825270815,0.013818773291017439,47
75,3.7493576288223265,0.2941694675058107,0.22760119438171386,0.054181469958420575,42,113,4,1,42,"{'random_state': 42, 'n_estimators': 113, 'min_samples_split': 4, 'min_samples_leaf': 1, 'max_depth': 42}",-0.14575203203679207,-0.1286896356564996,-0.1436816853290979,-0.1431988310154446,-0.16830720928968013,-0.11306271882415914,-0.1432728176893184,-0.12727521811895237,-0.13431653641421737,-0.14197449815292007,-0.13895311825270817,0.013818773291017416,48
40,3.7683531045913696,0.25280347660286456,0.26902868747711184,0.04936459503832256,42,113,4,1,58,"{'random_state': 42, 'n_estimators': 113, 'min_samples_split': 4, 'min_samples_leaf': 1, 'max_depth': 58}",-0.14575203203679216,-0.12868963565649957,-0.14368168532909784,-0.14319883101544456,-0.1683072092896802,-0.11306271882415907,-0.1432728176893186,-0.12727521811895245,-0.13431653641421729,-0.14197449815292007,-0.1389531182527082,0.013818773291017453,49
27,7.347676920890808,0.6488217647055133,0.31782639026641846,0.06869695412221384,42,200,5,1,57,"{'random_state': 42, 'n_estimators': 200, 'min_samples_split': 5, 'min_samples_leaf': 1, 'max_depth': 57}",-0.1423245728791775,-0.1274899639350054,-0.14454842711989985,-0.1453032021167749,-0.1702983555416751,-0.1133913043257152,-0.14257968295842854,-0.12730079395771762,-0.1342777887762735,-0.1420886191488763,-0.1389602710759544,0.014251140601875725,50
64,3.1599558115005495,0.09936640691899508,0.19244613647460937,0.07667571024659961,42,113,7,2,68,"{'random_state': 42, 'n_estimators': 113, 'min_samples_split': 7, 'min_samples_leaf': 2, 'max_depth': 68}",-0.14365604779975852,-0.12913159023123502,-0.14420731782024954,-0.14439292822118008,-0.16860242700451397,-0.11424443247806988,-0.1437462563379928,-0.12616957501012147,-0.13418958883813775,-0.14129084078705637,-0.13896310045283153,0.01371104328629676,51
73,7.048456907272339,0.33390304809341953,0.3172107934951782,0.08640393311437278,42,200,4,1,66,"{'random_state': 42, 'n_estimators': 200, 'min_samples_split': 4, 'min_samples_leaf': 1, 'max_depth': 66}",-0.14378701936558247,-0.12758967913007027,-0.14468906937166637,-0.14510758777441926,-0.16843628633398675,-0.11308916251126624,-0.14276540738386725,-0.12740011677048405,-0.13390147147594317,-0.14291137445601712,-0.1389677174573303,0.013966619395287424,52
3,3.1134321689605713,0.17123815976867404,0.2613386154174805,0.1057933956841036,42,98,4,1,40,"{'random_state': 42, 'n_estimators': 98, 'min_samples_split': 4, 'min_samples_leaf': 1, 'max_depth': 40}",-0.1464853657587202,-0.12885075055469764,-0.14411671643040283,-0.14421751028255272,-0.16762751692022118,-0.11335808290008838,-0.14308843158693027,-0.12682631399396826,-0.13460311269362757,-0.14126716647551746,-0.13904409675967266,0.01370711830905298,53
62,2.267081356048584,0.21583791641594055,0.18463332653045655,0.07760219622801798,42,70,4,2,62,"{'random_state': 42, 'n_estimators': 70, 'min_samples_split': 4, 'min_samples_leaf': 2, 'max_depth': 62}",-0.14320652705941989,-0.12894806778796417,-0.14635534617011076,-0.14615310769553855,-0.16853800902694469,-0.11266057897361444,-0.14385494818672037,-0.1255046549747769,-0.13409228374225785,-0.14140506537769731,-0.13907185889950446,0.014232977889158956,54
86,2.2210249662399293,0.28786844109631565,0.2501783847808838,0.061834975106387274,42,70,2,2,63,"{'random_state': 42, 'n_estimators': 70, 'min_samples_split': 2, 'min_samples_leaf': 2, 'max_depth': 63}",-0.14320652705942,-0.1289480677879642,-0.14635534617011087,-0.1461531076955384,-0.16853800902694463,-0.11266057897361435,-0.14385494818672045,-0.1255046549747769,-0.13409228374225768,-0.14140506537769726,-0.1390718588995045,0.014232977889158966,55
78,3.089736270904541,0.22466268454842686,0.1914306640625,0.09236661441264483,42,98,5,1,44,"{'random_state': 42, 'n_estimators': 98, 'min_samples_split': 5, 'min_samples_leaf': 1, 'max_depth': 44}",-0.144581977297736,-0.128284713739535,-0.1442319558663389,-0.14437956323071305,-0.1697524975513382,-0.11428247797656248,-0.14202332413300547,-0.12680482358526013,-0.13510144638394897,-0.14133105612331945,-0.13907738358877578,0.013919038655416908,56
50,6.861039352416992,0.506121715717201,0.19748322963714598,0.09045923134338357,42,200,7,1,90,"{'random_state': 42, 'n_estimators': 200, 'min_samples_split': 7, 'min_samples_leaf': 1, 'max_depth': 90}",-0.14372430872185182,-0.12744339015079034,-0.1452146359824654,-0.14576046287705274,-0.1698122130043339,-0.11316056483533773,-0.14258105633585275,-0.12757391105318142,-0.1338838761762854,-0.1423122879977813,-0.1391466707134933,0.014274379452519212,57
19,5.139109635353089,0.4083481547217539,0.2926567316055298,0.11760581979045835,42,142,7,1,45,"{'random_state': 42, 'n_estimators': 142, 'min_samples_split': 7, 'min_samples_leaf': 1, 'max_depth': 45}",-0.14546130321865852,-0.12764319268286872,-0.14436483895431446,-0.1447611966269769,-0.17004610309430326,-0.11307982193646117,-0.14149147313506918,-0.12724455334089396,-0.13528222826839434,-0.14243757196915785,-0.13918122832270985,0.014276283825526103,58
84,2.3077810049057006,0.10491851061848675,0.1993602991104126,0.08695804778198694,42,70,3,1,85,"{'random_state': 42, 'n_estimators': 70, 'min_samples_split': 3, 'min_samples_leaf': 1, 'max_depth': 85}",-0.14259226966681932,-0.13028515944147975,-0.14547863233923514,-0.14532012331639702,-0.1700348417318563,-0.11440422060091734,-0.1420596080870463,-0.1284099736005435,-0.1331344386947332,-0.14032357079765245,-0.13920428382766806,0.013770012489674854,59
49,2.3237915515899656,0.15359479864664363,0.1445378541946411,0.06698305155939323,42,70,5,2,92,"{'random_state': 42, 'n_estimators': 70, 'min_samples_split': 5, 'min_samples_leaf': 2, 'max_depth': 92}",-0.1437579581522474,-0.12926142438727273,-0.14617849591677065,-0.14565325698482146,-0.16989493885253326,-0.11335931084800929,-0.1436144660340654,-0.12552080792348624,-0.13391989411990138,-0.14149054838576677,-0.13926511016048745,0.014350979857226862,60
8,2.106212043762207,0.1215272723984448,0.19328296184539795,0.07229731185703676,42,70,5,2,60,"{'random_state': 42, 'n_estimators': 70, 'min_samples_split': 5, 'min_samples_leaf': 2, 'max_depth': 60}",-0.14375795815224748,-0.1292614243872725,-0.14617849591677076,-0.14565325698482132,-0.1698949388525333,-0.11335931084800935,-0.14361446603406564,-0.12552080792348652,-0.13391989411990132,-0.14149054838576694,-0.13926511016048754,0.014350979857226859,61
31,4.601679468154908,0.6084960396740661,0.2806510925292969,0.08327321897470248,42,127,7,1,45,"{'random_state': 42, 'n_estimators': 127, 'min_samples_split': 7, 'min_samples_leaf': 1, 'max_depth': 45}",-0.1457236101356778,-0.12798092802896338,-0.14457489031335763,-0.14471115935491616,-0.17006210272634523,-0.11281043518549391,-0.14179782484029355,-0.1278453239144559,-0.1347934480614355,-0.1427039706567626,-0.13930036932177015,0.014296286362030154,62
54,4.175510883331299,0.2689494625330008,0.24586946964263917,0.11653877885840584,42,127,7,1,54,"{'random_state': 42, 'n_estimators': 127, 'min_samples_split': 7, 'min_samples_leaf': 1, 'max_depth': 54}",-0.14572361013567778,-0.12798092802896355,-0.1445748903133577,-0.1447111593549159,-0.17006210272634537,-0.11281043518549409,-0.14179782484029357,-0.1278453239144558,-0.13479344806143548,-0.14270397065676263,-0.1393003693217702,0.014296286362030139,63
94,2.9816412925720215,0.3022046224120002,0.28256204128265383,0.08216780781559982,42,98,7,1,86,"{'random_state': 42, 'n_estimators': 98, 'min_samples_split': 7, 'min_samples_leaf': 1, 'max_depth': 86}",-0.14537156940090226,-0.12808512899269667,-0.14560124033647742,-0.14484017637911742,-0.16907701970107136,-0.11406507339533818,-0.14212637957801288,-0.12765951621835311,-0.13473398702177683,-0.14159575025860088,-0.1393155841282347,0.013878453419301804,64
45,3.428330636024475,0.2862637035283716,0.24964706897735595,0.05239751526529224,42,70,5,1,45,"{'random_state': 42, 'n_estimators': 70, 'min_samples_split': 5, 'min_samples_leaf': 1, 'max_depth': 45}",-0.14346992815998041,-0.1296351052484128,-0.14512391294385216,-0.1448945495191714,-0.17126540164390744,-0.11402877899422115,-0.14213108074081351,-0.12747558121486696,-0.13442554948254704,-0.14141190857627936,-0.1393861796524052,0.014185961388717753,65
53,6.419853401184082,0.38266222551534923,0.27004926204681395,0.11064834153385135,42,185,5,3,88,"{'random_state': 42, 'n_estimators': 185, 'min_samples_split': 5, 'min_samples_leaf': 3, 'max_depth': 88}",-0.14403361761044625,-0.1294022768948091,-0.14566280576751814,-0.1490521952564038,-0.1685460133947704,-0.11580237078321812,-0.14556801251095164,-0.12852214631178335,-0.13770377129539801,-0.1416292756883576,-0.14059224855136562,0.013454200330329373,66
92,4.791965913772583,0.19494586275054826,0.24485890865325927,0.08578905746117675,42,171,4,3,43,"{'random_state': 42, 'n_estimators': 171, 'min_samples_split': 4, 'min_samples_leaf': 3, 'max_depth': 43}",-0.14406815241196697,-0.12971664604478522,-0.14573030031635573,-0.1495597328990642,-0.16840477072580598,-0.116038505284895,-0.1450213386017523,-0.12874740882349348,-0.13773560909090699,-0.14137586671783706,-0.1406398330916863,0.013350159390438817,67
72,4.729123878479004,0.38336384806031626,0.27859911918640134,0.1233153471225455,42,171,2,3,41,"{'random_state': 42, 'n_estimators': 171, 'min_samples_split': 2, 'min_samples_leaf': 3, 'max_depth': 41}",-0.144068152411967,-0.12971664604478517,-0.14573030031635603,-0.14955973289906394,-0.16840477072580604,-0.11603850528489504,-0.14502133860175223,-0.12874740882349342,-0.13773560909090704,-0.14137586671783717,-0.1406398330916863,0.01335015939043882,67
14,6.132015299797058,0.7310294029213986,0.25821824073791505,0.13694889124291043,42,200,5,3,70,"{'random_state': 42, 'n_estimators': 200, 'min_samples_split': 5, 'min_samples_leaf': 3, 'max_depth': 70}",-0.14416755148732124,-0.12915285614591432,-0.14581793023477366,-0.14888420225609086,-0.1683997369050299,-0.11626669185712878,-0.14585098293464138,-0.1292110391936629,-0.13765439669821555,-0.14198878593482273,-0.14073941736476014,0.013312575894044196,69
29,6.139412379264831,0.3069083417108418,0.2715845346450806,0.10642661908422772,42,200,3,3,64,"{'random_state': 42, 'n_estimators': 200, 'min_samples_split': 3, 'min_samples_leaf': 3, 'max_depth': 64}",-0.1441675514873211,-0.12915285614591462,-0.14581793023477344,-0.1488842022560909,-0.1683997369050299,-0.11626669185712879,-0.14585098293464135,-0.12921103919366292,-0.13765439669821555,-0.14198878593482298,-0.14073941736476017,0.013312575894044157,70
21,6.654510641098023,0.4875115201228304,0.30582318305969236,0.08187720337691916,42,200,4,3,57,"{'random_state': 42, 'n_estimators': 200, 'min_samples_split': 4, 'min_samples_leaf': 3, 'max_depth': 57}",-0.14416755148732124,-0.12915285614591443,-0.14581793023477382,-0.14888420225609092,-0.16839973690503007,-0.11626669185712869,-0.14585098293464133,-0.12921103919366284,-0.13765439669821555,-0.14198878593482298,-0.1407394173647602,0.013312575894044254,71
11,5.374560046195984,0.5842380856757802,0.25464601516723634,0.10196868192746798,42,156,5,3,60,"{'random_state': 42, 'n_estimators': 156, 'min_samples_split': 5, 'min_samples_leaf': 3, 'max_depth': 60}",-0.14498860809808736,-0.13006844978343662,-0.14540717687167898,-0.14946241804724256,-0.16810127058488147,-0.11620391177560464,-0.1452573796281071,-0.12909179893551323,-0.13759284239850797,-0.14156938002524905,-0.1407743236148309,0.013217876238432884,72
85,5.160058903694153,0.34682980943284625,0.19041228294372559,0.07091418208013091,42,185,7,3,94,"{'random_state': 42, 'n_estimators': 185, 'min_samples_split': 7, 'min_samples_leaf': 3, 'max_depth': 94}",-0.14461386634989493,-0.12972433104093997,-0.14625270793134879,-0.1494431028969948,-0.16894809190255913,-0.11569851860710242,-0.14594503589552207,-0.12821592926138103,-0.13709496322347248,-0.1420705997222782,-0.1408007146831494,0.013653653956189934,73
99,3.50121328830719,0.5207223797746454,0.13673727512359618,0.08499526001563776,42,142,4,3,73,"{'random_state': 42, 'n_estimators': 142, 'min_samples_split': 4, 'min_samples_leaf': 3, 'max_depth': 73}",-0.14515226247772947,-0.1299407865567636,-0.14537512426381807,-0.14927337108430383,-0.1681139409652961,-0.11655758550447769,-0.14598275136045769,-0.1288815225607871,-0.13802209158824671,-0.1409810948523855,-0.14082805312142657,0.013190880309204869,74
77,3.8964606523513794,0.2582825466218057,0.23789401054382325,0.08653554968065107,42,142,2,3,72,"{'random_state': 42, 'n_estimators': 142, 'min_samples_split': 2, 'min_samples_leaf': 3, 'max_depth': 72}",-0.14515226247772955,-0.12994078655676375,-0.14537512426381807,-0.14927337108430386,-0.16811394096529586,-0.11655758550447785,-0.14598275136045777,-0.12888152256078703,-0.1380220915882467,-0.1409810948523855,-0.1408280531214266,0.01319088030920479,75
95,3.957084846496582,0.337854247006861,0.21333580017089843,0.08651992174681902,42,127,4,3,64,"{'random_state': 42, 'n_estimators': 127, 'min_samples_split': 4, 'min_samples_leaf': 3, 'max_depth': 64}",-0.1449136981339354,-0.12995184692022121,-0.14541227476326843,-0.14933043347771144,-0.16887603462883705,-0.11661454099348352,-0.14589878872913345,-0.12885123165080267,-0.13756486875691787,-0.14094904179143214,-0.14083627598457432,0.01334575699964845,76
42,4.573963856697082,0.4636490373277886,0.2917531251907349,0.12328078751683197,42,127,3,3,43,"{'random_state': 42, 'n_estimators': 127, 'min_samples_split': 3, 'min_samples_leaf': 3, 'max_depth': 43}",-0.14491369813393537,-0.12995184692022121,-0.14541227476326843,-0.14933043347771136,-0.16887603462883718,-0.11661454099348366,-0.14589878872913348,-0.12885123165080276,-0.13756486875691784,-0.14094904179143206,-0.14083627598457432,0.013345756999648442,76
4,5.6764405250549315,0.592672868300155,0.2792484283447266,0.12172192482007706,42,200,7,3,83,"{'random_state': 42, 'n_estimators': 200, 'min_samples_split': 7, 'min_samples_leaf': 3, 'max_depth': 83}",-0.14469441972875782,-0.12952256492493242,-0.14627373968743426,-0.14936841288363414,-0.16882653224383437,-0.1160580909800323,-0.14618745301197192,-0.12887961166703998,-0.1369877533299801,-0.14220384331411753,-0.1409002421771735,0.013531071530817397,78
12,6.307473540306091,0.610399349336813,0.2450502634048462,0.09195605622481513,42,200,7,3,50,"{'random_state': 42, 'n_estimators': 200, 'min_samples_split': 7, 'min_samples_leaf': 3, 'max_depth': 50}",-0.1446944197287582,-0.1295225649249323,-0.14627373968743418,-0.14936841288363423,-0.1688265322438345,-0.11605809098003242,-0.1461874530119718,-0.12887961166704004,-0.13698775332997998,-0.14220384331411767,-0.14090024217717353,0.01353107153081742,79
39,3.4559282302856444,0.27990511459577583,0.2706838846206665,0.088152338261402,42,113,4,3,49,"{'random_state': 42, 'n_estimators': 113, 'min_samples_split': 4, 'min_samples_leaf': 3, 'max_depth': 49}",-0.14440194478262552,-0.13010262408134016,-0.14615636118700986,-0.14884784435049755,-0.16951685332871383,-0.11707557979180713,-0.14598187830600437,-0.1287780659927098,-0.13775724309387044,-0.1408931301291024,-0.14095115250436813,0.013374563069515124,80
16,3.2445637941360475,0.1569319486965046,0.11906828880310058,0.04537458914464198,42,113,4,3,61,"{'random_state': 42, 'n_estimators': 113, 'min_samples_split': 4, 'min_samples_leaf': 3, 'max_depth': 61}",-0.1444019447826257,-0.13010262408134038,-0.14615636118700978,-0.1488478443504974,-0.1695168533287138,-0.11707557979180748,-0.14598187830600415,-0.12877806599270988,-0.13775724309387055,-0.1408931301291023,-0.14095115250436813,0.01337456306951501,80
41,3.6698444843292237,0.34902839561489335,0.27255570888519287,0.06542035791130045,42,113,2,3,81,"{'random_state': 42, 'n_estimators': 113, 'min_samples_split': 2, 'min_samples_leaf': 3, 'max_depth': 81}",-0.14440194478262552,-0.13010262408134018,-0.14615636118700984,-0.14884784435049797,-0.1695168533287138,-0.11707557979180738,-0.14598187830600434,-0.12877806599270974,-0.1377572430938705,-0.14089313012910235,-0.14095115250436815,0.013374563069515096,82
33,3.811285924911499,0.2338065930487462,0.29530887603759765,0.09321435708023522,42,113,3,3,81,"{'random_state': 42, 'n_estimators': 113, 'min_samples_split': 3, 'min_samples_leaf': 3, 'max_depth': 81}",-0.14440194478262552,-0.13010262408134035,-0.1461563611870099,-0.1488478443504978,-0.16951685332871386,-0.11707557979180729,-0.14598187830600431,-0.12877806599271005,-0.13775724309387058,-0.14089313012910243,-0.1409511525043682,0.013374563069515073,83
43,3.9392678499221803,0.617379813747351,0.3007438898086548,0.09664728147231859,42,113,2,3,84,"{'random_state': 42, 'n_estimators': 113, 'min_samples_split': 2, 'min_samples_leaf': 3, 'max_depth': 84}",-0.14440194478262555,-0.13010262408134035,-0.1461563611870103,-0.14884784435049783,-0.1695168533287138,-0.11707557979180742,-0.14598187830600434,-0.12877806599270983,-0.13775724309387072,-0.1408931301291025,-0.1409511525043683,0.013374563069515073,84
20,2.7145822525024412,0.38682629793665324,0.2510775327682495,0.1274271659254176,42,84,4,3,97,"{'random_state': 42, 'n_estimators': 84, 'min_samples_split': 4, 'min_samples_leaf': 3, 'max_depth': 97}",-0.14414199426451837,-0.12946149323404946,-0.14663271432887698,-0.14890208540928998,-0.1694010840754585,-0.11701583812155632,-0.14688158348910677,-0.12775831340283159,-0.13822396638218898,-0.14136792670710432,-0.14097869994149811,0.013552910287485545,85
97,2.4079278230667116,0.25563567279706845,0.24411749839782715,0.056511205030043345,42,84,5,3,88,"{'random_state': 42, 'n_estimators': 84, 'min_samples_split': 5, 'min_samples_leaf': 3, 'max_depth': 88}",-0.14414199426451857,-0.1294614932340495,-0.14663271432887695,-0.14890208540929006,-0.16940108407545826,-0.11701583812155644,-0.14688158348910696,-0.1277583134028317,-0.1382239663821889,-0.1413679267071041,-0.14097869994149814,0.013552910287485473,86
48,3.052203559875488,0.3773775938054626,0.2365586757659912,0.062196447002762806,42,84,2,3,89,"{'random_state': 42, 'n_estimators': 84, 'min_samples_split': 2, 'min_samples_leaf': 3, 'max_depth': 89}",-0.14414199426451854,-0.12946149323404932,-0.14663271432887703,-0.14890208540929,-0.1694010840754587,-0.11701583812155651,-0.14688158348910688,-0.12775831340283167,-0.13822396638218887,-0.14136792670710427,-0.1409786999414982,0.01355291028748557,87
7,2.4460352420806886,0.22335657124666705,0.24588401317596437,0.09051745161814109,42,84,4,3,98,"{'random_state': 42, 'n_estimators': 84, 'min_samples_split': 4, 'min_samples_leaf': 3, 'max_depth': 98}",-0.1441419942645184,-0.12946149323404943,-0.146632714328877,-0.14890208540929017,-0.1694010840754585,-0.11701583812155644,-0.14688158348910693,-0.12775831340283167,-0.13822396638218898,-0.14136792670710435,-0.1409786999414982,0.013552910287485538,87
55,2.4304317235946655,0.1475664403495873,0.24766745567321777,0.07058135165252775,42,84,3,3,72,"{'random_state': 42, 'n_estimators': 84, 'min_samples_split': 3, 'min_samples_leaf': 3, 'max_depth': 72}",-0.14414199426451854,-0.1294614932340494,-0.1466327143288772,-0.14890208540929,-0.16940108407545854,-0.11701583812155662,-0.14688158348910693,-0.12775831340283167,-0.13822396638218895,-0.1413679267071043,-0.14097869994149823,0.013552910287485514,89
87,4.37332501411438,0.22242786448820562,0.27689146995544434,0.09622572061463626,42,156,7,3,81,"{'random_state': 42, 'n_estimators': 156, 'min_samples_split': 7, 'min_samples_leaf': 3, 'max_depth': 81}",-0.1457334787899936,-0.13015160985026672,-0.14609786439337782,-0.14963189126401222,-0.1684659702685231,-0.11626412395648038,-0.14581647883127233,-0.1288529406426685,-0.13712088960955132,-0.14176913115096762,-0.14099043787571136,0.013391123590139883,90
76,4.339475440979004,0.30470677456287454,0.23589692115783692,0.08954459165472284,42,156,7,3,65,"{'random_state': 42, 'n_estimators': 156, 'min_samples_split': 7, 'min_samples_leaf': 3, 'max_depth': 65}",-0.14573347878999346,-0.13015160985026672,-0.14609786439337782,-0.1496318912640122,-0.1684659702685231,-0.1162641239564805,-0.14581647883127227,-0.12885294064266872,-0.13712088960955124,-0.14176913115096776,-0.14099043787571136,0.013391123590139834,90
91,3.9809941053390503,0.15948668161969615,0.21581311225891114,0.08830593956281414,42,142,7,3,56,"{'random_state': 42, 'n_estimators': 142, 'min_samples_split': 7, 'min_samples_leaf': 3, 'max_depth': 56}",-0.14604456942257119,-0.12997207432215613,-0.14589583070616477,-0.14932732166285576,-0.1684854249071583,-0.11661111487571132,-0.1462182542543607,-0.12856711635250115,-0.13772288406232208,-0.14122457124406276,-0.14100691618098643,0.013353796410611154,92
61,3.9267051935195925,0.2842273580908156,0.14405627250671388,0.05534889597225766,42,142,7,3,70,"{'random_state': 42, 'n_estimators': 142, 'min_samples_split': 7, 'min_samples_leaf': 3, 'max_depth': 70}",-0.14604456942257144,-0.12997207432215602,-0.14589583070616446,-0.14932732166285587,-0.16848542490715826,-0.11661111487571128,-0.1462182542543608,-0.1285671163525011,-0.13772288406232214,-0.14122457124406293,-0.14100691618098643,0.013353796410611178,92
68,4.18976628780365,0.27631972409822453,0.2569947481155396,0.09241797368618583,42,142,7,3,85,"{'random_state': 42, 'n_estimators': 142, 'min_samples_split': 7, 'min_samples_leaf': 3, 'max_depth': 85}",-0.14604456942257144,-0.12997207432215613,-0.14589583070616458,-0.14932732166285573,-0.1684854249071584,-0.11661111487571146,-0.1462182542543608,-0.12856711635250115,-0.13772288406232208,-0.14122457124406296,-0.14100691618098646,0.013353796410611157,94
57,3.509606122970581,0.2161025490437205,0.22988424301147461,0.06485366909053492,42,127,7,3,90,"{'random_state': 42, 'n_estimators': 127, 'min_samples_split': 7, 'min_samples_leaf': 3, 'max_depth': 90}",-0.14574136030332463,-0.12993207357875688,-0.14600091784885602,-0.14955974004803868,-0.16926181766826556,-0.11657333940048882,-0.14621761534754593,-0.12864166814099146,-0.13728345088440208,-0.14135763044446106,-0.1410569613665131,0.013537023213816382,95
58,1.8926355838775635,0.18999228791706843,0.16530296802520753,0.054955053386900723,42,70,5,3,55,"{'random_state': 42, 'n_estimators': 70, 'min_samples_split': 5, 'min_samples_leaf': 3, 'max_depth': 55}",-0.14416037225383008,-0.13032277168912254,-0.1466365504008697,-0.1495475660005158,-0.17079514646234506,-0.11609650066246674,-0.14695799004026802,-0.12761248584861756,-0.1390028693214974,-0.14086734229419773,-0.14119995949737307,0.013982443440216874,96
83,1.8696803331375123,0.15809465869427708,0.20587468147277832,0.06326359006840551,42,70,3,3,60,"{'random_state': 42, 'n_estimators': 70, 'min_samples_split': 3, 'min_samples_leaf': 3, 'max_depth': 60}",-0.1441603722538299,-0.13032277168912265,-0.14663655040086973,-0.1495475660005158,-0.17079514646234492,-0.11609650066246675,-0.14695799004026802,-0.12761248584861756,-0.1390028693214976,-0.14086734229419778,-0.14119995949737307,0.013982443440216829,96
9,2.8537457942962647,0.189748152297039,0.24105947017669677,0.08775569957621186,42,98,7,3,69,"{'random_state': 42, 'n_estimators': 98, 'min_samples_split': 7, 'min_samples_leaf': 3, 'max_depth': 69}",-0.14474611593729036,-0.1299970060906124,-0.1472057458133024,-0.14976243968484798,-0.16901458573702877,-0.11717704981540443,-0.14626790195405384,-0.1279737866166771,-0.1382668091884676,-0.14177234302042874,-0.14121837838581136,0.013445310855817197,98
89,2.7300883531570435,0.14983101566431337,0.20452208518981935,0.05554827132013799,42,98,7,3,94,"{'random_state': 42, 'n_estimators': 98, 'min_samples_split': 7, 'min_samples_leaf': 3, 'max_depth': 94}",-0.14474611593729053,-0.12999700609061263,-0.14720574581330237,-0.14976243968484798,-0.16901458573702857,-0.11717704981540436,-0.1462679019540537,-0.12797378661667708,-0.1382668091884676,-0.14177234302042874,-0.14121837838581136,0.01344531085581715,98
34,2.709382939338684,0.1087565809677067,0.2822169303894043,0.07180832541477304,42,84,7,3,62,"{'random_state': 42, 'n_estimators': 84, 'min_samples_split': 7, 'min_samples_leaf': 3, 'max_depth': 62}",-0.14482116022848474,-0.12941729765090398,-0.1469535124241528,-0.1493470412737477,-0.169836864998659,-0.11675407543568836,-0.14732826097206006,-0.12814638170309053,-0.13792496755538286,-0.14190244898769871,-0.14124320112298688,0.013741355353241695,100
