,mean_fit_time,std_fit_time,mean_score_time,std_score_time,param_subsample,param_reg_lambda,param_reg_alpha,param_random_state,param_min_child_weight,param_max_depth,param_learning_rate,param_gamma,param_colsample_bytree,params,split0_test_score,split1_test_score,split2_test_score,split3_test_score,split4_test_score,split5_test_score,split6_test_score,split7_test_score,split8_test_score,split9_test_score,mean_test_score,std_test_score,rank_test_score
35,10.221287965774536,0.4853335936051817,0.11631414890289307,0.01679122191774386,0.6463585292646323,0.8571,0.464,42,6,53,0.13232666333166584,0.01935967983991996,0.7939175587793897,"{'subsample': 0.6463585292646323, 'reg_lambda': 0.8571, 'reg_alpha': 0.464, 'random_state': 42, 'min_child_weight': 6, 'max_depth': 53, 'learning_rate': 0.13232666333166584, 'gamma': 0.01935967983991996, 'colsample_bytree': 0.7939175587793897}",-0.1194263350037566,-0.1179346143466848,-0.12084616438180293,-0.1593629441848,-0.15853729771952496,-0.10567262648814385,-0.11790882640135755,-0.10858915125761494,-0.13010487480015126,-0.13130244616165765,-0.12696852807454945,0.017674783309846828,1
30,8.326062273979186,0.6616678068203283,0.11240298748016357,0.015622833705588776,0.5773309154577289,0.8571,0.464,42,6,41,0.10630065032516259,0.015315157578789394,0.6488595297648825,"{'subsample': 0.5773309154577289, 'reg_lambda': 0.8571, 'reg_alpha': 0.464, 'random_state': 42, 'min_child_weight': 6, 'max_depth': 41, 'learning_rate': 0.10630065032516259, 'gamma': 0.015315157578789394, 'colsample_bytree': 0.6488595297648825}",-0.1260666744815084,-0.11370821824758756,-0.11714797137401076,-0.1594629975097726,-0.15333038176518718,-0.10633500963802253,-0.12318515212868533,-0.11127627596321102,-0.13394289023227107,-0.13152441974154155,-0.1275979991081798,0.01666033821959421,2
62,7.963516259193421,0.44192668875627394,0.10380573272705078,0.024649961532525883,0.9459783891945973,0.8571,0.464,42,6,43,0.11736918459229614,0.01730065032516258,0.48479389694847425,"{'subsample': 0.9459783891945973, 'reg_lambda': 0.8571, 'reg_alpha': 0.464, 'random_state': 42, 'min_child_weight': 6, 'max_depth': 43, 'learning_rate': 0.11736918459229614, 'gamma': 0.01730065032516258, 'colsample_bytree': 0.48479389694847425}",-0.12479389836010842,-0.12329821955926051,-0.12510897080998515,-0.16118492988434496,-0.15652359613322794,-0.10156246587364429,-0.12797378752484048,-0.10680314062688412,-0.12808581312920017,-0.13335153511575068,-0.12886863570172466,0.017677473636922833,3
70,12.703478360176087,1.0937238875120614,0.11683957576751709,0.020853489517838827,0.9689875937968985,0.8571,0.464,42,6,44,0.13576688344172086,0.024237618809404702,0.8849539769884943,"{'subsample': 0.9689875937968985, 'reg_lambda': 0.8571, 'reg_alpha': 0.464, 'random_state': 42, 'min_child_weight': 6, 'max_depth': 44, 'learning_rate': 0.13576688344172086, 'gamma': 0.024237618809404702, 'colsample_bytree': 0.8849539769884943}",-0.12149710508649793,-0.11702705115108197,-0.12150634306370263,-0.16230519561539086,-0.15608838532887787,-0.10628266008062802,-0.1297265454179058,-0.10911381169148365,-0.13682643775305733,-0.13501474719447912,-0.1295388282383105,0.017622171673537596,4
27,7.823010087013245,0.6286720778676319,0.1145827293395996,0.01528811396279099,0.9879951975987994,0.8571,0.464,42,8,49,0.1576048024012006,0.036665332666333164,0.46428569284642324,"{'subsample': 0.9879951975987994, 'reg_lambda': 0.8571, 'reg_alpha': 0.464, 'random_state': 42, 'min_child_weight': 8, 'max_depth': 49, 'learning_rate': 0.1576048024012006, 'gamma': 0.036665332666333164, 'colsample_bytree': 0.46428569284642324}",-0.13232421164497415,-0.12572518945872346,-0.11816028099325168,-0.14881090695822183,-0.16111361319592682,-0.10408991884049897,-0.12539114844611296,-0.11054279241193456,-0.14092071244543053,-0.13197036685329597,-0.1299049141248371,0.016370622150267813,5
15,10.387470245361328,0.493425960508958,0.11784234046936035,0.018771961747682107,0.6318527263631816,0.8571,0.464,42,4,46,0.14668584292146072,0.016540770385192596,0.7493997498749375,"{'subsample': 0.6318527263631816, 'reg_lambda': 0.8571, 'reg_alpha': 0.464, 'random_state': 42, 'min_child_weight': 4, 'max_depth': 46, 'learning_rate': 0.14668584292146072, 'gamma': 0.016540770385192596, 'colsample_bytree': 0.7493997498749375}",-0.1284011207222719,-0.11872301101118522,-0.12542362435959487,-0.15023700633706125,-0.1559121443913763,-0.11098756371732589,-0.12812010381270292,-0.11727476288587574,-0.1376588321883306,-0.12867437546094193,-0.13014125448866665,0.01348628795234924,6
20,10.47279748916626,0.5281147926963637,0.10291790962219238,0.014187503372483392,0.9474789894947474,0.8571,0.464,42,8,54,0.10884342171085543,0.04075887943971986,0.880452176088044,"{'subsample': 0.9474789894947474, 'reg_lambda': 0.8571, 'reg_alpha': 0.464, 'random_state': 42, 'min_child_weight': 8, 'max_depth': 54, 'learning_rate': 0.10884342171085543, 'gamma': 0.04075887943971986, 'colsample_bytree': 0.880452176088044}",-0.13650116362536863,-0.11504810574411126,-0.11889321361862044,-0.15521687971548795,-0.15627604601856834,-0.10688671437820065,-0.13284926277012188,-0.11048741288844442,-0.13624882477717806,-0.13536648252908118,-0.13037741060651828,0.016446922130069836,7
49,4.279921078681946,0.15156000838368874,0.1209449291229248,0.017207859583630986,0.7574029514757379,0.8571,0.464,42,4,51,0.10256128064032016,0.00975087543771886,0.15116043021510756,"{'subsample': 0.7574029514757379, 'reg_lambda': 0.8571, 'reg_alpha': 0.464, 'random_state': 42, 'min_child_weight': 4, 'max_depth': 51, 'learning_rate': 0.10256128064032016, 'gamma': 0.00975087543771886, 'colsample_bytree': 0.15116043021510756}",-0.12013695757093716,-0.12043135607803979,-0.12318153295241789,-0.16064364069819728,-0.15410318388983532,-0.1090022231072659,-0.12462180491012384,-0.11303905786786948,-0.1399389828868256,-0.1393700507017594,-0.13044687906632718,0.016423810858200293,8
28,7.390835452079773,0.6042589622481972,0.11214332580566407,0.016030402447806492,0.5828331165582792,0.8571,0.464,42,4,45,0.10734767383691846,0.04931365682841421,0.48729489744872434,"{'subsample': 0.5828331165582792, 'reg_lambda': 0.8571, 'reg_alpha': 0.464, 'random_state': 42, 'min_child_weight': 4, 'max_depth': 45, 'learning_rate': 0.10734767383691846, 'gamma': 0.04931365682841421, 'colsample_bytree': 0.48729489744872434}",-0.12304800350763061,-0.11936511577423509,-0.1219063274783093,-0.16114748105061688,-0.15396031942318256,-0.11013681100871467,-0.1300762431964614,-0.12336747555746248,-0.13982337354908175,-0.12738566805945753,-0.13102168186051524,0.015174447491825368,9
9,14.939679670333863,1.1609560832554608,0.12049639225006104,0.02839354255128519,0.7614045522761381,0.8571,0.464,42,2,41,0.11243321660830416,0.006049524762381191,0.8869547773886943,"{'subsample': 0.7614045522761381, 'reg_lambda': 0.8571, 'reg_alpha': 0.464, 'random_state': 42, 'min_child_weight': 2, 'max_depth': 41, 'learning_rate': 0.11243321660830416, 'gamma': 0.006049524762381191, 'colsample_bytree': 0.8869547773886943}",-0.12699592194575884,-0.1291821770603144,-0.11590781710021027,-0.1571598287499153,-0.16009417900057193,-0.1124381255027191,-0.13772444382053617,-0.10753435702357685,-0.12195125758625298,-0.14403215487187213,-0.1313020262661728,0.017231138467881213,10
53,3.9564115047454833,0.20560013538745328,0.10646209716796876,0.01311998966072411,0.8499399699849925,0.8571,0.464,42,4,46,0.08371485742871436,0.028992996498249126,0.1721688344172086,"{'subsample': 0.8499399699849925, 'reg_lambda': 0.8571, 'reg_alpha': 0.464, 'random_state': 42, 'min_child_weight': 4, 'max_depth': 46, 'learning_rate': 0.08371485742871436, 'gamma': 0.028992996498249126, 'colsample_bytree': 0.1721688344172086}",-0.1134331099887546,-0.11862944408952396,-0.12606991376005544,-0.1649169863369881,-0.1613999985124194,-0.11376372946159473,-0.1291505732315153,-0.11545736238555342,-0.13793530010553,-0.13306688790092172,-0.13138233057728568,0.017757943383674236,11
0,13.801495790481567,0.8255996562081913,0.11032404899597167,0.020523405243304062,0.9644857928964482,0.8571,0.464,42,4,58,0.21399449724862432,0.013623811905952975,0.8044217608804403,"{'subsample': 0.9644857928964482, 'reg_lambda': 0.8571, 'reg_alpha': 0.464, 'random_state': 42, 'min_child_weight': 4, 'max_depth': 58, 'learning_rate': 0.21399449724862432, 'gamma': 0.013623811905952975, 'colsample_bytree': 0.8044217608804403}",-0.12307657347138658,-0.11632169115218212,-0.11863581423640523,-0.1568169571790868,-0.16854933982054507,-0.1032419198945843,-0.12893461757653257,-0.12846448417615522,-0.12495566881638719,-0.1456797065610191,-0.1314676772884284,0.018811222413838584,12
72,11.185117173194886,0.7250452868848463,0.10722873210906983,0.013444154737387632,0.6978791395697849,0.8571,0.464,42,2,49,0.16912206103051525,0.0434552276138069,0.46878749374687345,"{'subsample': 0.6978791395697849, 'reg_lambda': 0.8571, 'reg_alpha': 0.464, 'random_state': 42, 'min_child_weight': 2, 'max_depth': 49, 'learning_rate': 0.16912206103051525, 'gamma': 0.0434552276138069, 'colsample_bytree': 0.46878749374687345}",-0.12660175865019924,-0.1108760768429639,-0.12512914219453944,-0.17006915069316203,-0.16329785038228603,-0.10561683573964363,-0.12891435014521507,-0.12279062169682292,-0.1310208925062996,-0.13582730809991136,-0.1320143986951043,0.019384002695383977,13
43,16.62546718120575,0.789056241594193,0.10633606910705566,0.024841249341838775,0.9679871935967984,0.8571,0.464,42,1,50,0.14683541770885442,0.038185092546273135,0.6353541270635318,"{'subsample': 0.9679871935967984, 'reg_lambda': 0.8571, 'reg_alpha': 0.464, 'random_state': 42, 'min_child_weight': 1, 'max_depth': 50, 'learning_rate': 0.14683541770885442, 'gamma': 0.038185092546273135, 'colsample_bytree': 0.6353541270635318}",-0.1260217861752358,-0.11668665772117102,-0.12292356074420817,-0.17798731603651632,-0.15777566090881026,-0.10835315296178322,-0.14250824501320974,-0.11392487098566668,-0.12015708181695095,-0.13465542924838161,-0.1320993761611934,0.020676922666916214,14
94,7.112140703201294,0.447489381559953,0.11339538097381592,0.022179070591670975,0.5578231115557779,0.8571,0.464,42,6,49,0.12080940470235117,0.040660830415207606,0.5258103051525763,"{'subsample': 0.5578231115557779, 'reg_lambda': 0.8571, 'reg_alpha': 0.464, 'random_state': 42, 'min_child_weight': 6, 'max_depth': 49, 'learning_rate': 0.12080940470235117, 'gamma': 0.040660830415207606, 'colsample_bytree': 0.5258103051525763}",-0.13495807879903315,-0.11915430981366334,-0.11543356068795256,-0.1626831335793242,-0.1554988964598737,-0.10687180000883284,-0.13459497947180202,-0.12072898460416075,-0.13971156055644895,-0.1319897749908086,-0.13216250789719,0.016632083582676635,15
38,6.557488226890564,0.46657982303476964,0.12008695602416992,0.02688895233406595,0.5223089044522261,0.8571,0.464,42,6,40,0.0774327163581791,0.04985292646323162,0.6158463231615808,"{'subsample': 0.5223089044522261, 'reg_lambda': 0.8571, 'reg_alpha': 0.464, 'random_state': 42, 'min_child_weight': 6, 'max_depth': 40, 'learning_rate': 0.0774327163581791, 'gamma': 0.04985292646323162, 'colsample_bytree': 0.6158463231615808}",-0.1281492334924822,-0.12019443922590901,-0.12147308378659002,-0.1635099922985766,-0.15433652245428273,-0.11288367597125805,-0.13271095096358906,-0.11190276044580058,-0.14832176309625864,-0.13185723314881356,-0.13253396548835603,0.01670396048162639,16
84,7.399337577819824,0.22408425411793004,0.11521341800689697,0.013656087700415114,0.6303521260630315,0.8571,0.464,42,6,57,0.16463481740870436,0.018575287643821912,0.4822928964482241,"{'subsample': 0.6303521260630315, 'reg_lambda': 0.8571, 'reg_alpha': 0.464, 'random_state': 42, 'min_child_weight': 6, 'max_depth': 57, 'learning_rate': 0.16463481740870436, 'gamma': 0.018575287643821912, 'colsample_bytree': 0.4822928964482241}",-0.12794153217174492,-0.11663678984180234,-0.12124846567928746,-0.16146881405208344,-0.1534642881861571,-0.1045559026705909,-0.13021135563979785,-0.1268878329640951,-0.1512617104921421,-0.13213966807389757,-0.13258163597715986,0.01687419189037838,17
86,13.918525409698486,0.6035032036034339,0.10866973400115967,0.019161088691639325,0.6143457228614307,0.8571,0.464,42,1,47,0.14728414207103552,0.0196048024012006,0.6078431215607804,"{'subsample': 0.6143457228614307, 'reg_lambda': 0.8571, 'reg_alpha': 0.464, 'random_state': 42, 'min_child_weight': 1, 'max_depth': 47, 'learning_rate': 0.14728414207103552, 'gamma': 0.0196048024012006, 'colsample_bytree': 0.6078431215607804}",-0.1314629864199883,-0.12281270702313063,-0.12402404125184191,-0.16722997306931783,-0.15389643682646542,-0.10668146726905188,-0.14021482244910408,-0.1155550783613542,-0.12367320217764388,-0.140431547568295,-0.1325982262416193,0.017276314037344056,18
54,11.024483036994933,0.6665242956062958,0.10928452014923096,0.01958707393774106,0.9089635817908954,0.8571,0.464,42,4,43,0.22715707853926964,0.01820760380190095,0.5513205102551275,"{'subsample': 0.9089635817908954, 'reg_lambda': 0.8571, 'reg_alpha': 0.464, 'random_state': 42, 'min_child_weight': 4, 'max_depth': 43, 'learning_rate': 0.22715707853926964, 'gamma': 0.01820760380190095, 'colsample_bytree': 0.5513205102551275}",-0.12681431347342834,-0.11693184128385851,-0.13380242449518737,-0.16263017073812205,-0.1567288584487439,-0.10528207992882563,-0.13054409293947222,-0.112129121703874,-0.1379272530469654,-0.14405839976667,-0.13268485558251475,0.017588573194027565,19
67,3.749915289878845,0.19453561359524474,0.10635018348693848,0.023526663121478913,0.941476588294147,0.8571,0.464,42,4,42,0.13801050525262631,0.030880440220110054,0.09863941970985493,"{'subsample': 0.941476588294147, 'reg_lambda': 0.8571, 'reg_alpha': 0.464, 'random_state': 42, 'min_child_weight': 4, 'max_depth': 42, 'learning_rate': 0.13801050525262631, 'gamma': 0.030880440220110054, 'colsample_bytree': 0.09863941970985493}",-0.1222632363227156,-0.11881648167550334,-0.12847262616124647,-0.16193146595384128,-0.16019550652064718,-0.11560698873626285,-0.12665309202166528,-0.1183068533194991,-0.14060067237784285,-0.13455025675065968,-0.13273971798398837,0.015911497062634256,20
5,6.150991201400757,0.7008820566100021,0.11081068515777588,0.015773399763335,0.6293517258629314,0.8571,0.464,42,6,43,0.06830865432716358,0.03953326663331666,0.5343137068534267,"{'subsample': 0.6293517258629314, 'reg_lambda': 0.8571, 'reg_alpha': 0.464, 'random_state': 42, 'min_child_weight': 6, 'max_depth': 43, 'learning_rate': 0.06830865432716358, 'gamma': 0.03953326663331666, 'colsample_bytree': 0.5343137068534267}",-0.1261414672301888,-0.12190129994916646,-0.1231426795772119,-0.1587032636262286,-0.16071321900526442,-0.11447501436552843,-0.13116641788429548,-0.11283260548686491,-0.1474913460983542,-0.13567207840351914,-0.13322393916266223,0.016327786726912985,21
40,10.57994818687439,0.981642791107964,0.1103888988494873,0.019442426586685067,0.5618247123561781,0.8571,0.464,42,8,43,0.19260530265132567,0.035072036018009005,0.7909163581790896,"{'subsample': 0.5618247123561781, 'reg_lambda': 0.8571, 'reg_alpha': 0.464, 'random_state': 42, 'min_child_weight': 8, 'max_depth': 43, 'learning_rate': 0.19260530265132567, 'gamma': 0.035072036018009005, 'colsample_bytree': 0.7909163581790896}",-0.1339385963273775,-0.12420028738257563,-0.11952757036100563,-0.16242141205230298,-0.16172311139021248,-0.10835173528422856,-0.12691749988819628,-0.12677231286901494,-0.1406312414128533,-0.13427926570685478,-0.1338763032674622,0.016388929253838506,22
44,5.2049643993377686,0.24595048371293046,0.10686752796173096,0.018024514008144223,0.7854141570785392,0.8571,0.464,42,4,53,0.1857248624312156,0.02002151075537769,0.1921768384192096,"{'subsample': 0.7854141570785392, 'reg_lambda': 0.8571, 'reg_alpha': 0.464, 'random_state': 42, 'min_child_weight': 4, 'max_depth': 53, 'learning_rate': 0.1857248624312156, 'gamma': 0.02002151075537769, 'colsample_bytree': 0.1921768384192096}",-0.11677955688029583,-0.11675280003020591,-0.11993855950339027,-0.17094017848792806,-0.1603567273887368,-0.11560881944545713,-0.13535732974452502,-0.11893823021281463,-0.14994042939178495,-0.13459577622323068,-0.13392084073083693,0.019163277105422084,23
76,16.109365248680113,1.101846535883637,0.10918135643005371,0.026210789903119574,0.46128449224612306,0.8571,0.464,42,1,45,0.10809554777388694,0.0074957478739369685,0.9729891945972987,"{'subsample': 0.46128449224612306, 'reg_lambda': 0.8571, 'reg_alpha': 0.464, 'random_state': 42, 'min_child_weight': 1, 'max_depth': 45, 'learning_rate': 0.10809554777388694, 'gamma': 0.0074957478739369685, 'colsample_bytree': 0.9729891945972987}",-0.11753657829379376,-0.12516667472571785,-0.13147295676049006,-0.1676920063015199,-0.16115527542922706,-0.10797645455872877,-0.13485081514743252,-0.12130051912711268,-0.13120942934228394,-0.14095676347872604,-0.13393174731650326,0.017673089673476125,24
21,16.810107493400572,1.0249465452809883,0.10428035259246826,0.01884331394808939,0.7363945472736368,0.8571,0.464,42,2,40,0.22984942471235617,0.044607303651825914,0.8344337668834417,"{'subsample': 0.7363945472736368, 'reg_lambda': 0.8571, 'reg_alpha': 0.464, 'random_state': 42, 'min_child_weight': 2, 'max_depth': 40, 'learning_rate': 0.22984942471235617, 'gamma': 0.044607303651825914, 'colsample_bytree': 0.8344337668834417}",-0.13425229072910025,-0.12444834541243488,-0.11673280972367768,-0.17052287922608564,-0.1552055239810151,-0.10614543691042273,-0.1409490240086959,-0.11922671322917168,-0.13634944610553537,-0.13576881299072574,-0.13396012823168651,0.017955770355797054,25
24,4.633552432060242,0.24514368893573996,0.10624263286590577,0.020927781736224383,0.5833333166583292,0.8571,0.464,42,6,49,0.17570335167583792,0.00744672336168084,0.22569024512256128,"{'subsample': 0.5833333166583292, 'reg_lambda': 0.8571, 'reg_alpha': 0.464, 'random_state': 42, 'min_child_weight': 6, 'max_depth': 49, 'learning_rate': 0.17570335167583792, 'gamma': 0.00744672336168084, 'colsample_bytree': 0.22569024512256128}",-0.12362890359945662,-0.11888589235561428,-0.12259660607396972,-0.16346312585113038,-0.1629418240240838,-0.10845888434801441,-0.13168840036243218,-0.13390316568582392,-0.1386458977216689,-0.13870034916854784,-0.1342913049190742,0.01694776907776615,26
71,4.535391902923584,0.3229085459061674,0.1058922290802002,0.018984552454720197,0.4032612806403202,0.8571,0.464,42,8,54,0.13038219109554777,0.021369684842421213,0.33723486743371683,"{'subsample': 0.4032612806403202, 'reg_lambda': 0.8571, 'reg_alpha': 0.464, 'random_state': 42, 'min_child_weight': 8, 'max_depth': 54, 'learning_rate': 0.13038219109554777, 'gamma': 0.021369684842421213, 'colsample_bytree': 0.33723486743371683}",-0.12125250428327727,-0.1217776009622392,-0.1213484577190722,-0.16720611637466598,-0.15426766382052065,-0.12635970329562984,-0.1341448176048606,-0.1263847973542576,-0.1413058770364402,-0.12889982113716988,-0.13429473595881333,0.014765760924710934,27
79,7.854104542732239,1.2067495249485447,0.12468998432159424,0.01764357007126126,0.9164665832916459,0.8571,0.464,42,4,40,0.06038119059529765,0.012716858429214606,0.7313925462731365,"{'subsample': 0.9164665832916459, 'reg_lambda': 0.8571, 'reg_alpha': 0.464, 'random_state': 42, 'min_child_weight': 4, 'max_depth': 40, 'learning_rate': 0.06038119059529765, 'gamma': 0.012716858429214606, 'colsample_bytree': 0.7313925462731365}",-0.12262580825007571,-0.13823409281797436,-0.1307838460352545,-0.15914308284696901,-0.16687803196245093,-0.12478706597687479,-0.12722367397834133,-0.11102928899324603,-0.13990549875480235,-0.1342474639756249,-0.1354857853591614,0.01594394528183976,28
58,6.788211250305176,0.47719674145811325,0.11017832756042481,0.014775235859693946,0.3282312656328164,0.8571,0.464,42,4,42,0.1766008004002001,0.04865182591295648,0.5648259129564782,"{'subsample': 0.3282312656328164, 'reg_lambda': 0.8571, 'reg_alpha': 0.464, 'random_state': 42, 'min_child_weight': 4, 'max_depth': 42, 'learning_rate': 0.1766008004002001, 'gamma': 0.04865182591295648, 'colsample_bytree': 0.5648259129564782}",-0.12576901271738686,-0.12586218534163773,-0.13321886431433644,-0.16425950322191374,-0.1641341690993209,-0.11605454445540894,-0.13369229085627626,-0.12490077583821875,-0.13840960389165383,-0.1297021240364377,-0.13560030737725912,0.015412739801190482,29
31,3.148663115501404,0.1415493026882384,0.10387156009674073,0.010183991152969472,0.23569424712356177,0.8571,0.464,42,2,48,0.09418509254627314,0.029899949974987496,0.17917163581790896,"{'subsample': 0.23569424712356177, 'reg_lambda': 0.8571, 'reg_alpha': 0.464, 'random_state': 42, 'min_child_weight': 2, 'max_depth': 48, 'learning_rate': 0.09418509254627314, 'gamma': 0.029899949974987496, 'colsample_bytree': 0.17917163581790896}",-0.12318715838532361,-0.12919846607813879,-0.12503444825376392,-0.1560351605548988,-0.16464455782584192,-0.12400023749374404,-0.14085200167828033,-0.12087720797433342,-0.1399438727178908,-0.13226902105933053,-0.1356042132021546,0.014059638592980506,30
18,3.3348787784576417,0.2653654110343383,0.09616882801055908,0.016105649844429512,0.5013005002501251,0.8571,0.464,42,6,56,0.08012506253126564,0.041028514257128564,0.19367743871935966,"{'subsample': 0.5013005002501251, 'reg_lambda': 0.8571, 'reg_alpha': 0.464, 'random_state': 42, 'min_child_weight': 6, 'max_depth': 56, 'learning_rate': 0.08012506253126564, 'gamma': 0.041028514257128564, 'colsample_bytree': 0.19367743871935966}",-0.12083041741239116,-0.12197955185865031,-0.12365577880806601,-0.17232521721333793,-0.16088869603333913,-0.12167738237603644,-0.1324746995252962,-0.1257726194203914,-0.14882565985853202,-0.13099555938621382,-0.13594255818922546,0.017406065058607825,31
1,4.580178213119507,0.16484743899846205,0.10441477298736572,0.009103200027514717,0.2622048524262131,0.8571,0.464,42,8,50,0.14504052026013006,0.02264432216108054,0.5628251125562781,"{'subsample': 0.2622048524262131, 'reg_lambda': 0.8571, 'reg_alpha': 0.464, 'random_state': 42, 'min_child_weight': 8, 'max_depth': 50, 'learning_rate': 0.14504052026013006, 'gamma': 0.02264432216108054, 'colsample_bytree': 0.5628251125562781}",-0.1269090097511629,-0.12313347260974399,-0.12627773835306008,-0.16325219495995727,-0.1574202488021475,-0.11348330240999255,-0.13354095679124522,-0.13450174603467308,-0.14881599730573924,-0.1339206491363758,-0.13612553161540977,0.014926266864486662,32
57,3.988536763191223,0.11005361710450295,0.10974087715148925,0.01688741985710085,0.4062624812406203,0.8571,0.464,42,4,51,0.06965482741370685,0.022325662831415707,0.34223686843421713,"{'subsample': 0.4062624812406203, 'reg_lambda': 0.8571, 'reg_alpha': 0.464, 'random_state': 42, 'min_child_weight': 4, 'max_depth': 51, 'learning_rate': 0.06965482741370685, 'gamma': 0.022325662831415707, 'colsample_bytree': 0.34223686843421713}",-0.12605173989968757,-0.1338002096393295,-0.12643318433007464,-0.1615074593331495,-0.16245469518218203,-0.11597829321539409,-0.13669161444460357,-0.11178860829880376,-0.1494596684045309,-0.13820035723879823,-0.13623658299865538,0.01648877008492247,33
29,3.5998390674591065,0.32538760517493215,0.11312601566314698,0.015592119192920095,0.2421968484242121,0.8571,0.464,42,8,60,0.11288194097048525,0.032988494247123565,0.4257702851425713,"{'subsample': 0.2421968484242121, 'reg_lambda': 0.8571, 'reg_alpha': 0.464, 'random_state': 42, 'min_child_weight': 8, 'max_depth': 60, 'learning_rate': 0.11288194097048525, 'gamma': 0.032988494247123565, 'colsample_bytree': 0.4257702851425713}",-0.127184690078787,-0.12708159170031738,-0.1183558044868063,-0.16168973206195109,-0.1583128401045353,-0.11959220543467933,-0.14624881659364192,-0.13248398249608176,-0.15528889492963074,-0.1313564791031182,-0.1377595036989549,0.0154132153111399,34
95,4.217769932746887,0.3100830253247745,0.11508617401123047,0.023690102927057647,0.7013805402701351,0.8571,0.464,42,1,47,0.22042621310655328,0.0016618309154577287,0.09313721860930466,"{'subsample': 0.7013805402701351, 'reg_lambda': 0.8571, 'reg_alpha': 0.464, 'random_state': 42, 'min_child_weight': 1, 'max_depth': 47, 'learning_rate': 0.22042621310655328, 'gamma': 0.0016618309154577287, 'colsample_bytree': 0.09313721860930466}",-0.12868011841092628,-0.11650068846207051,-0.14209891303817973,-0.17221826046086208,-0.1640366579195588,-0.11076040217154613,-0.138493098834067,-0.12792117837542916,-0.13920148663290655,-0.1387762513904768,-0.13786870556960232,0.01805650524839484,35
10,15.40683012008667,1.2714393181216923,0.1126746654510498,0.01882743973631028,0.5473189094547274,0.8571,0.464,42,2,53,0.18871635817908955,0.0038189094547273635,0.9524809904952476,"{'subsample': 0.5473189094547274, 'reg_lambda': 0.8571, 'reg_alpha': 0.464, 'random_state': 42, 'min_child_weight': 2, 'max_depth': 53, 'learning_rate': 0.18871635817908955, 'gamma': 0.0038189094547273635, 'colsample_bytree': 0.9524809904952476}",-0.14229172596467002,-0.1208259926121917,-0.14649682269568523,-0.15289878457598005,-0.16927996582233887,-0.11316554638354444,-0.13025953561439363,-0.12957394058051885,-0.13684977243511992,-0.14062547070226417,-0.13822675573867066,0.015301427292919393,36
39,14.656742382049561,0.6218915941620909,0.13432095050811768,0.011637509207001514,0.8559423711855928,0.8571,0.464,42,1,46,0.2675422711355678,0.02374737368684342,0.43177268634317156,"{'subsample': 0.8559423711855928, 'reg_lambda': 0.8571, 'reg_alpha': 0.464, 'random_state': 42, 'min_child_weight': 1, 'max_depth': 46, 'learning_rate': 0.2675422711355678, 'gamma': 0.02374737368684342, 'colsample_bytree': 0.43177268634317156}",-0.14183330528770377,-0.12266211061320494,-0.12929967221247085,-0.1777075643531949,-0.1668634547817914,-0.11675714801734707,-0.13788122324955088,-0.1266481086024163,-0.1290354986361084,-0.14719186534770587,-0.13958799511014944,0.018588179490835702,37
19,8.971915292739869,0.8081886859069748,0.1026618480682373,0.012213309850314555,0.6303521260630315,0.8571,0.464,42,2,43,0.23074687343671835,0.006196598299149575,0.40376148074037016,"{'subsample': 0.6303521260630315, 'reg_lambda': 0.8571, 'reg_alpha': 0.464, 'random_state': 42, 'min_child_weight': 2, 'max_depth': 43, 'learning_rate': 0.23074687343671835, 'gamma': 0.006196598299149575, 'colsample_bytree': 0.40376148074037016}",-0.12986380638536693,-0.12018066769702448,-0.13564353487485603,-0.15833987964156654,-0.1717834644401243,-0.12050381758242663,-0.12987138762715567,-0.1353211843664145,-0.15180843549497758,-0.14365197160261553,-0.1396968149712528,0.01586664742911997,38
51,3.980862355232239,0.22591324754812536,0.11117393970489502,0.017582225151294595,0.1656662331165583,0.8571,0.464,42,4,45,0.09986893446723362,0.048921460730365185,0.5138055027513757,"{'subsample': 0.1656662331165583, 'reg_lambda': 0.8571, 'reg_alpha': 0.464, 'random_state': 42, 'min_child_weight': 4, 'max_depth': 45, 'learning_rate': 0.09986893446723362, 'gamma': 0.048921460730365185, 'colsample_bytree': 0.5138055027513757}",-0.13378021602619045,-0.13051398579919388,-0.13088201615943276,-0.16733612119760843,-0.16535207138424868,-0.11942811493498669,-0.14323348060480998,-0.12267547157770957,-0.14963860285982122,-0.13632533835307942,-0.1399165418897081,0.015626682759848597,39
68,6.4971589088439945,0.3809900875039729,0.10892469882965088,0.015946189155477783,0.17116843421710856,0.8571,0.464,42,4,48,0.1538654327163582,0.03597898949474737,0.9294717858929465,"{'subsample': 0.17116843421710856, 'reg_lambda': 0.8571, 'reg_alpha': 0.464, 'random_state': 42, 'min_child_weight': 4, 'max_depth': 48, 'learning_rate': 0.1538654327163582, 'gamma': 0.03597898949474737, 'colsample_bytree': 0.9294717858929465}",-0.13412576624083133,-0.11983163673187197,-0.1300827411454233,-0.16763497732356364,-0.16356983320501314,-0.12734278403908925,-0.14916873055309018,-0.12551497390954955,-0.1497588070453031,-0.13696658241797846,-0.1403996832611714,0.015542765899627813,40
75,2.5655656814575196,0.1519942509947258,0.10559020042419434,0.017969305033552124,0.740896348174087,0.8571,0.464,42,6,41,0.08476188094047024,0.01730065032516258,0.07763101550775388,"{'subsample': 0.740896348174087, 'reg_lambda': 0.8571, 'reg_alpha': 0.464, 'random_state': 42, 'min_child_weight': 6, 'max_depth': 41, 'learning_rate': 0.08476188094047024, 'gamma': 0.01730065032516258, 'colsample_bytree': 0.07763101550775388}",-0.12808160212864403,-0.13819492702639613,-0.1289196685949832,-0.1647107641615446,-0.1673276228729848,-0.12429958767813959,-0.14013712188085142,-0.12358312733484413,-0.15351633484651617,-0.1407062382064305,-0.14094769947313346,0.01521757297470497,41
61,6.916259765625,0.41578873806063954,0.11274509429931641,0.025787242752543054,0.41876748374187095,0.8571,0.464,42,4,45,0.2386743371685843,0.043822911455727864,0.42026808404202104,"{'subsample': 0.41876748374187095, 'reg_lambda': 0.8571, 'reg_alpha': 0.464, 'random_state': 42, 'min_child_weight': 4, 'max_depth': 45, 'learning_rate': 0.2386743371685843, 'gamma': 0.043822911455727864, 'colsample_bytree': 0.42026808404202104}",-0.1287958336452124,-0.1298699518545119,-0.12813924224921566,-0.16631874690057397,-0.16026141706885277,-0.1273250604545331,-0.13688811163283768,-0.12856345578319311,-0.15998585293118592,-0.14461159985954558,-0.14107592723796622,0.014772568210586808,42
97,5.206998610496521,0.38920090084293385,0.11945765018463135,0.015637066006074705,0.4737894947473737,0.8571,0.464,42,4,40,0.21668684342171085,0.011295147573786895,0.2582032516258129,"{'subsample': 0.4737894947473737, 'reg_lambda': 0.8571, 'reg_alpha': 0.464, 'random_state': 42, 'min_child_weight': 4, 'max_depth': 40, 'learning_rate': 0.21668684342171085, 'gamma': 0.011295147573786895, 'colsample_bytree': 0.2582032516258129}",-0.12859404789576598,-0.12171852869137322,-0.12752777447775085,-0.17119238397372347,-0.16358635755324247,-0.12361615642409426,-0.13478750479074858,-0.14031099248946413,-0.15341731523637947,-0.14621369187399058,-0.1410964753406533,0.01628328686957598,43
59,2.603250193595886,0.2315677848067163,0.10365288257598877,0.015296512678408519,0.1721688344172086,0.8571,0.464,42,6,51,0.14713456728364183,0.028257628814407205,0.180172036018009,"{'subsample': 0.1721688344172086, 'reg_lambda': 0.8571, 'reg_alpha': 0.464, 'random_state': 42, 'min_child_weight': 6, 'max_depth': 51, 'learning_rate': 0.14713456728364183, 'gamma': 0.028257628814407205, 'colsample_bytree': 0.180172036018009}",-0.1286593463783942,-0.12460459343607337,-0.1272191107010952,-0.17479073906266354,-0.16218260524299727,-0.1325955056368547,-0.1448972026685877,-0.1271103580325438,-0.15350291075753533,-0.1427656171321821,-0.14183279890489273,0.016225847646850353,44
83,13.297426772117614,1.2610884224946761,0.11762940883636475,0.02212018004509045,0.9629851925962982,0.8571,0.464,42,4,43,0.29326913456728365,0.009603801900950476,0.7539015507753877,"{'subsample': 0.9629851925962982, 'reg_lambda': 0.8571, 'reg_alpha': 0.464, 'random_state': 42, 'min_child_weight': 4, 'max_depth': 43, 'learning_rate': 0.29326913456728365, 'gamma': 0.009603801900950476, 'colsample_bytree': 0.7539015507753877}",-0.13406538306043353,-0.13011432414146779,-0.14424255341529343,-0.17875058591085263,-0.16817289461901766,-0.11506893373954503,-0.14081225279926693,-0.12366741286160161,-0.14200206851233296,-0.1420830475087563,-0.1418979456568568,0.018186704029988787,45
64,5.370913958549499,0.26796275025297356,0.10164189338684082,0.030544098260166564,0.3062224612306153,0.8571,0.464,42,4,46,0.18048974487243621,0.030341170585292645,0.44327728864432214,"{'subsample': 0.3062224612306153, 'reg_lambda': 0.8571, 'reg_alpha': 0.464, 'random_state': 42, 'min_child_weight': 4, 'max_depth': 46, 'learning_rate': 0.18048974487243621, 'gamma': 0.030341170585292645, 'colsample_bytree': 0.44327728864432214}",-0.1284734054120069,-0.13453304867406413,-0.1410359359401569,-0.1761412009050351,-0.16717984717166082,-0.11933184509030396,-0.1456769202727997,-0.12290069911357648,-0.14384308224006653,-0.14000958877698777,-0.14191255735966585,0.017142725443957157,46
55,2.701594114303589,0.11089422625469775,0.11846320629119873,0.043724278166100444,0.21968784392196097,0.8571,0.464,42,6,48,0.22625962981490746,0.04061180590295148,0.15516203101550774,"{'subsample': 0.21968784392196097, 'reg_lambda': 0.8571, 'reg_alpha': 0.464, 'random_state': 42, 'min_child_weight': 6, 'max_depth': 48, 'learning_rate': 0.22625962981490746, 'gamma': 0.04061180590295148, 'colsample_bytree': 0.15516203101550774}",-0.13287520485081517,-0.12923237871297996,-0.13269259732524816,-0.16379791137477295,-0.1717110101401036,-0.12118509353184212,-0.15055859383051381,-0.1394957064358428,-0.14537518673559252,-0.13472116949410465,-0.1421644852431816,0.015058814359742613,47
12,6.013218569755554,0.28627488891388003,0.11284885406494141,0.02824024448488631,0.7839135567783893,0.8571,0.464,42,6,43,0.2902776388194097,0.04232766383191596,0.24769904952476238,"{'subsample': 0.7839135567783893, 'reg_lambda': 0.8571, 'reg_alpha': 0.464, 'random_state': 42, 'min_child_weight': 6, 'max_depth': 43, 'learning_rate': 0.2902776388194097, 'gamma': 0.04232766383191596, 'colsample_bytree': 0.24769904952476238}",-0.13476065961100103,-0.12222337783494737,-0.14948879779226482,-0.17230741730371124,-0.17256654632908755,-0.11389981173577869,-0.14027730622598977,-0.1342792697757953,-0.13860606604602582,-0.1442846971308732,-0.14226939497854746,0.017946222570913804,48
66,10.19701840877533,0.5079257429812017,0.10823123455047608,0.01595980014013486,0.5358143071535768,0.8571,0.464,42,2,42,0.29566233116558277,0.014016008004002,0.47929169584792397,"{'subsample': 0.5358143071535768, 'reg_lambda': 0.8571, 'reg_alpha': 0.464, 'random_state': 42, 'min_child_weight': 2, 'max_depth': 42, 'learning_rate': 0.29566233116558277, 'gamma': 0.014016008004002, 'colsample_bytree': 0.47929169584792397}",-0.14557020699911763,-0.13406568109335718,-0.12483404874620911,-0.1664056805204645,-0.16729990714326345,-0.117344884763664,-0.13269298509926283,-0.1400854811344338,-0.14835646574200628,-0.15232408475255402,-0.14289794259943328,0.015630678839563317,49
48,11.377048420906068,0.6068551434191293,0.12041504383087158,0.02509291852134789,0.6118447223611806,0.8571,0.464,42,2,46,0.28429464732366183,0.011491245622811404,0.5348139069534767,"{'subsample': 0.6118447223611806, 'reg_lambda': 0.8571, 'reg_alpha': 0.464, 'random_state': 42, 'min_child_weight': 2, 'max_depth': 46, 'learning_rate': 0.28429464732366183, 'gamma': 0.011491245622811404, 'colsample_bytree': 0.5348139069534767}",-0.14584536221599323,-0.13644729423904436,-0.1307579335087946,-0.1681950763200798,-0.16819636058109888,-0.11715284191285967,-0.129165789563628,-0.13121401617607245,-0.15932715797473346,-0.143149298318865,-0.14294511308111696,0.01653931472060121,50
41,10.332391262054443,0.9438100369449042,0.1170551061630249,0.028357911317710736,0.4057622811405703,0.8571,0.464,42,1,51,0.19006253126563283,0.0063681840920460225,0.48779509754877437,"{'subsample': 0.4057622811405703, 'reg_lambda': 0.8571, 'reg_alpha': 0.464, 'random_state': 42, 'min_child_weight': 1, 'max_depth': 51, 'learning_rate': 0.19006253126563283, 'gamma': 0.0063681840920460225, 'colsample_bytree': 0.48779509754877437}",-0.13448328636055337,-0.132241357417341,-0.13511224941693825,-0.16980963389409426,-0.1704841663955565,-0.11864210292339596,-0.14667225401411357,-0.13289979599857266,-0.14503128686540886,-0.14694428672018203,-0.14323204200061565,0.0156607378250882,51
7,2.072951817512512,0.09764834275712128,0.1096088171005249,0.01645444820734075,0.9544817908954477,0.8571,0.464,42,4,45,0.1622416208104052,0.024017008504252126,0.02711080540270135,"{'subsample': 0.9544817908954477, 'reg_lambda': 0.8571, 'reg_alpha': 0.464, 'random_state': 42, 'min_child_weight': 4, 'max_depth': 45, 'learning_rate': 0.1622416208104052, 'gamma': 0.024017008504252126, 'colsample_bytree': 0.02711080540270135}",-0.13236717611342846,-0.13522587227472785,-0.12819701404401715,-0.166422544891051,-0.16565338145419758,-0.1318164635634511,-0.14883540633891182,-0.12373815453704066,-0.15530207191308065,-0.14736434460514258,-0.1434922429735049,0.01467147330751602,52
98,11.735931944847106,1.7160950235205834,0.08661503791809082,0.04327599891315033,0.5123049024512256,0.8571,0.464,42,1,43,0.2542301150575288,0.045024012006003,0.5478191095547774,"{'subsample': 0.5123049024512256, 'reg_lambda': 0.8571, 'reg_alpha': 0.464, 'random_state': 42, 'min_child_weight': 1, 'max_depth': 43, 'learning_rate': 0.2542301150575288, 'gamma': 0.045024012006003, 'colsample_bytree': 0.5478191095547774}",-0.1294608599175454,-0.14333130641617062,-0.1257322936689844,-0.1720157783755844,-0.1622977095116003,-0.11049563846491746,-0.15134685718780255,-0.14169456938541025,-0.1493779118045377,-0.15762841217377394,-0.1443381336906327,0.0174945094928715,53
33,2.815772199630737,0.14445355305279386,0.10697305202484131,0.012840453159173029,0.28321325662831415,0.8571,0.464,42,6,58,0.19469934967483743,0.01747223611805903,0.12965182591295646,"{'subsample': 0.28321325662831415, 'reg_lambda': 0.8571, 'reg_alpha': 0.464, 'random_state': 42, 'min_child_weight': 6, 'max_depth': 58, 'learning_rate': 0.19469934967483743, 'gamma': 0.01747223611805903, 'colsample_bytree': 0.12965182591295646}",-0.13118206853859007,-0.1350438421569377,-0.1325866074398702,-0.17133357613441777,-0.1707453468826616,-0.13229255868066328,-0.1418090316705651,-0.13651783612939072,-0.15105049241713278,-0.1409880573786993,-0.14435494174289284,0.014465767625962028,54
34,5.5197560548782345,0.23155791650543375,0.11843950748443603,0.023603819843329366,0.10364142071035519,0.8571,0.464,42,2,55,0.09642871435717859,0.04955877938969485,0.99949979989995,"{'subsample': 0.10364142071035519, 'reg_lambda': 0.8571, 'reg_alpha': 0.464, 'random_state': 42, 'min_child_weight': 2, 'max_depth': 55, 'learning_rate': 0.09642871435717859, 'gamma': 0.04955877938969485, 'colsample_bytree': 0.99949979989995}",-0.14539098417957483,-0.135225803746182,-0.1389262075490286,-0.16536261666400892,-0.17370314932295078,-0.1283943885637705,-0.13736740085391785,-0.12974710881352713,-0.15945733086008654,-0.1350864546791862,-0.14486614452322333,0.014982833137349851,55
85,8.671128058433533,0.5928558783450405,0.1005866527557373,0.021010027394201842,0.1861744372186093,0.8571,0.464,42,1,51,0.19275487743871936,0.0230120060030015,0.779911955977989,"{'subsample': 0.1861744372186093, 'reg_lambda': 0.8571, 'reg_alpha': 0.464, 'random_state': 42, 'min_child_weight': 1, 'max_depth': 51, 'learning_rate': 0.19275487743871936, 'gamma': 0.0230120060030015, 'colsample_bytree': 0.779911955977989}",-0.12850004039389498,-0.14562077283296054,-0.13912624734082898,-0.1765562040822048,-0.17166934107324522,-0.13999837560418182,-0.13900935156380392,-0.12741788063623893,-0.13875745001033418,-0.1475997896776926,-0.14542554532153856,0.015582474934080801,56
50,6.614754939079285,0.7095147432009015,0.12777495384216309,0.021280894986077544,0.29121645822911457,0.8571,0.464,42,6,50,0.2714312156078039,0.03803801900950475,0.5938375187593797,"{'subsample': 0.29121645822911457, 'reg_lambda': 0.8571, 'reg_alpha': 0.464, 'random_state': 42, 'min_child_weight': 6, 'max_depth': 50, 'learning_rate': 0.2714312156078039, 'gamma': 0.03803801900950475, 'colsample_bytree': 0.5938375187593797}",-0.14237985120691907,-0.13461846592129104,-0.13884281539337995,-0.17264676331500203,-0.17098386247438602,-0.13688287229275975,-0.14720494350487962,-0.11822108252216608,-0.14376855007589198,-0.14999115129662605,-0.14555403580033016,0.015502501235445026,57
26,3.4547919988632203,0.2716243539618233,0.10036542415618896,0.01494277361863711,0.19117643821910954,0.8571,0.464,42,4,46,0.19230615307653828,0.014947473736868434,0.2722088544272136,"{'subsample': 0.19117643821910954, 'reg_lambda': 0.8571, 'reg_alpha': 0.464, 'random_state': 42, 'min_child_weight': 4, 'max_depth': 46, 'learning_rate': 0.19230615307653828, 'gamma': 0.014947473736868434, 'colsample_bytree': 0.2722088544272136}",-0.13775104950321812,-0.12804648366364535,-0.12731349401258313,-0.17027428566525568,-0.16890059971016555,-0.12477304992045207,-0.1531318715497163,-0.1478747118377974,-0.15347655584011094,-0.14870593361635756,-0.14602480353193023,0.015560893960727544,58
81,9.48698799610138,0.5936659941750435,0.11276624202728272,0.02158155026121336,0.7313925462731365,0.8571,0.464,42,1,52,0.288183591795898,0.029703851925962983,0.2777110555277639,"{'subsample': 0.7313925462731365, 'reg_lambda': 0.8571, 'reg_alpha': 0.464, 'random_state': 42, 'min_child_weight': 1, 'max_depth': 52, 'learning_rate': 0.288183591795898, 'gamma': 0.029703851925962983, 'colsample_bytree': 0.2777110555277639}",-0.1362339448392076,-0.12919570142161602,-0.1355267869865416,-0.19104209411698847,-0.15624286705244636,-0.11922562836154717,-0.15035937639428856,-0.14192597799168385,-0.1578534631760928,-0.14460793622397217,-0.14622137765643844,0.018749869832879528,59
36,13.006604146957397,0.511755803173615,0.11522083282470703,0.030773333342380006,0.38325327663831915,0.8571,0.464,42,1,51,0.26499949974987497,0.02901750875437719,0.6773709354677339,"{'subsample': 0.38325327663831915, 'reg_lambda': 0.8571, 'reg_alpha': 0.464, 'random_state': 42, 'min_child_weight': 1, 'max_depth': 51, 'learning_rate': 0.26499949974987497, 'gamma': 0.02901750875437719, 'colsample_bytree': 0.6773709354677339}",-0.12909005107342544,-0.1286682154369405,-0.1455520337978463,-0.18596101900925502,-0.16657995803732056,-0.13197757342454422,-0.14453940733457085,-0.13341193366595955,-0.15370189872753168,-0.15247127087938503,-0.1471953361386779,0.0174673553053164,60
78,9.618528461456298,0.5807427404393986,0.10908248424530029,0.02845863988004638,0.4042616808404202,0.8571,0.464,42,8,46,0.24450775387693846,0.007887943971985993,0.9524809904952476,"{'subsample': 0.4042616808404202, 'reg_lambda': 0.8571, 'reg_alpha': 0.464, 'random_state': 42, 'min_child_weight': 8, 'max_depth': 46, 'learning_rate': 0.24450775387693846, 'gamma': 0.007887943971985993, 'colsample_bytree': 0.9524809904952476}",-0.145486369507146,-0.13095109115986525,-0.12816180197773272,-0.16847132010739588,-0.17666596146565025,-0.13387790430705043,-0.14670672001671642,-0.14078714277857055,-0.1518182239015546,-0.15040617489527672,-0.14733327101169588,0.01483376125760915,61
65,2.5058708429336547,0.1614466993219805,0.11476726531982422,0.025540922795226684,0.4282712856428214,0.8571,0.464,42,6,43,0.24660180090045022,0.028845922961480742,0.05762301150575288,"{'subsample': 0.4282712856428214, 'reg_lambda': 0.8571, 'reg_alpha': 0.464, 'random_state': 42, 'min_child_weight': 6, 'max_depth': 43, 'learning_rate': 0.24660180090045022, 'gamma': 0.028845922961480742, 'colsample_bytree': 0.05762301150575288}",-0.13580889778096172,-0.13077523325189416,-0.14903767027701803,-0.16740552034488823,-0.16998743624131785,-0.1187690895356207,-0.15682066521492022,-0.14877665683073724,-0.16466027447702655,-0.1400941795784332,-0.14821356235328179,0.01605888540780746,62
92,5.145997095108032,0.42151997107175515,0.11120471954345704,0.021686039134476517,0.18567423711855927,0.8571,0.464,42,6,44,0.2576703351675838,0.04774487243621811,0.7218887443721861,"{'subsample': 0.18567423711855927, 'reg_lambda': 0.8571, 'reg_alpha': 0.464, 'random_state': 42, 'min_child_weight': 6, 'max_depth': 44, 'learning_rate': 0.2576703351675838, 'gamma': 0.04774487243621811, 'colsample_bytree': 0.7218887443721861}",-0.14692714094391826,-0.1403046070416302,-0.13635628533169264,-0.16551004456336024,-0.16128570077581414,-0.12098922163814224,-0.15749465341166463,-0.13804160709411906,-0.16146973348118873,-0.15450600844263365,-0.1482885002724164,0.013494026154403297,63
87,4.705058240890503,0.29639532942054564,0.1084439754486084,0.017875730126961503,0.24519804902451225,0.8571,0.464,42,1,60,0.057240120060030014,0.03308654327163582,0.5448179089544772,"{'subsample': 0.24519804902451225, 'reg_lambda': 0.8571, 'reg_alpha': 0.464, 'random_state': 42, 'min_child_weight': 1, 'max_depth': 60, 'learning_rate': 0.057240120060030014, 'gamma': 0.03308654327163582, 'colsample_bytree': 0.5448179089544772}",-0.14386167773071595,-0.15142760940970695,-0.1312728262677797,-0.16833806522830805,-0.17345949967996588,-0.14347903149269914,-0.14997736373351733,-0.12813207111199093,-0.166603068120305,-0.14559567955415811,-0.15021468923291473,0.014465081119411949,64
3,8.29470100402832,0.4640842498641224,0.11217365264892579,0.022431134503837737,0.2381952476238119,0.8571,0.464,42,2,40,0.24181540770385193,0.0025442721360680338,0.7458983491745873,"{'subsample': 0.2381952476238119, 'reg_lambda': 0.8571, 'reg_alpha': 0.464, 'random_state': 42, 'min_child_weight': 2, 'max_depth': 40, 'learning_rate': 0.24181540770385193, 'gamma': 0.0025442721360680338, 'colsample_bytree': 0.7458983491745873}",-0.1348740085094933,-0.1420755221940506,-0.15255825548345725,-0.18384723255399335,-0.18361593217641348,-0.11801965817973951,-0.1365222471156231,-0.14763680374253826,-0.1596337988830124,-0.14391419631887464,-0.15026976551571958,0.019781051087272815,65
16,5.303907966613769,0.33404119653362985,0.11416857242584229,0.014700144121861268,0.23919564782391195,0.8571,0.464,42,6,53,0.28967933966983495,0.04210705352676338,0.5708283141570786,"{'subsample': 0.23919564782391195, 'reg_lambda': 0.8571, 'reg_alpha': 0.464, 'random_state': 42, 'min_child_weight': 6, 'max_depth': 53, 'learning_rate': 0.28967933966983495, 'gamma': 0.04210705352676338, 'colsample_bytree': 0.5708283141570786}",-0.14740679721374084,-0.1505205922225532,-0.14062788267327303,-0.1786436412693883,-0.16593047288536597,-0.13001581371564835,-0.15634465164490557,-0.132200852101706,-0.16265156664378624,-0.13994124394151486,-0.1504283514311882,0.014781435268633583,66
46,6.680974721908569,0.2580445213417065,0.11989417076110839,0.032521296400801813,0.3032212606303152,0.8571,0.464,42,4,58,0.28519209604802404,0.034851425712856425,0.5628251125562781,"{'subsample': 0.3032212606303152, 'reg_lambda': 0.8571, 'reg_alpha': 0.464, 'random_state': 42, 'min_child_weight': 4, 'max_depth': 58, 'learning_rate': 0.28519209604802404, 'gamma': 0.034851425712856425, 'colsample_bytree': 0.5628251125562781}",-0.12759710799612048,-0.13802425638438606,-0.16602526150521,-0.1704768233540743,-0.17280775912689517,-0.12632625812485807,-0.15084497634888613,-0.14550839150846306,-0.15534603135106834,-0.15607744248185199,-0.1509034308181814,0.015748965854289934,67
17,1.778461766242981,0.15942742675264523,0.09485006332397461,0.01248133848895605,0.4102640820410205,0.8571,0.464,42,6,58,0.2682901450725363,0.03320910455227614,0.029611805902951475,"{'subsample': 0.4102640820410205, 'reg_lambda': 0.8571, 'reg_alpha': 0.464, 'random_state': 42, 'min_child_weight': 6, 'max_depth': 58, 'learning_rate': 0.2682901450725363, 'gamma': 0.03320910455227614, 'colsample_bytree': 0.029611805902951475}",-0.1328495053722168,-0.14158939683408295,-0.14831636581071309,-0.1764359382980382,-0.1861308663326501,-0.14628182087328367,-0.1430781132001158,-0.1286714419822891,-0.16082091678221996,-0.15219433876846503,-0.15163687042540747,0.01727359066919036,68
32,4.559896731376648,0.2281038151999671,0.10993156433105469,0.012994887846979993,0.2697078539269635,0.8571,0.464,42,6,41,0.27831165582791395,0.0029119559779889944,0.3987594797398699,"{'subsample': 0.2697078539269635, 'reg_lambda': 0.8571, 'reg_alpha': 0.464, 'random_state': 42, 'min_child_weight': 6, 'max_depth': 41, 'learning_rate': 0.27831165582791395, 'gamma': 0.0029119559779889944, 'colsample_bytree': 0.3987594797398699}",-0.1264951108759923,-0.14059683510599114,-0.14986902431379348,-0.1732917629946417,-0.17248282299735573,-0.1420944451361932,-0.15245286440020367,-0.1558120781222878,-0.15646976204909097,-0.15417515756033814,-0.1523739863555888,0.013394499892663001,69
13,12.642112922668456,1.0149802105806685,0.1097327470779419,0.021005027171689467,0.260204052026013,0.8571,0.464,42,1,52,0.25871735867933965,0.03879789894947474,0.958483391695848,"{'subsample': 0.260204052026013, 'reg_lambda': 0.8571, 'reg_alpha': 0.464, 'random_state': 42, 'min_child_weight': 1, 'max_depth': 52, 'learning_rate': 0.25871735867933965, 'gamma': 0.03879789894947474, 'colsample_bytree': 0.958483391695848}",-0.13494360227717958,-0.14999204058701207,-0.14170569985091316,-0.18455405200717287,-0.1678703660535867,-0.1484767282802858,-0.17125806099930466,-0.1578889349305431,-0.15849517720910455,-0.14412435719121963,-0.1559309019386322,0.014422964772892816,70
25,1.4729962825775147,0.08267660457620964,0.10132970809936523,0.01285068566887425,0.7854141570785392,0.8571,0.464,42,6,56,0.28788444222111054,0.011858929464732364,0.014105602801400701,"{'subsample': 0.7854141570785392, 'reg_lambda': 0.8571, 'reg_alpha': 0.464, 'random_state': 42, 'min_child_weight': 6, 'max_depth': 56, 'learning_rate': 0.28788444222111054, 'gamma': 0.011858929464732364, 'colsample_bytree': 0.014105602801400701}",-0.14142719777434093,-0.1515978881043286,-0.14824552799679566,-0.17755353882359928,-0.18185358302639562,-0.13741531731944867,-0.15914392942946715,-0.15423685924912503,-0.16163804597270265,-0.15936385703574704,-0.15724757447319507,0.01345645512313337,71
96,1.4611602783203126,0.07744362140833216,0.09955933094024658,0.013453086265086678,0.16466583291645823,0.8571,0.464,42,4,46,0.23433666833416708,0.007422211105552776,0.025610205102551277,"{'subsample': 0.16466583291645823, 'reg_lambda': 0.8571, 'reg_alpha': 0.464, 'random_state': 42, 'min_child_weight': 4, 'max_depth': 46, 'learning_rate': 0.23433666833416708, 'gamma': 0.007422211105552776, 'colsample_bytree': 0.025610205102551277}",-0.142102388504598,-0.14702268735121232,-0.15903433717931342,-0.17585432656468725,-0.19503868187128828,-0.15914165891427234,-0.1611687577956046,-0.1489010760119728,-0.1667070875949564,-0.16562843200575128,-0.16205994337936566,0.014588543467698136,72
45,1.8260961771011353,0.13015816287010298,0.09162302017211914,0.01799460181818964,0.03361340670335168,0.8571,0.464,42,4,47,0.1287368684342171,0.037915457728864434,0.4092636818409205,"{'subsample': 0.03361340670335168, 'reg_lambda': 0.8571, 'reg_alpha': 0.464, 'random_state': 42, 'min_child_weight': 4, 'max_depth': 47, 'learning_rate': 0.1287368684342171, 'gamma': 0.037915457728864434, 'colsample_bytree': 0.4092636818409205}",-0.15430198195646358,-0.14800707568446755,-0.15737753739946583,-0.1862390499977699,-0.19818486349149783,-0.15966043939769067,-0.16586955994470648,-0.15068914354933613,-0.18397328319375958,-0.15076480583367324,-0.16550677404488306,0.01675639309565019,73
69,3.8457990884780884,0.14788270139872375,0.10135018825531006,0.01087706687332832,0.3147258629314657,0.8571,0.464,42,8,58,0.05006053026513257,0.04139619809904953,0.9024609804902451,"{'subsample': 0.3147258629314657, 'reg_lambda': 0.8571, 'reg_alpha': 0.464, 'random_state': 42, 'min_child_weight': 8, 'max_depth': 58, 'learning_rate': 0.05006053026513257, 'gamma': 0.04139619809904953, 'colsample_bytree': 0.9024609804902451}",-0.15826843599008283,-0.1703698188016989,-0.1598560575039533,-0.18491757068490336,-0.19278855142020782,-0.16744725808656458,-0.16153509018260673,-0.14449229262798255,-0.19219192271074537,-0.14658724895546965,-0.1678454246964215,0.016448552042514726,74
42,6.550472068786621,0.26454568330664147,0.10278658866882324,0.03208424747222946,0.24619844922461231,0.8571,0.464,42,1,45,0.2955127563781891,0.018036018009004503,0.3382352676338169,"{'subsample': 0.24619844922461231, 'reg_lambda': 0.8571, 'reg_alpha': 0.464, 'random_state': 42, 'min_child_weight': 1, 'max_depth': 45, 'learning_rate': 0.2955127563781891, 'gamma': 0.018036018009004503, 'colsample_bytree': 0.3382352676338169}",-0.1525143229224107,-0.183761374402232,-0.15571601152101247,-0.19170887219902535,-0.1814888457639196,-0.1555952482661052,-0.1653651148725343,-0.16092133873755343,-0.18553873139332794,-0.16303931591614557,-0.16956491759942666,0.013790709976514133,75
8,2.2954365730285646,0.10709746584492881,0.10040388107299805,0.012691318403130689,0.06212481240620311,0.8571,0.464,42,4,60,0.23149474737368683,0.0491175587793897,0.2842136568284142,"{'subsample': 0.06212481240620311, 'reg_lambda': 0.8571, 'reg_alpha': 0.464, 'random_state': 42, 'min_child_weight': 4, 'max_depth': 60, 'learning_rate': 0.23149474737368683, 'gamma': 0.0491175587793897, 'colsample_bytree': 0.2842136568284142}",-0.15846980060003824,-0.1508774808167853,-0.16745038376631094,-0.19386679947361088,-0.1972086426920232,-0.15353767542173224,-0.17923046552580332,-0.16098289899524323,-0.17977369280891603,-0.16267792122578636,-0.17040757613262497,0.015492080544082463,76
11,2.0841481685638428,0.160311635714888,0.10489728450775146,0.01755605895834625,0.03311320660330166,0.8571,0.464,42,8,53,0.08715507753876939,0.006760380190095047,0.9559823911955978,"{'subsample': 0.03311320660330166, 'reg_lambda': 0.8571, 'reg_alpha': 0.464, 'random_state': 42, 'min_child_weight': 8, 'max_depth': 53, 'learning_rate': 0.08715507753876939, 'gamma': 0.006760380190095047, 'colsample_bytree': 0.9559823911955978}",-0.16714388258383048,-0.16423545911707982,-0.16096834195197388,-0.19902411808453668,-0.21215174421597516,-0.15505150878574117,-0.1759936062734641,-0.16352922500273503,-0.19824748770690423,-0.17390660878379974,-0.17702519825060403,0.01833855730575386,77
80,3.0756613492965696,0.17416014429872725,0.09818830490112304,0.014536956939928462,0.27721085542771384,0.8571,0.464,42,1,55,0.048863931965982994,0.017545772886443222,0.3282312656328164,"{'subsample': 0.27721085542771384, 'reg_lambda': 0.8571, 'reg_alpha': 0.464, 'random_state': 42, 'min_child_weight': 1, 'max_depth': 55, 'learning_rate': 0.048863931965982994, 'gamma': 0.017545772886443222, 'colsample_bytree': 0.3282312656328164}",-0.16385778880105062,-0.1809502831989776,-0.17352969449233507,-0.19664376529081407,-0.20449015181186544,-0.18233110316848522,-0.161745000306274,-0.15070616175164864,-0.20360497922933607,-0.1680103219443822,-0.17858692499951692,0.017486877830480963,78
99,2.3721047401428224,0.3635059339563741,0.08819239139556885,0.03527481188603408,0.05112041020510256,0.8571,0.464,42,6,57,0.25482841420710356,0.002593296648324162,0.4782912956478239,"{'subsample': 0.05112041020510256, 'reg_lambda': 0.8571, 'reg_alpha': 0.464, 'random_state': 42, 'min_child_weight': 6, 'max_depth': 57, 'learning_rate': 0.25482841420710356, 'gamma': 0.002593296648324162, 'colsample_bytree': 0.4782912956478239}",-0.18296495929164983,-0.1863822472717794,-0.1816157699325424,-0.2219135961329832,-0.1854827308463129,-0.19322309584648117,-0.18057153838549742,-0.18018395483161107,-0.1848565857105335,-0.1765902385331825,-0.18737847167825733,0.012267639825465257,79
6,1.3708128452301025,0.04714646696718947,0.09952778816223144,0.016350580317726186,0.019607803901950976,0.8571,0.464,42,4,47,0.2383751875937969,0.046911455727863934,0.17517003501750875,"{'subsample': 0.019607803901950976, 'reg_lambda': 0.8571, 'reg_alpha': 0.464, 'random_state': 42, 'min_child_weight': 4, 'max_depth': 47, 'learning_rate': 0.2383751875937969, 'gamma': 0.046911455727863934, 'colsample_bytree': 0.17517003501750875}",-0.17678222982431277,-0.17436955357379363,-0.17458600907293725,-0.2229857259301321,-0.23272432052166694,-0.1806129537040752,-0.19691409986316058,-0.20588993436540992,-0.21360557357541518,-0.18424333576903615,-0.19627137361999397,0.020385066947814397,80
47,2.236182427406311,0.11824758009268316,0.10565042495727539,0.005655190027125617,0.12114842421210606,0.8571,0.464,42,6,57,0.045722861430715356,0.019874437218609306,0.7709083541770886,"{'subsample': 0.12114842421210606, 'reg_lambda': 0.8571, 'reg_alpha': 0.464, 'random_state': 42, 'min_child_weight': 6, 'max_depth': 57, 'learning_rate': 0.045722861430715356, 'gamma': 0.019874437218609306, 'colsample_bytree': 0.7709083541770886}",-0.19539412588597624,-0.2124865233996101,-0.2088629220819634,-0.23101385231442012,-0.23976452045947738,-0.2131212654445243,-0.1891515558537929,-0.18127434744772716,-0.23260964603450254,-0.18534613504800912,-0.20890248939700032,0.019811216172169348,81
77,4.595451092720031,0.36610255753727533,0.10088934898376464,0.010827740493731738,0.858943571785893,0.8571,0.464,42,2,60,0.042282641320660334,0.033552276138069034,0.6628651325662831,"{'subsample': 0.858943571785893, 'reg_lambda': 0.8571, 'reg_alpha': 0.464, 'random_state': 42, 'min_child_weight': 2, 'max_depth': 60, 'learning_rate': 0.042282641320660334, 'gamma': 0.033552276138069034, 'colsample_bytree': 0.6628651325662831}",-0.20720098696485942,-0.22594725752912057,-0.21130198017280313,-0.2332087697261851,-0.23807444080709933,-0.22555120789881028,-0.20534496607189534,-0.1948120742038668,-0.2366312633562402,-0.1937385315418067,-0.21718114782726866,0.0159462192040741,82
56,3.6017781496047974,0.32431468124382695,0.09870684146881104,0.008518268831305482,0.5113045022511256,0.8571,0.464,42,4,44,0.04168434217108554,0.005363181590795398,0.6268507253626814,"{'subsample': 0.5113045022511256, 'reg_lambda': 0.8571, 'reg_alpha': 0.464, 'random_state': 42, 'min_child_weight': 4, 'max_depth': 44, 'learning_rate': 0.04168434217108554, 'gamma': 0.005363181590795398, 'colsample_bytree': 0.6268507253626814}",-0.21498064119357244,-0.24265628939765355,-0.22475971651162893,-0.2429830558224275,-0.24832503431222097,-0.2369605837891022,-0.20946041291975326,-0.20704231471457057,-0.2527600716345681,-0.20852989383829573,-0.22884580141337932,0.016972431310077925,83
91,1.3395851135253907,0.08092469380046173,0.10072968006134034,0.01388633553911156,0.11564622311155578,0.8571,0.464,42,4,42,0.04303051525762881,0.04647023511755878,0.1546618309154577,"{'subsample': 0.11564622311155578, 'reg_lambda': 0.8571, 'reg_alpha': 0.464, 'random_state': 42, 'min_child_weight': 4, 'max_depth': 42, 'learning_rate': 0.04303051525762881, 'gamma': 0.04647023511755878, 'colsample_bytree': 0.1546618309154577}",-0.22994434392832744,-0.2631755262927376,-0.2518783040353608,-0.27405796404455113,-0.2855234343724251,-0.25372641707993465,-0.22651168577243871,-0.21880340367346812,-0.282162668735967,-0.2211046726436499,-0.25068884205788605,0.024131926496854583,84
22,1.7487051248550416,0.11624325550150409,0.09579126834869385,0.01300563652868255,0.9379751875937969,0.8571,0.464,42,8,46,0.039141570785392696,0.03578289144572286,0.1421568284142071,"{'subsample': 0.9379751875937969, 'reg_lambda': 0.8571, 'reg_alpha': 0.464, 'random_state': 42, 'min_child_weight': 8, 'max_depth': 46, 'learning_rate': 0.039141570785392696, 'gamma': 0.03578289144572286, 'colsample_bytree': 0.1421568284142071}",-0.2628045359312381,-0.2900190912531459,-0.27569435573185863,-0.2915744960103834,-0.2945965641215961,-0.28582326623578314,-0.2518506694885309,-0.24555868715963675,-0.3017334096565818,-0.24576461247707404,-0.2745419688065828,0.020299345964390217,85
74,4.457162022590637,0.39279414134451046,0.09893739223480225,0.013413891618736656,0.39375747873936967,0.8571,0.464,42,1,47,0.038991995997999,0.049436218109054526,0.7969187593796898,"{'subsample': 0.39375747873936967, 'reg_lambda': 0.8571, 'reg_alpha': 0.464, 'random_state': 42, 'min_child_weight': 1, 'max_depth': 47, 'learning_rate': 0.038991995997999, 'gamma': 0.049436218109054526, 'colsample_bytree': 0.7969187593796898}",-0.26552595163065823,-0.2957010352528259,-0.27938251279284076,-0.292165640438868,-0.3026044580103095,-0.289228350069463,-0.2612254391924618,-0.24972548679891593,-0.3074421758906732,-0.25817021509289534,-0.28011712651699117,0.019232873608656595,86
23,3.375425934791565,0.2203208825733505,0.09830818176269532,0.010868300040217532,0.4752900950475238,0.8571,0.464,42,2,45,0.037346673336668336,0.007422211105552776,0.7183873436718359,"{'subsample': 0.4752900950475238, 'reg_lambda': 0.8571, 'reg_alpha': 0.464, 'random_state': 42, 'min_child_weight': 2, 'max_depth': 45, 'learning_rate': 0.037346673336668336, 'gamma': 0.007422211105552776, 'colsample_bytree': 0.7183873436718359}",-0.2971888982667515,-0.328244872685884,-0.3095954597469401,-0.32306863761580945,-0.3295524884212452,-0.3255961756662755,-0.2870158841721033,-0.28807637904474803,-0.33950928937312613,-0.28764887471468636,-0.311549695970757,0.019101736226736877,87
89,2.4781997442245483,0.22190541351781387,0.10464370250701904,0.015059024371342574,0.2917166583291646,0.8571,0.464,42,8,56,0.037645822911455726,0.049166583291645825,0.7263905452726364,"{'subsample': 0.2917166583291646, 'reg_lambda': 0.8571, 'reg_alpha': 0.464, 'random_state': 42, 'min_child_weight': 8, 'max_depth': 56, 'learning_rate': 0.037645822911455726, 'gamma': 0.049166583291645825, 'colsample_bytree': 0.7263905452726364}",-0.30246585296582623,-0.32905977777347206,-0.3188385020966177,-0.32703345998971567,-0.3337456033506975,-0.3270705157726705,-0.2893263768340424,-0.2905005641204829,-0.343310726412899,-0.27979804924018936,-0.3141149428556613,0.02074515374081466,88
63,1.4489447116851806,0.07790265771703468,0.09919145107269287,0.019322527092399806,0.620848324162081,0.8571,0.464,42,4,43,0.03510305152576288,0.036640820410205104,0.09563821910955478,"{'subsample': 0.620848324162081, 'reg_lambda': 0.8571, 'reg_alpha': 0.464, 'random_state': 42, 'min_child_weight': 4, 'max_depth': 43, 'learning_rate': 0.03510305152576288, 'gamma': 0.036640820410205104, 'colsample_bytree': 0.09563821910955478}",-0.365965368693352,-0.4051247510460568,-0.38719567564740276,-0.3942924652167182,-0.40120922775965934,-0.3938703299157952,-0.3530272847126065,-0.35078318286922516,-0.41284593885616166,-0.3501145871234296,-0.38144288118404074,0.022932112875679027,89
73,1.1134988069534302,0.07596696292168714,0.10679759979248046,0.016445441915705215,0.6368547273636819,0.8571,0.464,42,8,49,0.03390645322661331,0.001,0.013605402701350675,"{'subsample': 0.6368547273636819, 'reg_lambda': 0.8571, 'reg_alpha': 0.464, 'random_state': 42, 'min_child_weight': 8, 'max_depth': 49, 'learning_rate': 0.03390645322661331, 'gamma': 0.001, 'colsample_bytree': 0.013605402701350675}",-0.4343526694749937,-0.4987823302188144,-0.47874416509197215,-0.4799636765912378,-0.499306795706828,-0.4692011313411009,-0.43767319782765685,-0.4282703579071587,-0.494075634759555,-0.4405866071276215,-0.4660956566046939,0.026857301633322006,90
37,2.8873125553131103,0.26551329230559145,0.0986104965209961,0.014009069690702576,0.7679071535767884,0.8571,0.464,42,4,48,0.024632816408204104,0.03308654327163582,0.9479791895947974,"{'subsample': 0.7679071535767884, 'reg_lambda': 0.8571, 'reg_alpha': 0.464, 'random_state': 42, 'min_child_weight': 4, 'max_depth': 48, 'learning_rate': 0.024632816408204104, 'gamma': 0.03308654327163582, 'colsample_bytree': 0.9479791895947974}",-0.9694516596283502,-1.0035756812479963,-0.9850743325670958,-0.9882090345662349,-0.9903560187940074,-1.002660625112482,-0.9516466736339101,-0.9537322950556957,-1.0147886155981258,-0.946117209209771,-0.9805612145413669,0.022869222755882913,91
88,1.8701109409332275,0.21477888341262502,0.09435818195343018,0.01386627149401092,0.8614445722861431,0.8571,0.464,42,2,52,0.023286643321660833,0.03953326663331666,0.3632452726363182,"{'subsample': 0.8614445722861431, 'reg_lambda': 0.8571, 'reg_alpha': 0.464, 'random_state': 42, 'min_child_weight': 2, 'max_depth': 52, 'learning_rate': 0.023286643321660833, 'gamma': 0.03953326663331666, 'colsample_bytree': 0.3632452726363182}",-1.108317249679467,-1.146298243858892,-1.1269755841339644,-1.1291641012893172,-1.1303705446904655,-1.1430142875114828,-1.0874033989127772,-1.0927159932869308,-1.1545289412770536,-1.0838097720991013,-1.1202598116739453,0.02430265463552293,92
14,1.5631471395492553,0.14135950558850788,0.09912419319152832,0.01626505926017475,0.43627448724362183,0.8571,0.464,42,2,46,0.021641320660330168,0.03048824412206103,0.2697078539269635,"{'subsample': 0.43627448724362183, 'reg_lambda': 0.8571, 'reg_alpha': 0.464, 'random_state': 42, 'min_child_weight': 2, 'max_depth': 46, 'learning_rate': 0.021641320660330168, 'gamma': 0.03048824412206103, 'colsample_bytree': 0.2697078539269635}",-1.310048039533583,-1.3578602507103577,-1.334619527791391,-1.3365845584416187,-1.3394958447238696,-1.3433457389576045,-1.2928403946664901,-1.2954735365777348,-1.3693025645969175,-1.292863546355525,-1.3272434002355094,0.026321061631109758,93
4,1.1587498188018799,0.07497590327962794,0.0989063024520874,0.013338023419065082,0.1561624312156078,0.8571,0.464,42,2,41,0.021790895447723863,0.02852726363181591,0.24769904952476238,"{'subsample': 0.1561624312156078, 'reg_lambda': 0.8571, 'reg_alpha': 0.464, 'random_state': 42, 'min_child_weight': 2, 'max_depth': 41, 'learning_rate': 0.021790895447723863, 'gamma': 0.02852726363181591, 'colsample_bytree': 0.24769904952476238}",-1.3051181583905833,-1.3662985485156005,-1.3391932868025413,-1.3419387919958583,-1.347672676353331,-1.3431434615237,-1.293293648443791,-1.2924286331555481,-1.3716441873368403,-1.2947191584714617,-1.3295450550989258,0.028956322683466155,94
93,1.2579362869262696,0.06465421597739163,0.09922983646392822,0.01226794001560383,0.6223489244622311,0.8571,0.464,42,1,54,0.017901950975487746,0.025757378689344673,0.14515802901450725,"{'subsample': 0.6223489244622311, 'reg_lambda': 0.8571, 'reg_alpha': 0.464, 'random_state': 42, 'min_child_weight': 1, 'max_depth': 54, 'learning_rate': 0.017901950975487746, 'gamma': 0.025757378689344673, 'colsample_bytree': 0.14515802901450725}",-1.9010041729604477,-1.9589809908807863,-1.9275213448777817,-1.9293968858311916,-1.9299520723527421,-1.9387904651726495,-1.8884198468992175,-1.8857105377360737,-1.9667184961725468,-1.8884368358996801,-1.9214931648783113,0.027940983525828373,95
52,1.5741748094558716,0.1662070841196657,0.09766275882720947,0.018444111344064013,0.7884153576788394,0.8571,0.464,42,8,48,0.0152096048024012,0.02744872436218109,0.34923966983491744,"{'subsample': 0.7884153576788394, 'reg_lambda': 0.8571, 'reg_alpha': 0.464, 'random_state': 42, 'min_child_weight': 8, 'max_depth': 48, 'learning_rate': 0.0152096048024012, 'gamma': 0.02744872436218109, 'colsample_bytree': 0.34923966983491744}",-2.4927360240893064,-2.545127570656658,-2.519352833837024,-2.5200982605722717,-2.5199281727669764,-2.533250632663416,-2.474271087662771,-2.480673695598692,-2.5518398321224685,-2.4765988784475312,-2.5113876988417116,0.02710007137348138,96
90,2.2813740253448485,0.20332025312634877,0.09990174770355224,0.011194167583960885,0.8454381690845423,0.8571,0.464,42,6,51,0.01341470735367684,0.015682841420710355,0.9879951975987994,"{'subsample': 0.8454381690845423, 'reg_lambda': 0.8571, 'reg_alpha': 0.464, 'random_state': 42, 'min_child_weight': 6, 'max_depth': 51, 'learning_rate': 0.01341470735367684, 'gamma': 0.015682841420710355, 'colsample_bytree': 0.9879951975987994}",-2.987172741080613,-3.0414566031660204,-3.01348509624727,-3.0146604977652673,-3.0142112574026676,-3.0292508387290655,-2.9695484517568747,-2.9755173100686023,-3.047395535704403,-2.9714661311544397,-3.0064164463075227,0.027409938848531296,97
2,1.4087160587310792,0.06182276213857715,0.10608503818511963,0.00969198216558111,0.20568224112056027,0.8571,0.464,42,1,49,0.01341470735367684,0.0011715857928964483,0.6428571285642821,"{'subsample': 0.20568224112056027, 'reg_lambda': 0.8571, 'reg_alpha': 0.464, 'random_state': 42, 'min_child_weight': 1, 'max_depth': 49, 'learning_rate': 0.01341470735367684, 'gamma': 0.0011715857928964483, 'colsample_bytree': 0.6428571285642821}",-2.999639815746648,-3.0694646354316957,-3.031399655724471,-3.031947068354678,-3.0348467034760063,-3.0442335961015785,-2.98638260135213,-2.9876779577825636,-3.071440981257414,-2.993995460608639,-3.0251028475835824,0.0302960849455387,98
60,1.3634597063064575,0.149734654768994,0.11217765808105469,0.017515696693588056,0.25870345172586295,0.8571,0.464,42,8,49,0.009077038519259631,0.04267083541770886,0.5343137068534267,"{'subsample': 0.25870345172586295, 'reg_lambda': 0.8571, 'reg_alpha': 0.464, 'random_state': 42, 'min_child_weight': 8, 'max_depth': 49, 'learning_rate': 0.009077038519259631, 'gamma': 0.04267083541770886, 'colsample_bytree': 0.5343137068534267}",-4.629764494357603,-4.707010025602789,-4.663763405488505,-4.662994123371692,-4.665850409605622,-4.680137497756046,-4.620609806302188,-4.618619102230477,-4.704828540139522,-4.630546188055103,-4.6584123592909545,0.031149458247888027,99
82,1.7255681991577148,0.3285374116424402,0.10908820629119872,0.04739400954289129,0.8974589794897448,0.8571,0.464,42,4,45,0.006384692346173087,0.001,0.6308523261630815,"{'subsample': 0.8974589794897448, 'reg_lambda': 0.8571, 'reg_alpha': 0.464, 'random_state': 42, 'min_child_weight': 4, 'max_depth': 45, 'learning_rate': 0.006384692346173087, 'gamma': 0.001, 'colsample_bytree': 0.6308523261630815}",-6.065492659316806,-6.131178787557944,-6.094146784135772,-6.094813801830661,-6.094696748942391,-6.109728785798839,-6.052211537109049,-6.053136486754126,-6.132219520110611,-6.056519261563312,-6.088414437311951,0.02900542950778471,100
