,mean_fit_time,std_fit_time,mean_score_time,std_score_time,param_subsample,param_random_state,param_n_estimators,param_min_samples_split,param_min_samples_leaf,param_max_depth,param_learning_rate,params,split0_test_score,split1_test_score,split2_test_score,split3_test_score,split4_test_score,split5_test_score,split6_test_score,split7_test_score,split8_test_score,split9_test_score,mean_test_score,std_test_score,rank_test_score
80,4.226797366142273,0.20574553995535153,0.010538935661315918,0.0010588649749261284,0.5933669834917459,42,91,3,1,46,0.03311485742871436,"{'subsample': 0.5933669834917459, 'random_state': 42, 'n_estimators': 91, 'min_samples_split': 3, 'min_samples_leaf': 1, 'max_depth': 46, 'learning_rate': 0.03311485742871436}",-0.12999434892661507,-0.12828328979182088,-0.1354294539586002,-0.174481653543232,-0.16955928883070945,-0.10865834454902655,-0.1389080253407977,-0.1221654055400865,-0.13122868343501468,-0.13738751520088774,-0.13760960091167906,0.019102894434042964,1
60,9.298705434799194,0.5436963138237061,0.018891787528991698,0.013859062372247568,0.40928414207103553,42,164,3,1,31,0.16117248624312155,"{'subsample': 0.40928414207103553, 'random_state': 42, 'n_estimators': 164, 'min_samples_split': 3, 'min_samples_leaf': 1, 'max_depth': 31, 'learning_rate': 0.16117248624312155}",-0.1474874846002473,-0.13241846319514647,-0.1393580878847079,-0.18866966209909702,-0.16691802125794752,-0.13467706188430992,-0.14521864505331358,-0.12010440263743238,-0.1283346494545693,-0.14303386458848621,-0.14462203426552578,0.018948154277847486,2
35,0.7722772836685181,0.09157477787090168,0.00881333351135254,0.0016771834205616977,0.08914007003501752,42,111,5,2,36,0.08914007003501752,"{'subsample': 0.08914007003501752, 'random_state': 42, 'n_estimators': 111, 'min_samples_split': 5, 'min_samples_leaf': 2, 'max_depth': 36, 'learning_rate': 0.08914007003501752}",-0.15220170872713842,-0.13075628717357715,-0.14054255678028235,-0.16246924586673503,-0.16369676852601697,-0.13215512061892687,-0.14069806565691087,-0.13206989832154764,-0.1551676689358987,-0.1492955086805446,-0.14590528292875787,0.01180543551768592,3
18,27.985015416145323,2.1584843961583102,0.017762351036071777,0.0045309597378031434,0.9415236618309155,42,294,2,3,94,0.031113956978489246,"{'subsample': 0.9415236618309155, 'random_state': 42, 'n_estimators': 294, 'min_samples_split': 2, 'min_samples_leaf': 3, 'max_depth': 94, 'learning_rate': 0.031113956978489246}",-0.1423327868705804,-0.13870342211359998,-0.14366672720247722,-0.17798924100850816,-0.16554139066892468,-0.11636381741576149,-0.15734796556463806,-0.13268607020682674,-0.146085394386866,-0.13876712228839924,-0.1459483937726582,0.016474057483928665,4
98,7.805393147468567,0.8203325585188056,0.009461784362792968,0.0011953604081768902,0.7614426213106554,42,104,2,3,26,0.20519229614807405,"{'subsample': 0.7614426213106554, 'random_state': 42, 'n_estimators': 104, 'min_samples_split': 2, 'min_samples_leaf': 3, 'max_depth': 26, 'learning_rate': 0.20519229614807405}",-0.1474963449965649,-0.13087203648077766,-0.14705798206702791,-0.17854302541085443,-0.17103517220153208,-0.12636029717464634,-0.1403671377608382,-0.13336662729549303,-0.15131787819109815,-0.14352253739349283,-0.14699390389723255,0.01587328061400957,5
31,21.229580283164978,1.394489268133993,0.01307368278503418,0.0012433408570187382,0.8664898949474737,42,164,2,3,43,0.2131958979489745,"{'subsample': 0.8664898949474737, 'random_state': 42, 'n_estimators': 164, 'min_samples_split': 2, 'min_samples_leaf': 3, 'max_depth': 43, 'learning_rate': 0.2131958979489745}",-0.1502995458944561,-0.13618895594027955,-0.13489805058378654,-0.18622964028064806,-0.17488394622486,-0.11312140660402642,-0.1448660143433241,-0.13520879291413423,-0.14310792568205688,-0.15284302348501974,-0.14716473019525916,0.019826914397980126,6
15,12.78413908481598,0.7080300301877676,0.015665578842163085,0.0017997559226973943,0.3642638819409705,42,190,2,1,89,0.1971886943471736,"{'subsample': 0.3642638819409705, 'random_state': 42, 'n_estimators': 190, 'min_samples_split': 2, 'min_samples_leaf': 1, 'max_depth': 89, 'learning_rate': 0.1971886943471736}",-0.14955093108187492,-0.12657569873469102,-0.14305373996124837,-0.19145622541303267,-0.16721905532731593,-0.13668288185540375,-0.14229151666275516,-0.12947144135489858,-0.13211970206725443,-0.1564726804421171,-0.14748938729005917,0.01889185414036408,7
99,5.6465819597244264,1.023091409658974,0.008495402336120606,0.0013075595289555237,0.42529134567283644,42,126,4,3,78,0.2632184092046023,"{'subsample': 0.42529134567283644, 'random_state': 42, 'n_estimators': 126, 'min_samples_split': 4, 'min_samples_leaf': 3, 'max_depth': 78, 'learning_rate': 0.2632184092046023}",-0.1687656158535056,-0.13863682191001142,-0.14845817295996974,-0.1869619649413842,-0.1693244229355131,-0.13392326736790833,-0.14098331202821116,-0.130890855179898,-0.1417569821448614,-0.16167016230780867,-0.15213715776290718,0.01756887750506955,8
51,1.458725595474243,0.05831591157381834,0.008285903930664062,0.0009153492712153374,0.4663098049024513,42,57,4,3,79,0.03011350675337669,"{'subsample': 0.4663098049024513, 'random_state': 42, 'n_estimators': 57, 'min_samples_split': 4, 'min_samples_leaf': 3, 'max_depth': 79, 'learning_rate': 0.03011350675337669}",-0.14625533646321284,-0.14625299721952728,-0.16290319576756584,-0.18557030649898468,-0.19204280081361816,-0.13630831043949101,-0.1614774110314163,-0.14277205565111967,-0.1571742686373366,-0.15611453909649814,-0.15868712216187705,0.01712609737023437,9
27,22.105019545555116,1.5787709664378096,0.013328886032104493,0.000675634212445037,0.6483917458729365,42,134,5,1,92,0.390275587793897,"{'subsample': 0.6483917458729365, 'random_state': 42, 'n_estimators': 134, 'min_samples_split': 5, 'min_samples_leaf': 1, 'max_depth': 92, 'learning_rate': 0.390275587793897}",-0.1616763499669338,-0.1347999505953388,-0.1690953184509659,-0.20309543023226248,-0.2058170657506173,-0.13972850001310172,-0.15974504065465617,-0.15675556341361016,-0.16602811476129894,-0.1771181241187758,-0.1673859457957561,0.022096082346257918,10
6,27.11947364807129,1.4971506825449548,0.01661653518676758,0.0019133249139577655,0.4843179089544773,42,284,7,1,52,0.35325892946473236,"{'subsample': 0.4843179089544773, 'random_state': 42, 'n_estimators': 284, 'min_samples_split': 7, 'min_samples_leaf': 1, 'max_depth': 52, 'learning_rate': 0.35325892946473236}",-0.17774050494458568,-0.17890253057228447,-0.16832083995035726,-0.19510774724941635,-0.19385635432894768,-0.1404667407262669,-0.1637829293492412,-0.15694053736714522,-0.1631114926867266,-0.17553370327984716,-0.17137633804548186,0.015754554692449452,11
95,2.7952356576919555,0.17241554636228176,0.009075808525085449,0.0014912840426153631,0.3712670335167584,42,72,5,3,39,0.41828819409704854,"{'subsample': 0.3712670335167584, 'random_state': 42, 'n_estimators': 72, 'min_samples_split': 5, 'min_samples_leaf': 3, 'max_depth': 39, 'learning_rate': 0.41828819409704854}",-0.2244472125318609,-0.1980847774786832,-0.18649133389584732,-0.20620602233154872,-0.1953878752860877,-0.19674547426814484,-0.17712138744944989,-0.18024035158193336,-0.1932254577742956,-0.19665067078682044,-0.1954600563384672,0.012724279331200933,12
75,34.95388739109039,0.9936403080263626,0.01923084259033203,0.002402858866342748,0.6323845422711356,42,250,3,2,84,0.602371035517759,"{'subsample': 0.6323845422711356, 'random_state': 42, 'n_estimators': 250, 'min_samples_split': 3, 'min_samples_leaf': 2, 'max_depth': 84, 'learning_rate': 0.602371035517759}",-0.19386571844405634,-0.18345982103268615,-0.21972246508433974,-0.23288604604897495,-0.2133145356387703,-0.17162524258088618,-0.1932048950974792,-0.1794408118290911,-0.21097242625011864,-0.2095166133679074,-0.20080085753743102,0.018540437726292575,13
53,15.350929713249206,0.7414615876052872,0.014417195320129394,0.004668390959509557,0.6643989494747374,42,137,4,1,37,0.6503926463231616,"{'subsample': 0.6643989494747374, 'random_state': 42, 'n_estimators': 137, 'min_samples_split': 4, 'min_samples_leaf': 1, 'max_depth': 37, 'learning_rate': 0.6503926463231616}",-0.2375119428815961,-0.19695414437975772,-0.17662980303493167,-0.24766397577652932,-0.2650107482288792,-0.19811848809518504,-0.17209916919813922,-0.1850206273663662,-0.2219869074354012,-0.19339746959777265,-0.20943932759945585,0.03017155560369386,14
79,21.13590407371521,1.2391457552767695,0.020548295974731446,0.013549565462096059,0.4062827913956979,42,258,5,1,55,0.5123305152576288,"{'subsample': 0.4062827913956979, 'random_state': 42, 'n_estimators': 258, 'min_samples_split': 5, 'min_samples_leaf': 1, 'max_depth': 55, 'learning_rate': 0.5123305152576288}",-0.2351601826117924,-0.20703475972472704,-0.20548150621238076,-0.23192475031596413,-0.22897138645050857,-0.20922769788692533,-0.18699113684184157,-0.18512082830165513,-0.21114072547782364,-0.2285277567247801,-0.21295807305483988,0.01705551783441547,15
44,7.2652384519577025,0.3811098465023524,0.012666916847229004,0.004301298502416749,0.8454804402201102,42,143,7,2,89,0.006102701350675339,"{'subsample': 0.8454804402201102, 'random_state': 42, 'n_estimators': 143, 'min_samples_split': 7, 'min_samples_leaf': 2, 'max_depth': 89, 'learning_rate': 0.006102701350675339}",-0.19871820909542656,-0.20575315541061723,-0.22727627481735627,-0.2328054530160922,-0.2586650223355205,-0.18899105112257486,-0.22259354403389214,-0.20354425833846163,-0.21471151628036358,-0.21551197013469256,-0.21685704545849976,0.018857880616937106,16
96,12.769625425338745,0.26329115259723956,0.015231180191040038,0.0055720145784855755,0.5823620310155078,42,130,3,1,37,0.7264268634317159,"{'subsample': 0.5823620310155078, 'random_state': 42, 'n_estimators': 130, 'min_samples_split': 3, 'min_samples_leaf': 1, 'max_depth': 37, 'learning_rate': 0.7264268634317159}",-0.24311230473927234,-0.20012824991432834,-0.23958729802504414,-0.2737916263909824,-0.23158185163266967,-0.23461870617154332,-0.23633590328382267,-0.19685103105392018,-0.24323427730786862,-0.22864135648086722,-0.23278826050003185,0.020822961772896262,17
33,7.063745784759521,0.34114835517252506,0.010004043579101562,0.0011489570572344049,0.5623530265132567,42,72,4,2,86,0.7494372186093047,"{'subsample': 0.5623530265132567, 'random_state': 42, 'n_estimators': 72, 'min_samples_split': 4, 'min_samples_leaf': 2, 'max_depth': 86, 'learning_rate': 0.7494372186093047}",-0.2356014793242161,-0.20110470493398225,-0.2532379559390311,-0.2582644580341011,-0.2352594621871514,-0.2225987520470561,-0.2365181634541301,-0.2210491477685425,-0.26038757184480155,-0.2642047110083764,-0.23882264065413886,0.01930082473022778,18
46,12.023773765563964,0.34217020823802324,0.012046027183532714,0.0031748439441150805,0.6784052526263132,42,144,4,1,25,0.8394777388694348,"{'subsample': 0.6784052526263132, 'random_state': 42, 'n_estimators': 144, 'min_samples_split': 4, 'min_samples_leaf': 1, 'max_depth': 25, 'learning_rate': 0.8394777388694348}",-0.2905522924585653,-0.21003440175316707,-0.2434848637850355,-0.25466974588302965,-0.2680884264338066,-0.21925701459123217,-0.24739745143796932,-0.23958241582774656,-0.20128747779288567,-0.21610822947490504,-0.2390462319438343,0.026486457328046116,19
50,0.2892733335494995,0.06769208881493784,0.008253693580627441,0.0016370680170320335,0.021109454727363683,42,174,2,3,62,0.1581711355677839,"{'subsample': 0.021109454727363683, 'random_state': 42, 'n_estimators': 174, 'min_samples_split': 2, 'min_samples_leaf': 3, 'max_depth': 62, 'learning_rate': 0.1581711355677839}",-0.2615108669545225,-0.24420186624790097,-0.24107167461320111,-0.25545125613706665,-0.2671893120146633,-0.24494052630434487,-0.2732281993737526,-0.2349890673099065,-0.23373587178863398,-0.21862720299631636,-0.24749458437403088,0.015960892369932814,20
8,6.089188122749329,0.44865563831156935,0.008149480819702149,0.0006821588304506021,0.8204691845922962,42,54,4,3,40,1.0965934467233618,"{'subsample': 0.8204691845922962, 'random_state': 42, 'n_estimators': 54, 'min_samples_split': 4, 'min_samples_leaf': 3, 'max_depth': 40, 'learning_rate': 1.0965934467233618}",-0.2491546524512957,-0.2972152243625299,-0.24825190058858548,-0.2736184025185282,-0.269777157670293,-0.2661157397466139,-0.2359989962341474,-0.24801582693908056,-0.25395768697581067,-0.2494665638827389,-0.2591572151369624,0.016790166303787563,21
10,13.341454434394837,0.8690065677496233,0.012659192085266113,0.006597978781027807,0.8564853926963483,42,92,5,2,42,1.206642971485743,"{'subsample': 0.8564853926963483, 'random_state': 42, 'n_estimators': 92, 'min_samples_split': 5, 'min_samples_leaf': 2, 'max_depth': 42, 'learning_rate': 1.206642971485743}",-0.2960289793750884,-0.3045159508341283,-0.29892217992724124,-0.2567217783564333,-0.32440069521132486,-0.24339882320963044,-0.23957168314190444,-0.23437262063853018,-0.26559824108577335,-0.29243092246423114,-0.27559618742442854,0.02992200158977478,22
9,23.054099249839783,1.1392733765679544,0.013590264320373534,0.006168089112504611,0.922515107553777,42,125,4,2,63,1.3286978989494749,"{'subsample': 0.922515107553777, 'random_state': 42, 'n_estimators': 125, 'min_samples_split': 4, 'min_samples_leaf': 2, 'max_depth': 63, 'learning_rate': 1.3286978989494749}",-0.27689517437704236,-0.27924313599419126,-0.274024884975004,-0.31334606864975867,-0.3308057267181273,-0.2684955303264829,-0.2611984561314002,-0.2545197131152871,-0.27664417779666317,-0.2760877826313765,-0.28112606507153337,0.022109001792417433,23
7,8.90815827846527,0.7637987197512263,0.01323850154876709,0.004200362718342932,0.4473012506253127,42,197,3,3,89,0.7044169584792397,"{'subsample': 0.4473012506253127, 'random_state': 42, 'n_estimators': 197, 'min_samples_split': 3, 'min_samples_leaf': 3, 'max_depth': 89, 'learning_rate': 0.7044169584792397}",-0.2997217158434368,-0.267768614655748,-0.2731521910696468,-0.2936902249765032,-0.3226510781161112,-0.26398054787898867,-0.2541748689904606,-0.27518171581311995,-0.2923450169718841,-0.27678676856453527,-0.28194527428804345,0.01914064145980716,24
78,12.235967803001405,0.5515913594970165,0.010166358947753907,0.001079129475309359,0.8714921460730366,42,139,3,1,70,1.2936821410705355,"{'subsample': 0.8714921460730366, 'random_state': 42, 'n_estimators': 139, 'min_samples_split': 3, 'min_samples_leaf': 1, 'max_depth': 70, 'learning_rate': 1.2936821410705355}",-0.3695468780192779,-0.280261729513564,-0.2874093210277466,-0.3150587947266523,-0.38653284750771283,-0.2624302737462905,-0.28472223367307625,-0.2632571355186571,-0.24491353900733512,-0.25948554209310115,-0.29536182948334144,0.045337996811948195,25
69,10.239757323265076,0.6259310915957124,0.024264097213745117,0.011554039316412171,0.23720670335167585,42,294,2,1,25,0.43529584792396203,"{'subsample': 0.23720670335167585, 'random_state': 42, 'n_estimators': 294, 'min_samples_split': 2, 'min_samples_leaf': 1, 'max_depth': 25, 'learning_rate': 0.43529584792396203}",-0.35599117905249217,-0.31423685887177705,-0.3752459763177383,-0.3763713288292091,-0.4334190826768997,-0.31482812544510513,-0.35483203279409303,-0.30998211042423024,-0.35486814074683964,-0.2713768613736601,-0.34611516965320444,0.043037965320384904,26
88,16.153911900520324,1.1394722078102075,0.01141979694366455,0.0011080044992902963,0.9395227613806905,42,117,7,3,70,1.6758541270635319,"{'subsample': 0.9395227613806905, 'random_state': 42, 'n_estimators': 117, 'min_samples_split': 7, 'min_samples_leaf': 3, 'max_depth': 70, 'learning_rate': 1.6758541270635319}",-0.42995986012279835,-0.4007322815341785,-0.4420176657108646,-0.4474642645337866,-0.42944872143561663,-0.4018218503105189,-0.4122465045334122,-0.39150172517974025,-0.4054214890481458,-0.3824200521750249,-0.41430344145840864,0.020740724936190114,27
57,25.92568919658661,0.6391542413162931,0.016283416748046876,0.004766235529015882,0.852483591795898,42,184,4,1,35,1.5748086543271638,"{'subsample': 0.852483591795898, 'random_state': 42, 'n_estimators': 184, 'min_samples_split': 4, 'min_samples_leaf': 1, 'max_depth': 35, 'learning_rate': 1.5748086543271638}",-0.5338478032081817,-0.48124227856615787,-0.4648225370178581,-0.5426258862237753,-0.5720182749643208,-0.4362345260664309,-0.5913443214628621,-0.4222653305006971,-0.5701440682371781,-0.450393109081135,-0.5064938135328598,0.05928778564562848,28
13,0.1684154748916626,0.012517515219469528,0.00678865909576416,0.00030509318131701385,0.020109004502251126,42,116,2,2,44,0.3232454227113557,"{'subsample': 0.020109004502251126, 'random_state': 42, 'n_estimators': 116, 'min_samples_split': 2, 'min_samples_leaf': 2, 'max_depth': 44, 'learning_rate': 0.3232454227113557}",-1.7685660569023258,-1.4581885315721046,-1.6660000307592955,-1.5120126677684989,-1.2700113034530718,-1.7494760146238333,-1.895326711017137,-1.6518649773072545,-1.3943000105268673,-1.6167970625422474,-1.5982543366472635,0.1800917536403179,29
94,17.41714894771576,0.4200301605770303,0.012238907814025878,0.0027924913984139345,0.897503851925963,42,159,5,2,27,1.8419288644322163,"{'subsample': 0.897503851925963, 'random_state': 42, 'n_estimators': 159, 'min_samples_split': 5, 'min_samples_leaf': 2, 'max_depth': 27, 'learning_rate': 1.8419288644322163}",-2.3893411957847963,-3.023025743038752,-2.3945814149994136,-2.1078349399864766,-3.9496254518816025,-2.402053078967188,-2.6836547412628367,-2.9086182131773577,-2.142058626632828,-4.172193449854264,-2.8172986855585513,0.6841039154495079,30
64,12.458054327964783,0.6236491697846569,0.016252779960632326,0.004819344502642949,0.4703116058029015,42,194,3,2,32,1.0075533766883442,"{'subsample': 0.4703116058029015, 'random_state': 42, 'n_estimators': 194, 'min_samples_split': 3, 'min_samples_leaf': 2, 'max_depth': 32, 'learning_rate': 1.0075533766883442}",-2.9764557389449484,-3.340136790121946,-2.788549173064292,-3.6754381445468445,-3.9256386661510745,-2.9321734988081887,-2.6561007533611862,-3.6147284905914208,-3.704170023401382,-4.59800079185588,-3.421139207084716,0.5701421161653354,31
58,3.967888832092285,0.39488962056758586,0.010417485237121582,0.001899537110580893,0.30123551775887947,42,116,2,2,77,0.7484367683841922,"{'subsample': 0.30123551775887947, 'random_state': 42, 'n_estimators': 116, 'min_samples_split': 2, 'min_samples_leaf': 2, 'max_depth': 77, 'learning_rate': 0.7484367683841922}",-16.20386257827955,-20.317140406899824,-12.292772072711456,-16.886864556078912,-11.661368415778528,-18.17538130120976,-12.787962294283549,-9.429525710910493,-9.484065019044614,-12.568946834104253,-13.980788918930093,3.5172582493937106,32
81,14.439065933227539,0.68567638500621,0.01610743999481201,0.0022001131567698463,0.39927963981991,42,202,5,1,79,0.9655344672336169,"{'subsample': 0.39927963981991, 'random_state': 42, 'n_estimators': 202, 'min_samples_split': 5, 'min_samples_leaf': 1, 'max_depth': 79, 'learning_rate': 0.9655344672336169}",-1081.0820858745335,-1121.597608754474,-933.6105995636276,-2999.7718311330536,-1916.856398900385,-715.49652835323,-1066.1275621891734,-285.1543117207587,-940.9085952587528,-1220.6105753505747,-1228.1216097098563,706.6517132370739,33
66,1.4749711513519288,0.13151982224089243,0.010351872444152832,0.002998702291882553,0.10814862431215609,42,202,7,2,45,0.5313390695347674,"{'subsample': 0.10814862431215609, 'random_state': 42, 'n_estimators': 202, 'min_samples_split': 7, 'min_samples_leaf': 2, 'max_depth': 45, 'learning_rate': 0.5313390695347674}",-1386.0129013310075,-1333.5237812107348,-1371.953470761661,-1724.2999154274062,-1638.7871842170152,-1857.748028607621,-2348.545214678491,-1374.674360015327,-1470.5627787666199,-1874.7664412856004,-1638.0874076301484,306.76210680437737,34
68,2.0312630891799928,0.1879689530590155,0.009572410583496093,0.0006770180520557126,0.15717068534267134,42,148,2,3,25,0.7994597298649325,"{'subsample': 0.15717068534267134, 'random_state': 42, 'n_estimators': 148, 'min_samples_split': 2, 'min_samples_leaf': 3, 'max_depth': 25, 'learning_rate': 0.7994597298649325}",-839255.9973616755,-825643.116449885,-1052949.6126332833,-1233646.497350131,-658648.1481914684,-757937.4205453892,-1000482.3786830065,-793598.9775670823,-1187601.1961389626,-774759.2158584627,-912452.2560779348,184562.1421793775,35
89,0.11772310733795166,0.017463828862014894,0.009271979331970215,0.003394972667308905,0.015106753376688344,42,70,2,2,59,1.1616227113556779,"{'subsample': 0.015106753376688344, 'random_state': 42, 'n_estimators': 70, 'min_samples_split': 2, 'min_samples_leaf': 2, 'max_depth': 59, 'learning_rate': 1.1616227113556779}",-18869372.80397685,-11882495.654255716,-38667756.515212186,-20172266.17483078,-16822726.76938515,-5662610.794003297,-3392197.690751461,-8728866.536931427,-45257445.732711315,-7348845.16636766,-17680458.38384258,13335621.078869684,36
84,4.38839590549469,0.2863969676272168,0.014550614356994628,0.0036911883599416197,0.18218194097048523,42,202,4,1,91,0.7484367683841922,"{'subsample': 0.18218194097048523, 'random_state': 42, 'n_estimators': 202, 'min_samples_split': 4, 'min_samples_leaf': 1, 'max_depth': 91, 'learning_rate': 0.7484367683841922}",-46960177.58389625,-44026274.58658323,-37825279.38006485,-17787956.920634236,-17391254.624143742,-34470889.49835412,-37897085.80497191,-37728860.10000951,-46025093.46553411,-51880119.320587665,-37199299.12847795,11013926.248933123,37
82,1.9664173126220703,0.2786990356443772,0.013277482986450196,0.007012449275006157,0.2011904952476238,42,106,4,3,56,1.1446150575287646,"{'subsample': 0.2011904952476238, 'random_state': 42, 'n_estimators': 106, 'min_samples_split': 4, 'min_samples_leaf': 3, 'max_depth': 56, 'learning_rate': 1.1446150575287646}",-2151373024.7771525,-1569569005.6136408,-1518839521.4884372,-1443606549.4530513,-960538321.0385175,-1572856838.5989132,-1128044261.2573366,-2229545208.7703905,-1021773910.9507196,-1740085260.294782,-1533623190.2242942,409220240.61078745,38
26,1.444866681098938,0.1362963107355761,0.011805224418640136,0.005354521211560358,0.26521930965482743,42,57,5,1,83,1.7278775387693848,"{'subsample': 0.26521930965482743, 'random_state': 42, 'n_estimators': 57, 'min_samples_split': 5, 'min_samples_leaf': 1, 'max_depth': 83, 'learning_rate': 1.7278775387693848}",-135892873268.92754,-178316478592.49353,-105716972825.53662,-147981189309.42484,-74917218703.57431,-91309170529.49855,-84057186654.171,-75313292176.53766,-124541923628.82585,-107747981730.5402,-112579428741.953,32256546177.503796,39
83,10.728177499771117,0.48824025833119594,0.017601799964904786,0.005100160566726431,0.34025307653826914,42,287,7,2,62,1.0325646323161581,"{'subsample': 0.34025307653826914, 'random_state': 42, 'n_estimators': 287, 'min_samples_split': 7, 'min_samples_leaf': 2, 'max_depth': 62, 'learning_rate': 1.0325646323161581}",-1194945811951.7593,-362541736767.2982,-445313792042.3357,-507240344963.6164,-837150077986.4307,-776229110746.2085,-213000872477.4003,-632795540084.6343,-738759631390.1223,-259954721018.86716,-596793163942.8673,285622485577.2373,40
39,15.871594953536988,0.5661057048383616,0.021309399604797365,0.007794496164542199,0.44029809904952477,42,270,3,2,97,1.1986393696848425,"{'subsample': 0.44029809904952477, 'random_state': 42, 'n_estimators': 270, 'min_samples_split': 3, 'min_samples_leaf': 2, 'max_depth': 97, 'learning_rate': 1.1986393696848425}",-1055239932573.9564,-2449930928536.1797,-1044295236913.7926,-1783255612348.0361,-4687836058534.991,-1110523676680.244,-1833299866067.5537,-3197615941793.2764,-1086740824311.3972,-1826296585903.7124,-2007503466366.314,1113405362533.855,41
70,2.0149238109588623,0.26236401428974604,0.014249944686889648,0.005205721085648569,0.09514277138569285,42,238,7,1,46,0.8514831415707854,"{'subsample': 0.09514277138569285, 'random_state': 42, 'n_estimators': 238, 'min_samples_split': 7, 'min_samples_leaf': 1, 'max_depth': 46, 'learning_rate': 0.8514831415707854}",-417448119895089.1,-447714176079899.75,-370707418728106.7,-406459760744901.06,-1675732194569943.0,-387691802719147.44,-454215794768669.56,-278569942399914.12,-213959149716022.25,-318880476814068.44,-497137883643576.1,399455064959224.7,42
59,2.996188020706177,0.17247030806845856,0.008852386474609375,0.0004998239208861393,0.35125802901450726,42,116,3,3,58,1.6138262131065535,"{'subsample': 0.35125802901450726, 'random_state': 42, 'n_estimators': 116, 'min_samples_split': 3, 'min_samples_leaf': 3, 'max_depth': 58, 'learning_rate': 1.6138262131065535}",-4.4955532135916e+16,-5.557297628853958e+16,-2.498899057513054e+16,-3.0368351121467604e+16,-4.7596632054578344e+16,-2.653705362214366e+16,-2.2706928995905224e+16,-3.0402161625004372e+16,-3.898309835558437e+16,-2.1882480433483524e+16,-3.439942052077532e+16,1.1094666297116142e+16,43
32,12.444531321525574,1.2519801716642533,0.015339827537536621,0.0049086644478595395,0.6013705852926464,42,155,4,2,83,1.7678955477738871,"{'subsample': 0.6013705852926464, 'random_state': 42, 'n_estimators': 155, 'min_samples_split': 4, 'min_samples_leaf': 2, 'max_depth': 83, 'learning_rate': 1.7678955477738871}",-6.199334189294701e+17,-6.759360828308906e+17,-2.2377862123588717e+17,-6.461720661660713e+17,-3.549259901688442e+17,-2.0189164283464464e+17,-4.091060000025266e+17,-3.2642053884397165e+17,-4.4822162336655686e+17,-3.084166360101721e+17,-4.214802620389034e+17,1.6402449691809203e+17,44
41,0.851079797744751,0.14040869122851324,0.011369895935058594,0.004590399585387116,0.07913556778389196,42,152,4,3,30,1.4107348174087044,"{'subsample': 0.07913556778389196, 'random_state': 42, 'n_estimators': 152, 'min_samples_split': 4, 'min_samples_leaf': 3, 'max_depth': 30, 'learning_rate': 1.4107348174087044}",-3.5560567821836657e+22,-4.716741732345182e+22,-6.665713508723704e+22,-4.722445669122879e+22,-1.818529952880634e+22,-2.7922370200360754e+22,-3.044945435741396e+22,-1.4551119360135522e+22,-5.24861211205545e+22,-2.769504090086096e+22,-3.6789898239188633e+22,1.5487906594291215e+22,45
49,10.219533133506776,0.16581447557525109,0.012575268745422363,0.0008092618707117473,0.5373417708854428,42,208,3,3,38,1.7258766383191597,"{'subsample': 0.5373417708854428, 'random_state': 42, 'n_estimators': 208, 'min_samples_split': 3, 'min_samples_leaf': 3, 'max_depth': 38, 'learning_rate': 1.7258766383191597}",-2.671270794425953e+24,-1.919051689537583e+24,-1.5658985172428687e+24,-1.761210460090017e+24,-2.253689539429122e+24,-5.237714356076002e+24,-2.6977171540096676e+24,-2.189315962341346e+24,-2.031595728536554e+24,-2.101210696998431e+24,-2.442867489868754e+24,9.910776863643667e+23,46
55,1.092757248878479,0.1279223967888292,0.010356330871582031,0.0017167799796329905,0.06312836418209106,42,270,4,3,44,1.082587143571786,"{'subsample': 0.06312836418209106, 'random_state': 42, 'n_estimators': 270, 'min_samples_split': 4, 'min_samples_leaf': 3, 'max_depth': 44, 'learning_rate': 1.082587143571786}",-3.3261995331947695e+26,-1.1713174935992906e+26,-6.4869842993924755e+25,-5.112026548570072e+25,-3.0196598409512245e+25,-8.990115660168025e+25,-2.0124600269493856e+26,-9.791228304365652e+25,-6.425021909861468e+25,-2.764522323441327e+25,-1.0768932942418471e+26,8.898343200657388e+25,47
71,5.261660170555115,0.6573144304656391,0.017037200927734374,0.010918904471986448,0.18018104052026013,42,251,5,1,92,1.1516182091045524,"{'subsample': 0.18018104052026013, 'random_state': 42, 'n_estimators': 251, 'min_samples_split': 5, 'min_samples_leaf': 1, 'max_depth': 92, 'learning_rate': 1.1516182091045524}",-7.188482512579485e+26,-1.467099191012181e+27,-1.454334992524873e+26,-3.4662172285291045e+26,-1.058400370488406e+27,-2.9442835522948752e+26,-2.9353240453994085e+26,-1.0075399802911992e+27,-5.0142085220726245e+26,-3.2740418667773036e+26,-6.160728813809554e+26,4.100946563695889e+26,48
28,1.7775107860565185,0.20795722429263785,0.011137247085571289,0.0023741364931284133,0.13816213106553277,42,183,3,3,95,1.5768095547773888,"{'subsample': 0.13816213106553277, 'random_state': 42, 'n_estimators': 183, 'min_samples_split': 3, 'min_samples_leaf': 3, 'max_depth': 95, 'learning_rate': 1.5768095547773888}",-3.3432265320482e+32,-7.018266818062999e+31,-1.3331257326192215e+32,-1.0239057841403271e+32,-7.863689542527955e+32,-2.1124124937119156e+32,-6.042912794474749e+31,-3.1139273322835636e+32,-1.408036992866654e+32,-1.530673173670818e+32,-2.303511554512243e+32,2.0523356566563085e+32,49
52,1.609590196609497,0.1401757010357762,0.008908700942993165,0.0005368997081820234,0.12315537768884444,42,172,7,1,85,1.6948626813406704,"{'subsample': 0.12315537768884444, 'random_state': 42, 'n_estimators': 172, 'min_samples_split': 7, 'min_samples_leaf': 1, 'max_depth': 85, 'learning_rate': 1.6948626813406704}",-7.251674795265423e+34,-1.3226554401490075e+35,-1.464696090301792e+35,-8.634245102510938e+34,-1.7660895515068458e+35,-3.560680543902561e+35,-1.4503081752971094e+35,-4.349400873992039e+34,-1.9555518354463486e+35,-1.1125115101114696e+35,-1.4656025223891972e+35,8.269319219927958e+34,50
85,22.407016801834107,0.7775940864109865,0.017975282669067384,0.002193153155888355,0.5363413206603302,42,275,5,1,75,1.891951375687844,"{'subsample': 0.5363413206603302, 'random_state': 42, 'n_estimators': 275, 'min_samples_split': 5, 'min_samples_leaf': 1, 'max_depth': 75, 'learning_rate': 1.891951375687844}",-1.5644061455037983e+46,-1.38643509441838e+46,-3.348919144414101e+46,-9.293606745226748e+45,-2.9120245414005783e+46,-1.5358470127197832e+46,-8.83810262630085e+45,-9.113409880804236e+45,-3.1471319087613945e+46,-3.738372705515895e+46,-2.0357648477967116e+46,1.0646783595351866e+46,51
43,0.011194252967834472,0.0007700320008608499,0.0,0.0,1.2896803401700851,42,132,7,1,91,0.01110495247623812,"{'subsample': 1.2896803401700851, 'random_state': 42, 'n_estimators': 132, 'min_samples_split': 7, 'min_samples_leaf': 1, 'max_depth': 91, 'learning_rate': 0.01110495247623812}",,,,,,,,,,,,,52
77,0.009822845458984375,0.000637213919360171,0.0,0.0,1.9639837918959482,42,210,3,3,46,1.7158721360680342,"{'subsample': 1.9639837918959482, 'random_state': 42, 'n_estimators': 210, 'min_samples_split': 3, 'min_samples_leaf': 3, 'max_depth': 46, 'learning_rate': 1.7158721360680342}",,,,,,,,,,,,,53
20,0.009267807006835938,0.0005679460146810196,0.0,0.0,1.5938172086043023,42,223,4,1,53,1.5728077538769385,"{'subsample': 1.5938172086043023, 'random_state': 42, 'n_estimators': 223, 'min_samples_split': 4, 'min_samples_leaf': 1, 'max_depth': 53, 'learning_rate': 1.5728077538769385}",,,,,,,,,,,,,54
19,0.010273551940917969,0.0015975732436634494,0.0,0.0,1.3567105052526265,42,66,3,3,64,0.8804961980990496,"{'subsample': 1.3567105052526265, 'random_state': 42, 'n_estimators': 66, 'min_samples_split': 3, 'min_samples_leaf': 3, 'max_depth': 64, 'learning_rate': 0.8804961980990496}",,,,,,,,,,,,,55
17,0.013188505172729492,0.0047924006508560935,0.0,0.0,1.7989095047523764,42,249,2,3,98,1.0755839919959982,"{'subsample': 1.7989095047523764, 'random_state': 42, 'n_estimators': 249, 'min_samples_split': 2, 'min_samples_leaf': 3, 'max_depth': 98, 'learning_rate': 1.0755839919959982}",,,,,,,,,,,,,56
16,0.012735271453857422,0.003938120517204594,0.0,0.0,1.2366564782391196,42,277,5,2,67,0.0001,"{'subsample': 1.2366564782391196, 'random_state': 42, 'n_estimators': 277, 'min_samples_split': 5, 'min_samples_leaf': 2, 'max_depth': 67, 'learning_rate': 0.0001}",,,,,,,,,,,,,57
14,0.011348676681518555,0.0018972499317326996,0.0,0.0,1.9559801900950478,42,98,7,3,93,0.2592166083041521,"{'subsample': 1.9559801900950478, 'random_state': 42, 'n_estimators': 98, 'min_samples_split': 7, 'min_samples_leaf': 3, 'max_depth': 93, 'learning_rate': 0.2592166083041521}",,,,,,,,,,,,,58
12,0.010706663131713867,0.001341042733359179,0.0,0.0,1.2076434217108556,42,197,5,1,62,0.03211440720360181,"{'subsample': 1.2076434217108556, 'random_state': 42, 'n_estimators': 197, 'min_samples_split': 5, 'min_samples_leaf': 1, 'max_depth': 62, 'learning_rate': 0.03211440720360181}",,,,,,,,,,,,,59
11,0.009656929969787597,0.0011682969514913502,0.0,0.0,1.2576659329664834,42,148,2,3,27,1.0315641820910455,"{'subsample': 1.2576659329664834, 'random_state': 42, 'n_estimators': 148, 'min_samples_split': 2, 'min_samples_leaf': 3, 'max_depth': 27, 'learning_rate': 1.0315641820910455}",,,,,,,,,,,,,60
87,0.015860843658447265,0.004634755516114692,0.0,0.0,1.492771735867934,42,60,4,1,20,0.7584412706353177,"{'subsample': 1.492771735867934, 'random_state': 42, 'n_estimators': 60, 'min_samples_split': 4, 'min_samples_leaf': 1, 'max_depth': 20, 'learning_rate': 0.7584412706353177}",,,,,,,,,,,,,61
76,0.010203957557678223,0.00048534995230337276,0.0,0.0,1.1236056028014008,42,277,4,3,37,0.9695362681340671,"{'subsample': 1.1236056028014008, 'random_state': 42, 'n_estimators': 277, 'min_samples_split': 4, 'min_samples_leaf': 3, 'max_depth': 37, 'learning_rate': 0.9695362681340671}",,,,,,,,,,,,,62
5,0.01403794288635254,0.0033496246219920016,0.0,0.0,1.8399279639819912,42,258,4,2,97,1.0885898449224614,"{'subsample': 1.8399279639819912, 'random_state': 42, 'n_estimators': 258, 'min_samples_split': 4, 'min_samples_leaf': 2, 'max_depth': 97, 'learning_rate': 1.0885898449224614}",,,,,,,,,,,,,63
4,0.011466288566589355,0.002590701810145149,0.0,0.0,1.4517532766383192,42,140,4,3,85,1.8009104052026015,"{'subsample': 1.4517532766383192, 'random_state': 42, 'n_estimators': 140, 'min_samples_split': 4, 'min_samples_leaf': 3, 'max_depth': 85, 'learning_rate': 1.8009104052026015}",,,,,,,,,,,,,64
90,0.013511919975280761,0.0037243167756428833,0.0,0.0,1.280676288144072,42,51,5,2,54,1.7438847423711858,"{'subsample': 1.280676288144072, 'random_state': 42, 'n_estimators': 51, 'min_samples_split': 5, 'min_samples_leaf': 2, 'max_depth': 54, 'learning_rate': 1.7438847423711858}",,,,,,,,,,,,,65
91,0.01504964828491211,0.004496595338396459,0.0,0.0,1.1065979489744873,42,151,4,1,45,0.8284727863931967,"{'subsample': 1.1065979489744873, 'random_state': 42, 'n_estimators': 151, 'min_samples_split': 4, 'min_samples_leaf': 1, 'max_depth': 45, 'learning_rate': 0.8284727863931967}",,,,,,,,,,,,,66
92,0.019911694526672363,0.008200101703972939,0.0,0.0,1.7418838419209606,42,288,5,3,44,0.09014052026013007,"{'subsample': 1.7418838419209606, 'random_state': 42, 'n_estimators': 288, 'min_samples_split': 5, 'min_samples_leaf': 3, 'max_depth': 44, 'learning_rate': 0.09014052026013007}",,,,,,,,,,,,,67
93,0.01812114715576172,0.005825732126680118,0.0,0.0,1.046570935467734,42,51,4,1,79,1.7158721360680342,"{'subsample': 1.046570935467734, 'random_state': 42, 'n_estimators': 51, 'min_samples_split': 4, 'min_samples_leaf': 1, 'max_depth': 79, 'learning_rate': 1.7158721360680342}",,,,,,,,,,,,,68
3,0.01336824893951416,0.0015162674801881763,0.0,0.0,1.0965934467233618,42,174,3,1,60,1.1856335167583794,"{'subsample': 1.0965934467233618, 'random_state': 42, 'n_estimators': 174, 'min_samples_split': 3, 'min_samples_leaf': 1, 'max_depth': 60, 'learning_rate': 1.1856335167583794}",,,,,,,,,,,,,69
2,0.010807085037231445,0.0021680798323533037,0.0,0.0,1.652843771885943,42,246,3,1,88,0.22820265132566284,"{'subsample': 1.652843771885943, 'random_state': 42, 'n_estimators': 246, 'min_samples_split': 3, 'min_samples_leaf': 1, 'max_depth': 88, 'learning_rate': 0.22820265132566284}",,,,,,,,,,,,,70
1,0.012491655349731446,0.0030772252588492388,0.0,0.0,1.0455704852426213,42,114,2,2,23,1.8759441720860432,"{'subsample': 1.0455704852426213, 'random_state': 42, 'n_estimators': 114, 'min_samples_split': 2, 'min_samples_leaf': 2, 'max_depth': 23, 'learning_rate': 1.8759441720860432}",,,,,,,,,,,,,71
97,0.010114073753356934,0.0007124203450885278,0.0,0.0,1.8579360680340171,42,226,7,1,22,0.35726073036518263,"{'subsample': 1.8579360680340171, 'random_state': 42, 'n_estimators': 226, 'min_samples_split': 7, 'min_samples_leaf': 1, 'max_depth': 22, 'learning_rate': 0.35726073036518263}",,,,,,,,,,,,,72
86,0.013647079467773438,0.002138799459495358,0.0,0.0,1.6788554777388696,42,87,2,1,61,1.7869041020510257,"{'subsample': 1.6788554777388696, 'random_state': 42, 'n_estimators': 87, 'min_samples_split': 2, 'min_samples_leaf': 1, 'max_depth': 61, 'learning_rate': 1.7869041020510257}",,,,,,,,,,,,,73
21,0.009464621543884277,0.0007590277067795612,0.0,0.0,1.916962631315658,42,163,7,3,29,1.4357460730365184,"{'subsample': 1.916962631315658, 'random_state': 42, 'n_estimators': 163, 'min_samples_split': 7, 'min_samples_leaf': 3, 'max_depth': 29, 'learning_rate': 1.4357460730365184}",,,,,,,,,,,,,74
72,0.012267875671386718,0.0016355243289967246,0.0,0.0,1.5367915457728867,42,79,5,3,26,0.6193786893446723,"{'subsample': 1.5367915457728867, 'random_state': 42, 'n_estimators': 79, 'min_samples_split': 5, 'min_samples_leaf': 3, 'max_depth': 26, 'learning_rate': 0.6193786893446723}",,,,,,,,,,,,,75
73,0.019441604614257812,0.005211971328817523,0.0,0.0,1.341703751875938,42,296,5,2,42,1.8669401200600302,"{'subsample': 1.341703751875938, 'random_state': 42, 'n_estimators': 296, 'min_samples_split': 5, 'min_samples_leaf': 2, 'max_depth': 42, 'learning_rate': 1.8669401200600302}",,,,,,,,,,,,,76
47,0.011129403114318847,0.0009481005056833585,0.0,0.0,1.215647023511756,42,213,2,2,87,0.15917158579289645,"{'subsample': 1.215647023511756, 'random_state': 42, 'n_estimators': 213, 'min_samples_split': 2, 'min_samples_leaf': 2, 'max_depth': 87, 'learning_rate': 0.15917158579289645}",,,,,,,,,,,,,77
48,0.010990738868713379,0.0009277571434130659,0.0,0.0,1.1606222611305654,42,295,2,2,42,1.2276524262131066,"{'subsample': 1.1606222611305654, 'random_state': 42, 'n_estimators': 295, 'min_samples_split': 2, 'min_samples_leaf': 2, 'max_depth': 42, 'learning_rate': 1.2276524262131066}",,,,,,,,,,,,,78
42,0.011259770393371582,0.0006279463580259421,0.0,0.0,1.3156920460230117,42,256,2,3,31,0.08513826913456729,"{'subsample': 1.3156920460230117, 'random_state': 42, 'n_estimators': 256, 'min_samples_split': 2, 'min_samples_leaf': 3, 'max_depth': 31, 'learning_rate': 0.08513826913456729}",,,,,,,,,,,,,79
40,0.015119004249572753,0.002945323916734148,0.0,0.0,1.9299684842421212,42,252,2,1,36,0.5603521260630315,"{'subsample': 1.9299684842421212, 'random_state': 42, 'n_estimators': 252, 'min_samples_split': 2, 'min_samples_leaf': 1, 'max_depth': 36, 'learning_rate': 0.5603521260630315}",,,,,,,,,,,,,80
38,0.014708447456359863,0.003629922426862643,0.0,0.0,1.4837676838419211,42,170,4,3,52,1.2706717858929466,"{'subsample': 1.4837676838419211, 'random_state': 42, 'n_estimators': 170, 'min_samples_split': 4, 'min_samples_leaf': 3, 'max_depth': 52, 'learning_rate': 1.2706717858929466}",,,,,,,,,,,,,81
37,0.012165093421936035,0.0017301675990996064,0.0,0.0,1.9389725362681343,42,167,3,2,68,1.848932016008004,"{'subsample': 1.9389725362681343, 'random_state': 42, 'n_estimators': 167, 'min_samples_split': 3, 'min_samples_leaf': 2, 'max_depth': 68, 'learning_rate': 1.848932016008004}",,,,,,,,,,,,,82
54,0.010519862174987793,0.0010105459225926003,0.0,0.0,1.3637136568284143,42,99,7,1,36,0.7584412706353177,"{'subsample': 1.3637136568284143, 'random_state': 42, 'n_estimators': 99, 'min_samples_split': 7, 'min_samples_leaf': 1, 'max_depth': 36, 'learning_rate': 0.7584412706353177}",,,,,,,,,,,,,83
56,0.0177689790725708,0.006629799052100524,0.0,0.0,1.2866789894947475,42,200,4,2,46,1.3156920460230117,"{'subsample': 1.2866789894947475, 'random_state': 42, 'n_estimators': 200, 'min_samples_split': 4, 'min_samples_leaf': 2, 'max_depth': 46, 'learning_rate': 1.3156920460230117}",,,,,,,,,,,,,84
36,0.011206316947937011,0.001118456714781275,0.0,0.0,1.6248311655827916,42,233,4,1,68,1.7809014007003503,"{'subsample': 1.6248311655827916, 'random_state': 42, 'n_estimators': 233, 'min_samples_split': 4, 'min_samples_leaf': 1, 'max_depth': 68, 'learning_rate': 1.7809014007003503}",,,,,,,,,,,,,85
34,0.012630248069763183,0.0017000433345569902,0.0,0.0,1.3066879939969986,42,244,5,3,75,0.4873192596298149,"{'subsample': 1.3066879939969986, 'random_state': 42, 'n_estimators': 244, 'min_samples_split': 5, 'min_samples_leaf': 3, 'max_depth': 75, 'learning_rate': 0.4873192596298149}",,,,,,,,,,,,,86
74,0.024965476989746094,0.012630854944536443,0.0,0.0,1.046570935467734,42,119,3,3,84,1.7388824912456229,"{'subsample': 1.046570935467734, 'random_state': 42, 'n_estimators': 119, 'min_samples_split': 3, 'min_samples_leaf': 3, 'max_depth': 84, 'learning_rate': 1.7388824912456229}",,,,,,,,,,,,,87
30,0.013857746124267578,0.0041175315058984245,0.0,0.0,1.301685742871436,42,143,7,3,64,1.988995047523762,"{'subsample': 1.301685742871436, 'random_state': 42, 'n_estimators': 143, 'min_samples_split': 7, 'min_samples_leaf': 3, 'max_depth': 64, 'learning_rate': 1.988995047523762}",,,,,,,,,,,,,88
61,0.015067386627197265,0.006111965969816861,0.0,0.0,1.661847823911956,42,109,3,1,85,0.01110495247623812,"{'subsample': 1.661847823911956, 'random_state': 42, 'n_estimators': 109, 'min_samples_split': 3, 'min_samples_leaf': 1, 'max_depth': 85, 'learning_rate': 0.01110495247623812}",,,,,,,,,,,,,89
62,0.010945320129394531,0.0004917449748426931,0.0,0.0,1.303686643321661,42,155,4,1,52,0.42228999499749875,"{'subsample': 1.303686643321661, 'random_state': 42, 'n_estimators': 155, 'min_samples_split': 4, 'min_samples_leaf': 1, 'max_depth': 52, 'learning_rate': 0.42228999499749875}",,,,,,,,,,,,,90
63,0.011484622955322266,0.000898816009777594,0.0,0.0,1.3987294147073537,42,255,7,2,90,1.2956830415207605,"{'subsample': 1.3987294147073537, 'random_state': 42, 'n_estimators': 255, 'min_samples_split': 7, 'min_samples_leaf': 2, 'max_depth': 90, 'learning_rate': 1.2956830415207605}",,,,,,,,,,,,,91
65,0.012715387344360351,0.0025394218576232715,0.0,0.0,1.3106897948974487,42,215,4,3,100,0.0941423211605803,"{'subsample': 1.3106897948974487, 'random_state': 42, 'n_estimators': 215, 'min_samples_split': 4, 'min_samples_leaf': 3, 'max_depth': 100, 'learning_rate': 0.0941423211605803}",,,,,,,,,,,,,92
25,0.011941075325012207,0.002724903885511674,0.0,0.0,1.6808563781890946,42,83,7,2,80,1.1676254127063532,"{'subsample': 1.6808563781890946, 'random_state': 42, 'n_estimators': 83, 'min_samples_split': 7, 'min_samples_leaf': 2, 'max_depth': 80, 'learning_rate': 1.1676254127063532}",,,,,,,,,,,,,93
67,0.012249755859375,0.0018417338910868826,0.0,0.0,1.7088689844922462,42,263,3,1,53,0.13115897948974486,"{'subsample': 1.7088689844922462, 'random_state': 42, 'n_estimators': 263, 'min_samples_split': 3, 'min_samples_leaf': 1, 'max_depth': 53, 'learning_rate': 0.13115897948974486}",,,,,,,,,,,,,94
24,0.012014031410217285,0.001156633225510608,0.0,0.0,1.1156020010005003,42,78,3,2,25,0.6633984992496249,"{'subsample': 1.1156020010005003, 'random_state': 42, 'n_estimators': 78, 'min_samples_split': 3, 'min_samples_leaf': 2, 'max_depth': 25, 'learning_rate': 0.6633984992496249}",,,,,,,,,,,,,95
23,0.009305500984191894,0.000584482779046631,0.0,0.0,1.2856785392696348,42,149,4,2,77,0.3782701850925463,"{'subsample': 1.2856785392696348, 'random_state': 42, 'n_estimators': 149, 'min_samples_split': 4, 'min_samples_leaf': 2, 'max_depth': 77, 'learning_rate': 0.3782701850925463}",,,,,,,,,,,,,96
22,0.009519362449645996,0.0006788039767640933,0.0,0.0,1.3116902451225614,42,83,3,1,23,0.5803611305652827,"{'subsample': 1.3116902451225614, 'random_state': 42, 'n_estimators': 83, 'min_samples_split': 3, 'min_samples_leaf': 1, 'max_depth': 23, 'learning_rate': 0.5803611305652827}",,,,,,,,,,,,,97
45,0.012114691734313964,0.004498222190549765,0.0,0.0,1.5297883941970987,42,119,7,3,20,1.5808113556778391,"{'subsample': 1.5297883941970987, 'random_state': 42, 'n_estimators': 119, 'min_samples_split': 7, 'min_samples_leaf': 3, 'max_depth': 20, 'learning_rate': 1.5808113556778391}",,,,,,,,,,,,,98
29,0.011547422409057618,0.004632343855376768,0.0,0.0,1.2656695347673839,42,273,2,1,90,1.6658496248124064,"{'subsample': 1.2656695347673839, 'random_state': 42, 'n_estimators': 273, 'min_samples_split': 2, 'min_samples_leaf': 1, 'max_depth': 90, 'learning_rate': 1.6658496248124064}",,,,,,,,,,,,,99
0,0.013878870010375976,0.0035583929525122055,0.0,0.0,1.5127807403701852,42,273,7,1,28,1.1426141570785393,"{'subsample': 1.5127807403701852, 'random_state': 42, 'n_estimators': 273, 'min_samples_split': 7, 'min_samples_leaf': 1, 'max_depth': 28, 'learning_rate': 1.1426141570785393}",,,,,,,,,,,,,100
