,mean_fit_time,std_fit_time,mean_score_time,std_score_time,param_solver,param_random_state,param_alpha,params,split0_test_score,split1_test_score,split2_test_score,split3_test_score,split4_test_score,split5_test_score,split6_test_score,split7_test_score,split8_test_score,split9_test_score,mean_test_score,std_test_score,rank_test_score
35,0.038075375556945804,0.004841146891538901,0.0074561119079589845,0.0015290652132483448,cholesky,42,6.307653826913457,"{'solver': 'cholesky', 'random_state': 42, 'alpha': 6.307653826913457}",-0.11880374079092927,-0.10050899720498276,-0.11202250462717872,-0.12408873380526432,-0.14202866413969337,-0.10304660722374089,-0.1193286297023778,-0.09397303860132813,-0.09952962575603283,-0.12317111997474288,-0.1136501661826271,0.013921601054599027,1
89,0.040790343284606935,0.0076426360849224054,0.00760035514831543,0.0014547623145271607,cholesky,42,6.532766383191595,"{'solver': 'cholesky', 'random_state': 42, 'alpha': 6.532766383191595}",-0.11882962594180436,-0.10054349042687905,-0.11198900917545249,-0.12412836934190608,-0.14191518323718638,-0.10300328056593311,-0.11929035276917069,-0.09399695337252212,-0.09966976806614122,-0.12315519502356807,-0.11365212279205636,0.01388268289709165,2
44,0.04531042575836182,0.006158902145214716,0.007403922080993652,0.0010695321031283672,cholesky,42,5.937468734367183,"{'solver': 'cholesky', 'random_state': 42, 'alpha': 5.937468734367183}",-0.11876403486667772,-0.10045543732626695,-0.1120873682198928,-0.12402458711910236,-0.1422287975940032,-0.10312662286937155,-0.11940100453720326,-0.09394153456868967,-0.0992943296102959,-0.12320405041319182,-0.11365277671246954,0.013988122062205314,3
54,0.03627514839172363,0.0016798865378589757,0.006141161918640137,0.0004800413177837952,cholesky,42,6.582791395697849,"{'solver': 'cholesky', 'random_state': 42, 'alpha': 6.582791395697849}",-0.11883552820651483,-0.10055133063951642,-0.11198212937855812,-0.12413723083534861,-0.14189074688831746,-0.10299415903639081,-0.11928238953849521,-0.09400271752664113,-0.09970061755136665,-0.12315204352254025,-0.11365288931236894,0.013874180750854684,4
29,0.2182171106338501,0.05047722310417309,0.006884384155273438,0.0009445816305867025,svd,42,5.902451225612806,"{'solver': 'svd', 'random_state': 42, 'alpha': 5.902451225612806}",-0.11876049570234488,-0.10045059953525269,-0.1120941857907274,-0.12401859778216638,-0.1422486688261627,-0.1031348012422455,-0.11940850889794075,-0.09393910058418686,-0.09927175116522872,-0.12320763660599758,-0.11365343461322534,0.013994589311256621,5
79,0.04191854000091553,0.0055020659800433525,0.007514786720275879,0.0014284044923723556,cholesky,42,5.722361180590295,"{'solver': 'cholesky', 'random_state': 42, 'alpha': 5.722361180590295}",-0.11874298177020602,-0.10042641578773315,-0.11213125541925463,-0.1239880451203924,-0.14235362448537614,-0.10317865057770931,-0.11944904304420999,-0.09392819298657647,-0.09915473524940185,-0.1232274701454381,-0.11365804145862982,0.01402836120897239,6
64,0.03922069072723389,0.005124439501432161,0.006421303749084473,0.0007138553695359778,cholesky,42,7.038019009504752,"{'solver': 'cholesky', 'random_state': 42, 'alpha': 7.038019009504752}",-0.11889129887688885,-0.10062524067234266,-0.11192816026386787,-0.12421859318688233,-0.14168040377972937,-0.10291893858624726,-0.11921823222956013,-0.09406204215928621,-0.09997661658504403,-0.12312927937956152,-0.11366488057194102,0.013799072136898427,7
27,0.22731921672821045,0.021058718973813142,0.009361791610717773,0.0052507781564029715,svd,42,4.951975987993997,"{'solver': 'svd', 'random_state': 42, 'alpha': 4.951975987993997}",-0.1186849942896605,-0.10033899008451766,-0.11233341176091731,-0.12386347003592578,-0.14286233762684616,-0.1034048290117798,-0.1196646611926278,-0.0939165109064648,-0.09863652883974565,-0.12334256963514209,-0.11370483033836276,0.014183841599701902,8
51,0.03871297836303711,0.007180625839998745,0.006894612312316894,0.0009374114057063656,cholesky,42,7.88344172086043,"{'solver': 'cholesky', 'random_state': 42, 'alpha': 7.88344172086043}",-0.11900168137987881,-0.10077218670952216,-0.11186344726232109,-0.12437193670159984,-0.14133965918921393,-0.10281140306580884,-0.11913319380045963,-0.09420025784210015,-0.10046800577451669,-0.12311114085946068,-0.11370729125848818,0.01366903762184037,9
47,0.03658006191253662,0.003141879638186835,0.006609869003295898,0.0015567902006828082,cholesky,42,4.776888444222111,"{'solver': 'cholesky', 'random_state': 42, 'alpha': 4.776888444222111}",-0.11867691757872738,-0.1003236462740648,-0.11239093113738471,-0.12383698485046744,-0.14299378216154116,-0.10346640928325289,-0.11972491455460504,-0.09392314678463991,-0.09851462274482538,-0.12337677926812779,-0.11372281346376364,0.014222077120994405,10
1,0.03410520553588867,0.002641790728877515,0.006185388565063477,0.0008518229003871327,cholesky,42,8.20360180090045,"{'solver': 'cholesky', 'random_state': 42, 'alpha': 8.20360180090045}",-0.11904485539443116,-0.10083028286476013,-0.11184903584777628,-0.12443038110198483,-0.1412249828002766,-0.10277986799874879,-0.11911067245555554,-0.09426047263536781,-0.10064745921974375,-0.12311105912770397,-0.11372890694463489,0.013622544936567076,11
97,0.7161375761032105,0.11654124571307502,0.006547307968139649,0.0008833541894847995,sag,42,7.203101550775387,"{'solver': 'sag', 'random_state': 42, 'alpha': 7.203101550775387}",-0.11921437439016558,-0.1007277047608223,-0.11178208638839064,-0.12445376401620063,-0.14147038012685811,-0.10285656963545382,-0.11920697911885592,-0.09408352660609229,-0.10045785160109325,-0.12305601212580403,-0.11373092487697364,0.013728792144074799,12
69,0.7004647970199585,0.11042298794589438,0.006763195991516114,0.0008331238421573304,sag,42,7.393196598299149,"{'solver': 'sag', 'random_state': 42, 'alpha': 7.393196598299149}",-0.11922964266893053,-0.1007618765870577,-0.11177027262181906,-0.12448274005002107,-0.14140114711116625,-0.10283409273054575,-0.11918701181568993,-0.09411645669632222,-0.1005563531525804,-0.12305590595680371,-0.11373954993909366,0.013701387017509664,13
94,1.2817677974700927,0.1680058542545183,0.006900167465209961,0.001884212670055,saga,42,5.947473736868434,"{'solver': 'saga', 'random_state': 42, 'alpha': 5.947473736868434}",-0.11939028374222911,-0.10060526601958207,-0.11180001503234432,-0.12443264761293467,-0.1418821355635103,-0.10299082618224215,-0.11940734938210497,-0.0939230373045723,-0.10011290394793722,-0.12303630864845892,-0.1137580773435916,0.013881694502038992,14
70,0.18861021995544433,0.012360488280632766,0.006922769546508789,0.0008363905271824456,svd,42,8.643821910955477,"{'solver': 'svd', 'random_state': 42, 'alpha': 8.643821910955477}",-0.11910486202518882,-0.10091179207905329,-0.11183687890649055,-0.12451082284205757,-0.14107836021982362,-0.10274351004056746,-0.11908704566053634,-0.09434914413303784,-0.10088870792764328,-0.12311603250575223,-0.11376271563401512,0.013560761816975672,15
4,0.63662748336792,0.09496588508177826,0.005901527404785156,0.0008342156977783596,sag,42,7.88344172086043,"{'solver': 'sag', 'random_state': 42, 'alpha': 7.88344172086043}",-0.1192841091392646,-0.10084498020298101,-0.11175419053749995,-0.12456207266819654,-0.1412291165997794,-0.10278498610816797,-0.11914533448475256,-0.09420898581345165,-0.1008114313864927,-0.12305820776502142,-0.11376834147056078,0.013632278769820969,16
91,0.2663618326187134,0.03633450533734593,0.011245131492614746,0.004667294908694723,svd,42,8.718859429714858,"{'solver': 'svd', 'random_state': 42, 'alpha': 8.718859429714858}",-0.11911513813604806,-0.10092584607849311,-0.11183562072606808,-0.12452453191131406,-0.14105455283581494,-0.10273805858802652,-0.11908379841761187,-0.09436487686849221,-0.10092921972353805,-0.1231174170356718,-0.11376890603210787,0.013550462040014562,17
25,0.05826814174652099,0.015102394848107385,0.007444190979003906,0.0030793035383296172,lsqr,42,7.033016508254127,"{'solver': 'lsqr', 'random_state': 42, 'alpha': 7.033016508254127}",-0.11911406717693908,-0.1006687877136146,-0.11161630272912423,-0.1246996603783165,-0.1416270488875133,-0.10313401388713093,-0.1193557625013928,-0.09392491456223982,-0.10053517514762818,-0.12303172052194075,-0.113770745350584,0.013781887707048449,18
19,0.044199132919311525,0.009807438990941851,0.006776571273803711,0.0011783839080088871,cholesky,42,8.793896948474238,"{'solver': 'cholesky', 'random_state': 42, 'alpha': 8.793896948474238}",-0.11912542346593634,-0.100939941721432,-0.11183458634576404,-0.12453823807732887,-0.141031073300104,-0.10273281252134343,-0.11908076563580762,-0.09438077825323123,-0.10096955875388273,-0.12311894838589889,-0.11377521264607293,0.013540226623034066,19
62,0.05706920623779297,0.013448800840201227,0.006832003593444824,0.0011922809941189128,lsqr,42,6.242621310655328,"{'solver': 'lsqr', 'random_state': 42, 'alpha': 6.242621310655328}",-0.1190982949618227,-0.10049550270991085,-0.11186789532308954,-0.1246635228475586,-0.14197733605127646,-0.10314470464042538,-0.11946143009228717,-0.09407917239956412,-0.09993052336054656,-0.12304998968449919,-0.11377683720709805,0.013903993955459968,20
78,0.05765745639801025,0.015309330551083935,0.007697463035583496,0.0019467537047355456,sparse_cg,42,6.757878939469735,"{'solver': 'sparse_cg', 'random_state': 42, 'alpha': 6.757878939469735}",-0.11942880038495808,-0.10080977792586478,-0.11140858832351636,-0.12441514551810325,-0.14172972101787792,-0.10319205582698245,-0.11939751645355037,-0.09388856227251752,-0.10040106250758056,-0.12312022480763583,-0.1137791455038587,0.013804414269769121,21
3,0.07341446876525878,0.009209167712374124,0.008940291404724122,0.0034284334537413265,lsqr,42,7.288144072036018,"{'solver': 'lsqr', 'random_state': 42, 'alpha': 7.288144072036018}",-0.11941242491685715,-0.10070923827177114,-0.11141081361960226,-0.12471693076469992,-0.14150318091769887,-0.1030879824091678,-0.11931873133055758,-0.0939661072607863,-0.10065131221505712,-0.12302786180829826,-0.11378045835144965,0.013754438558979388,22
14,0.05771667957305908,0.011090783049550438,0.007327055931091309,0.002119149965935611,lsqr,42,7.4582291145572785,"{'solver': 'lsqr', 'random_state': 42, 'alpha': 7.4582291145572785}",-0.11941630218258112,-0.10073687450258059,-0.11141177522284966,-0.12472971967969644,-0.14143827448212223,-0.10305956666017596,-0.11929638586122213,-0.09399532461491757,-0.10072879805543569,-0.12302661776272669,-0.1137839639024308,0.013729534810769778,23
15,0.7870191812515259,0.1620197789955898,0.012331461906433106,0.009738494241224891,sag,42,8.103551775887944,"{'solver': 'sag', 'random_state': 42, 'alpha': 8.103551775887944}",-0.11931128242688105,-0.10088593398047498,-0.11175094391273697,-0.1245970695582232,-0.1411579252972798,-0.10276459157788433,-0.1191307752340988,-0.09425297310958577,-0.10092951658114159,-0.12306403149198493,-0.11378450431702913,0.013601954415680677,24
83,1.3508934497833252,0.2454466063720045,0.0068983793258666996,0.002449061121322534,saga,42,6.982991495747874,"{'solver': 'saga', 'random_state': 42, 'alpha': 6.982991495747874}",-0.11945814925578631,-0.1007735537071719,-0.11172860409120695,-0.12457273330344505,-0.14146757188736472,-0.10284466381231311,-0.11925548816264088,-0.09408281964506235,-0.10064798759930793,-0.12302086610055103,-0.11378524375648502,0.013726203122471348,25
63,0.060190248489379886,0.01095164509256085,0.007240819931030274,0.0008281142653372986,lsqr,42,5.862431215607804,"{'solver': 'lsqr', 'random_state': 42, 'alpha': 5.862431215607804}",-0.11913893688765219,-0.10044127673529626,-0.11191800507983302,-0.12457479792060337,-0.14221788388641265,-0.1032324933673284,-0.11954848440519579,-0.09403734513002192,-0.09973985805158925,-0.12307259228562778,-0.11379216737495605,0.0139754133275094,26
30,1.2122320652008056,0.1679308382743718,0.006098747253417969,0.000680378988709838,saga,42,7.16808404202101,"{'solver': 'saga', 'random_state': 42, 'alpha': 7.16808404202101}",-0.1194720438055664,-0.10080460279208996,-0.1117207718589663,-0.12459982118307074,-0.14139998611227933,-0.10282472921704032,-0.11923408813368955,-0.09411642917266282,-0.10074219079899153,-0.12302104579621548,-0.11379357088705726,0.013699392273601438,27
45,0.0789224624633789,0.008728673077965205,0.010223197937011718,0.002875016445857533,sparse_cg,42,8.058529264632316,"{'solver': 'sparse_cg', 'random_state': 42, 'alpha': 8.058529264632316}",-0.11946367058264938,-0.10090517354892847,-0.11141991877463679,-0.12461585409167224,-0.14107220150526822,-0.10291811832874587,-0.1192129384977365,-0.0938169656036883,-0.10121131782680612,-0.12336894589240689,-0.1138005104652539,0.01364496512382142,28
50,0.6509629249572754,0.11247395047884651,0.005894756317138672,0.0004302277654822989,sag,42,8.38369184592296,"{'solver': 'sag', 'random_state': 42, 'alpha': 8.38369184592296}",-0.11934266223464356,-0.10093682007537573,-0.11174638375182089,-0.12464179062324775,-0.14106951175890003,-0.10274440069207347,-0.11911346641206928,-0.09431013024053303,-0.10106658061793788,-0.12306926728543797,-0.11380410136920394,0.013564453100546249,29
46,1.477915143966675,0.1953884642932435,0.0066147327423095705,0.0012655448525857906,saga,42,4.466733366683341,"{'solver': 'saga', 'random_state': 42, 'alpha': 4.466733366683341}",-0.11933559711738742,-0.10040705479222922,-0.11201995486178773,-0.12426819912904498,-0.14263955036881898,-0.10332111943185436,-0.11978757274051846,-0.09380363449039812,-0.09932013556365034,-0.12313825543187513,-0.11380410739275648,0.014131055002145978,30
56,0.047105813026428224,0.01245993182100654,0.0074050664901733395,0.0012952069218001602,cholesky,42,4.181590795397699,"{'solver': 'cholesky', 'random_state': 42, 'alpha': 4.181590795397699}",-0.1186704135467144,-0.10028867688473564,-0.11262709347583584,-0.12375428867482528,-0.14349614600356436,-0.10371103323333968,-0.11996943387776715,-0.09397825358522467,-0.09808843909664214,-0.12352133289956158,-0.11381051112782106,0.014362132818250937,31
82,0.03580389022827148,0.006885955531151897,0.005855727195739746,0.0009736922067622177,cholesky,42,9.299149574787393,"{'solver': 'cholesky', 'random_state': 42, 'alpha': 9.299149574787393}",-0.11919480525807605,-0.10103580781231204,-0.11183310143127265,-0.12463039751189367,-0.14088106174204867,-0.10270252588680191,-0.11906559682812196,-0.09449193888051406,-0.1012368123365451,-0.12313283377597128,-0.11382048814635573,0.013472904549716311,32
86,0.06175990104675293,0.013634831466544014,0.007827520370483398,0.0016086547690457949,sparse_cg,42,7.628314157078539,"{'solver': 'sparse_cg', 'random_state': 42, 'alpha': 7.628314157078539}",-0.119490394831589,-0.10091340399762055,-0.11140142036667097,-0.12451213551382484,-0.14138343531449618,-0.10295631543394199,-0.11927267630300623,-0.09389060027141327,-0.10105003710406907,-0.1233561558608682,-0.11382265749975003,0.013702519106503929,33
10,1.072781491279602,0.16092665002115025,0.005608463287353515,0.0007060548443924126,saga,42,7.843421710855427,"{'solver': 'saga', 'random_state': 42, 'alpha': 7.843421710855427}",-0.11952932898055726,-0.10092440459921408,-0.11170868495885541,-0.1247019039840012,-0.14117435131978243,-0.10276188621840175,-0.11917559675520602,-0.0942470773768783,-0.10107663802220915,-0.12303218123630609,-0.11383320534514116,0.013606418524479824,34
17,0.0364342212677002,0.003352470610926131,0.006436681747436524,0.0017374380982846905,cholesky,42,9.534267133566782,"{'solver': 'cholesky', 'random_state': 42, 'alpha': 9.534267133566782}",-0.11922709537558884,-0.10108090010678136,-0.11183542752965742,-0.12467317248684649,-0.14081574617033843,-0.10269121065368696,-0.11906143048111081,-0.09454589129517892,-0.1013586835244443,-0.12314124842258582,-0.11384308060462192,0.013442470398655704,35
53,0.6443302392959595,0.10743292563515323,0.00821988582611084,0.0035414924399503316,sag,42,8.863931965982992,"{'solver': 'sag', 'random_state': 42, 'alpha': 8.863931965982992}",-0.11939590813126395,-0.10102672966861291,-0.11174869619267844,-0.12472282135690249,-0.1409298145618569,-0.10271394125212115,-0.11909577413041506,-0.09441575409268757,-0.10130844619857571,-0.12308547658361506,-0.11384433621687293,0.013501657605613277,36
11,0.03752851486206055,0.007253462324609,0.006043577194213867,0.0007047453104464275,cholesky,42,9.684342171085543,"{'solver': 'cholesky', 'random_state': 42, 'alpha': 9.684342171085543}",-0.11924768505368182,-0.10110981436192651,-0.11183783555367043,-0.1247004278167485,-0.1407754446480522,-0.10268484026329897,-0.11905965665151017,-0.09458099924161688,-0.10143567840745285,-0.12314721194918417,-0.11385795939471424,0.013423323339631716,37
7,0.8452208518981934,0.14161475262943463,0.005706930160522461,0.00041574772810851034,sag,42,3.7663831915957977,"{'solver': 'sag', 'random_state': 42, 'alpha': 3.7663831915957977}",-0.11904400156134254,-0.10029523966859887,-0.11240795973762838,-0.12402552702791153,-0.1433369777647738,-0.10370426873905714,-0.12007988785996666,-0.0938689204898064,-0.09848749995781686,-0.12336994303766959,-0.11386202258445717,0.014329818734011153,38
72,0.05671098232269287,0.012530975807331366,0.007034111022949219,0.0013728897962318246,lsqr,42,8.933966983491747,"{'solver': 'lsqr', 'random_state': 42, 'alpha': 8.933966983491747}",-0.11948578931972692,-0.10113032673747137,-0.11146026105921525,-0.12470249056119301,-0.14095117427378973,-0.10297197493352456,-0.11916805124996623,-0.09429659626487313,-0.10139817845883507,-0.12308749555206022,-0.11386523384106555,0.013493846074812273,39
58,1.5222544431686402,0.20058771733443648,0.006551504135131836,0.0013757410893123843,saga,42,3.861430715357679,"{'solver': 'saga', 'random_state': 42, 'alpha': 3.861430715357679}",-0.11934864796943437,-0.10034770962912612,-0.11217027810594138,-0.12422257791385044,-0.14302094845540134,-0.10351878046379699,-0.1200219052426742,-0.09380585415537855,-0.09898210996300809,-0.1232193299172781,-0.11386581418158896,0.014245467128868879,40
22,0.0688936471939087,0.013248656067764175,0.011549139022827148,0.007654760071785008,lsqr,42,8.963981990995498,"{'solver': 'lsqr', 'random_state': 42, 'alpha': 8.963981990995498}",-0.11948772687029412,-0.10113500503753393,-0.11146188266423977,-0.12470667038594241,-0.14094250953691334,-0.10296896505960557,-0.1191664801783328,-0.09430345839191814,-0.10141167611038658,-0.12308834171084831,-0.1138672715946015,0.013490050325378197,41
55,0.07753617763519287,0.0191860919965028,0.009835195541381837,0.002831137444729805,sparse_cg,42,5.147073536768384,"{'solver': 'sparse_cg', 'random_state': 42, 'alpha': 5.147073536768384}",-0.11951965938218582,-0.1004307028587155,-0.11179467777982147,-0.12467277781508791,-0.14256410199891825,-0.10363594606957642,-0.11979088527925048,-0.09376609356957714,-0.09938357041889012,-0.12315990475445698,-0.11387183199264801,0.014131562383713745,42
42,0.2125333070755005,0.032113209753381396,0.009721040725708008,0.0025770847313024282,svd,42,9.824412206103052,"{'solver': 'svd', 'random_state': 42, 'alpha': 9.824412206103052}",-0.11926687958720057,-0.10113688346417775,-0.11184070235006931,-0.1247258285795858,-0.1407387678133039,-0.10267946683363538,-0.11905859528988996,-0.09461421186775668,-0.10150699425581315,-0.1231531732222174,-0.11387215032636497,0.0134056421442214,43
36,1.4509997367858887,0.17449919375151238,0.005662465095520019,0.0004331152678840299,saga,42,3.816408204102051,"{'solver': 'saga', 'random_state': 42, 'alpha': 3.816408204102051}",-0.1193501198283773,-0.10034476812258096,-0.11218490497932605,-0.12421632134446318,-0.14305336424420723,-0.10353302576843611,-0.12004158650753645,-0.09380919155966431,-0.09896269753470802,-0.1232267232806464,-0.11387227031699458,0.014253672183811992,44
84,0.06169967651367188,0.006595356177275865,0.008568739891052246,0.003319340929600198,lsqr,42,4.921960980490245,"{'solver': 'lsqr', 'random_state': 42, 'alpha': 4.921960980490245}",-0.1191741349280175,-0.10027068529368498,-0.11241007784963031,-0.12452505430300302,-0.14259417441160657,-0.10338353159863693,-0.11981398101060263,-0.09403690532706913,-0.09930044804539265,-0.12325867794397463,-0.11387676707116183,0.014116947942750499,45
12,0.6078204154968262,0.1019141139723161,0.006180214881896973,0.0007193694869106858,sag,42,9.314157078539269,"{'solver': 'sag', 'random_state': 42, 'alpha': 9.314157078539269}",-0.11944975760047846,-0.10110977939535826,-0.11175674380566837,-0.12479313804120983,-0.14080842838952567,-0.10268989696490559,-0.11908383486913275,-0.09451871920346379,-0.10152628428255164,-0.12310400420215721,-0.11388405867544515,0.013445072206970176,46
68,0.6000308752059936,0.09799452668353689,0.005792355537414551,0.00026513231828978413,sag,42,9.40920460230115,"{'solver': 'sag', 'random_state': 42, 'alpha': 9.40920460230115}",-0.11946338793525378,-0.10112666505151065,-0.11176006242155048,-0.12481272084583968,-0.14078308765245523,-0.10268613789478023,-0.119083460508283,-0.09454053467791691,-0.10157591208902486,-0.12310862206863485,-0.11389405911452496,0.013433413400416302,47
71,0.6325156450271606,0.11749291016899811,0.007385754585266113,0.002205704092955693,sag,42,9.469234617308654,"{'solver': 'sag', 'random_state': 42, 'alpha': 9.469234617308654}",-0.11946784391218916,-0.1011386383495834,-0.11176226295064119,-0.12482122570375022,-0.1407681843364811,-0.10268452087029992,-0.11908227460121745,-0.09455625873672052,-0.10160247367106855,-0.1231116073094281,-0.11389952904413796,0.013425728234008574,48
59,0.07192056179046631,0.015299150722882827,0.00854334831237793,0.00216729102437701,sparse_cg,42,4.781890945472736,"{'solver': 'sparse_cg', 'random_state': 42, 'alpha': 4.781890945472736}",-0.11913018112535402,-0.1003140775220699,-0.11185829885893045,-0.12469788249921128,-0.14279495810933368,-0.10377775838889637,-0.11992329573237905,-0.09408774065069121,-0.09920401430570651,-0.12321054806988203,-0.11389987552624543,0.014147569707577887,49
2,0.038512349128723145,0.004625358723022334,0.0066852569580078125,0.001310692606470563,cholesky,42,10.149574787393696,"{'solver': 'cholesky', 'random_state': 42, 'alpha': 10.149574787393696}",-0.11931132550084936,-0.10119998852860677,-0.11184954181269573,-0.12478463980542846,-0.14065695900635702,-0.10266901417445747,-0.1190582283856414,-0.09469286413554065,-0.10167057083652574,-0.1231683974679404,-0.11390615296540432,0.013365274162154078,50
16,1.567494511604309,0.24420825415386652,0.006585907936096191,0.001185497607905469,saga,42,3.496248124062031,"{'solver': 'saga', 'random_state': 42, 'alpha': 3.496248124062031}",-0.11937258205479331,-0.1003212614059193,-0.11227904897045644,-0.12420051841502781,-0.14328153018201595,-0.10365193691888772,-0.12019468607559167,-0.09382865912490117,-0.09878464440839207,-0.12328123055462663,-0.11391960981106122,0.01431892448478612,51
33,0.04695272445678711,0.0066587993028054075,0.008428668975830078,0.0014917512932229543,cholesky,42,3.6963481740870434,"{'solver': 'cholesky', 'random_state': 42, 'alpha': 3.6963481740870434}",-0.11869873500095379,-0.10028621044530465,-0.1128771399518823,-0.1236984105388626,-0.1439843334146336,-0.10395972952117251,-0.12022526302517708,-0.09406921716063232,-0.09772809636062474,-0.12367908687521258,-0.11392062222944561,0.014490410500191779,52
81,1.4732556581497191,0.20432807259148258,0.005812978744506836,0.0005074847989515674,saga,42,3.4862431215607805,"{'solver': 'saga', 'random_state': 42, 'alpha': 3.4862431215607805}",-0.11937444636593195,-0.1003207875705148,-0.11228164538712476,-0.12420067124380262,-0.14328815560965352,-0.1036603797102941,-0.12019960774751375,-0.0938293003567298,-0.0987803945949782,-0.12328274509503408,-0.11392181336815774,0.014320449167514201,53
26,0.044152021408081055,0.015817926721450385,0.007012748718261718,0.0009124047590659411,cholesky,42,10.314657328664332,"{'solver': 'cholesky', 'random_state': 42, 'alpha': 10.314657328664332}",-0.11933381607112893,-0.10123214824879538,-0.11185513610601518,-0.12481440760291447,-0.14061712802104248,-0.10266473293708286,-0.11905910504399367,-0.09473357096263159,-0.10175258787184806,-0.12317682393269555,-0.11392394567981483,0.013345128171185576,54
41,0.05741465091705322,0.005762789239841853,0.006572818756103516,0.0009458032650768329,lsqr,42,4.076538269134567,"{'solver': 'lsqr', 'random_state': 42, 'alpha': 4.076538269134567}",-0.11901780849120056,-0.10019391316840823,-0.11261621254563327,-0.12430697378420216,-0.1432174127838647,-0.10386600707999338,-0.12002388221069192,-0.09442421824587212,-0.09840583960203633,-0.12331253284439157,-0.11393848007562943,0.014246584439458728,55
80,1.0869473457336425,0.16562371675650053,0.0071430206298828125,0.0033006103951544225,saga,42,9.15407703851926,"{'solver': 'saga', 'random_state': 42, 'alpha': 9.15407703851926}",-0.11967667399155417,-0.10116449454797265,-0.11172498921109772,-0.12490298342505643,-0.14080276892895274,-0.10268464533481245,-0.11911637367813294,-0.09453988313726082,-0.10169593794701083,-0.12308373106284963,-0.11393924812647002,0.013439463739228124,56
18,0.07456302642822266,0.009345406813996749,0.00799391269683838,0.0015980904104614519,lsqr,42,4.526763381690845,"{'solver': 'lsqr', 'random_state': 42, 'alpha': 4.526763381690845}",-0.11921454751934724,-0.10022949007331543,-0.11254279487358432,-0.12454582235573004,-0.1428406383483363,-0.10352346267449805,-0.11996927101216537,-0.09423955202980237,-0.09910850600817186,-0.12322857597701027,-0.11394426608719613,0.01415872934152279,57
52,0.0653524398803711,0.010918272149941042,0.008252954483032227,0.0015659478135480883,lsqr,42,9.70935467733867,"{'solver': 'lsqr', 'random_state': 42, 'alpha': 9.70935467733867}",-0.11954065528943073,-0.1012548622045921,-0.11150872717988877,-0.12481371570216851,-0.1407407706874151,-0.1029051789045896,-0.11913824357660163,-0.0944811164109626,-0.10195257794164866,-0.12311571904078107,-0.11394515669380786,0.013379234491266363,58
96,0.5810381889343261,0.09130838346769128,0.006178164482116699,0.0006717387717894888,sag,42,9.97448724362181,"{'solver': 'sag', 'random_state': 42, 'alpha': 9.97448724362181}",-0.11953326348186474,-0.10123435483962726,-0.11177914564295989,-0.12490500746413133,-0.1406438639968414,-0.10266827706080991,-0.11907683926310385,-0.09467767970951314,-0.10183876904344268,-0.12313732904273042,-0.11394945295450246,0.013364956584771603,59
98,0.04484820365905762,0.016610259150265497,0.00587315559387207,0.0004403051266829155,sparse_cg,42,9.464232116058028,"{'solver': 'sparse_cg', 'random_state': 42, 'alpha': 9.464232116058028}",-0.11957171131160814,-0.10114211004687525,-0.11184434750394265,-0.12471225591157085,-0.14064003648136586,-0.10263294990237493,-0.11927505523594109,-0.09420161098481995,-0.1017929746503498,-0.12377700908824865,-0.11395900611170973,0.013487241830649782,60
6,0.5413320541381836,0.08989125417056362,0.005648970603942871,0.0004779932104827194,sag,42,10.149574787393696,"{'solver': 'sag', 'random_state': 42, 'alpha': 10.149574787393696}",-0.11955341072342084,-0.10126883750898155,-0.11178590240738533,-0.12493476547429513,-0.1406044088555008,-0.10266412343081388,-0.11907860394043665,-0.09472200939060046,-0.10192308413274537,-0.12314783624162824,-0.11396829821058083,0.013344095158381617,61
93,0.1071937084197998,0.016846013946317684,0.011292243003845214,0.0033832081902315167,lsqr,42,4.211605802901451,"{'solver': 'lsqr', 'random_state': 42, 'alpha': 4.211605802901451}",-0.11900116302991073,-0.10020314640106014,-0.11266604080313816,-0.12457441807567998,-0.14311465529402545,-0.10379983786109359,-0.12017936540952223,-0.09439198927480369,-0.09848508128451332,-0.12328512187837443,-0.11397008193121216,0.014248666280779509,62
60,1.1382609605789185,0.18344213364116965,0.005630779266357422,0.00042422016561721325,saga,42,9.63431715857929,"{'solver': 'saga', 'random_state': 42, 'alpha': 9.63431715857929}",-0.11973107688170266,-0.101254238288989,-0.11174402558453965,-0.12497359507956028,-0.14068525816099484,-0.1026691991880722,-0.11910978772738623,-0.09465590569749312,-0.10192123975778833,-0.12310935288989161,-0.1139853679256418,0.013380872455106892,63
37,1.069930076599121,0.15138572826623098,0.0066030025482177734,0.001532951997355527,saga,42,9.689344672336167,"{'solver': 'saga', 'random_state': 42, 'alpha': 9.689344672336167}",-0.1197335516821998,-0.10126359995136863,-0.11174681252396079,-0.12498598187893888,-0.1406711703297982,-0.10266786520196536,-0.1191089226755356,-0.0946708909798383,-0.1019435197783455,-0.12311263499597536,-0.11399049499979266,0.013374379362992333,64
95,0.06841554641723632,0.012612924226275806,0.009006333351135255,0.0021684402263510653,lsqr,42,10.45472736368184,"{'solver': 'lsqr', 'random_state': 42, 'alpha': 10.45472736368184}",-0.11960105260933679,-0.10138050071047787,-0.11156664788706623,-0.12492562328809274,-0.14056232951342493,-0.10273632334537273,-0.1190861846938976,-0.09467055524893483,-0.1022569079511098,-0.12315367678593886,-0.11399398020336524,0.013302361131261434,65
75,1.0722570896148682,0.1589967638957713,0.007170748710632324,0.0022675672672931575,saga,42,9.749374687343671,"{'solver': 'saga', 'random_state': 42, 'alpha': 9.749374687343671}",-0.11974370069055149,-0.10127603155345269,-0.11174991584349682,-0.12499364794836076,-0.14065772427761333,-0.10266647845281236,-0.11910807475899077,-0.09468496338756484,-0.10197528838615225,-0.12311613884974178,-0.11399719641487369,0.01336696032874815,66
85,0.6525351762771606,0.11366735437422842,0.007781839370727539,0.0026565640929258416,sag,42,10.579789894947474,"{'solver': 'sag', 'random_state': 42, 'alpha': 10.579789894947474}",-0.11960826895111035,-0.10135171422656583,-0.11180712636244994,-0.12500680362580785,-0.14050888310599025,-0.10265604363378698,-0.1190820450962053,-0.09483264623786568,-0.10212143788769636,-0.12317406835869721,-0.11401490374861759,0.01329388071083365,67
92,0.08664069175720215,0.00820376314761889,0.01112368106842041,0.0021004397221814136,lsqr,42,10.52976488244122,"{'solver': 'lsqr', 'random_state': 42, 'alpha': 10.52976488244122}",-0.11960746026936286,-0.10139340522699197,-0.11157301390106125,-0.12493709164167442,-0.14054552753246305,-0.10273383133028709,-0.11908625929537367,-0.09469017103166506,-0.10228742678317793,-0.12333337992697595,-0.11401875669390334,0.01330602881594833,68
23,0.0809704065322876,0.020631106407121572,0.008922767639160157,0.004019303426830248,sparse_cg,42,10.364682341170585,"{'solver': 'sparse_cg', 'random_state': 42, 'alpha': 10.364682341170585}",-0.11963134354530733,-0.10127428772877933,-0.1117555909959513,-0.12483948908676956,-0.1403777133915622,-0.10258896476650457,-0.11924115665239371,-0.09444785503419617,-0.1023622965327037,-0.12374922489482233,-0.11402679226289902,0.013350713886718064,69
31,0.5737878322601319,0.0873591725064442,0.006681299209594727,0.0017145575394032545,sag,42,10.719859929964983,"{'solver': 'sag', 'random_state': 42, 'alpha': 10.719859929964983}",-0.11962710487973874,-0.10137726792825795,-0.11181596713195906,-0.1250271861532551,-0.14047897960259195,-0.10265520047029565,-0.11908368041499466,-0.09486917252692446,-0.10218863530307067,-0.12318333461566507,-0.11403065290267533,0.013277320085403334,70
0,0.5885865688323975,0.07872405158798532,0.0064285993576049805,0.0017702707111977578,sag,42,10.769884942471235,"{'solver': 'sag', 'random_state': 42, 'alpha': 10.769884942471235}",-0.11963107557374864,-0.10138939932321311,-0.11181815034493184,-0.12503734706857883,-0.1404688256770142,-0.10265476381136393,-0.11908437220346765,-0.0948818104586247,-0.10220987425634794,-0.12318669461629583,-0.11403623133335868,0.013271692373788353,71
39,1.1053133964538575,0.1600504853290518,0.006297636032104492,0.0006290074230922329,saga,42,10.149574787393696,"{'solver': 'saga', 'random_state': 42, 'alpha': 10.149574787393696}",-0.11978882047817448,-0.1013504143071959,-0.11177109263644966,-0.125056796921579,-0.14056666155499462,-0.10265885175479954,-0.11910816974560848,-0.09478707422702634,-0.10215799742698858,-0.12314108169725219,-0.11403869607500687,0.013319758771112487,72
40,0.9804973125457763,0.13413147877258366,0.007333111763000488,0.0023763225229718734,sag,42,2.9259629814907453,"{'solver': 'sag', 'random_state': 42, 'alpha': 2.9259629814907453}",-0.11914498867636215,-0.1002865821982646,-0.11279654053585429,-0.12399377155091104,-0.1440869176648886,-0.10413273950029449,-0.12059002135883556,-0.09400716925552835,-0.09797146862194911,-0.12360207198658373,-0.1140612271349472,0.014528096037542163,73
49,0.038663506507873535,0.0053535303308555465,0.0065593719482421875,0.0008916418490722706,cholesky,42,3.2511255627813904,"{'solver': 'cholesky', 'random_state': 42, 'alpha': 3.2511255627813904}",-0.118764902218286,-0.10031326928656024,-0.11316673728430202,-0.12366051383759133,-0.14451484225545885,-0.10423843632459637,-0.12051953069784017,-0.09420071813509,-0.09738881802700651,-0.1238652987701977,-0.11406330668369291,0.014622673217594672,74
99,0.9215306520462037,0.17156362893104146,0.004756307601928711,0.000820565582184093,saga,42,10.589794897448725,"{'solver': 'saga', 'random_state': 42, 'alpha': 10.589794897448725}",-0.11984440434235066,-0.10143518373781882,-0.11179713730614738,-0.12512553220783623,-0.14047339284866012,-0.1026534878595372,-0.119113548288362,-0.09489909502472917,-0.10234751409950983,-0.12317086021030524,-0.11408601559252567,0.01327045467290488,75
9,1.453679347038269,0.2068909554578716,0.005516910552978515,0.0005724216407146606,saga,42,2.680840420210105,"{'solver': 'saga', 'random_state': 42, 'alpha': 2.680840420210105}",-0.11948417942029484,-0.10029508624107594,-0.11259867695567187,-0.12419198588040639,-0.1439512991988246,-0.10403843851182688,-0.12069050691307913,-0.09394051075441572,-0.09833268815677346,-0.12347515876199991,-0.11409985307943689,0.014499461292150188,76
28,1.024751329421997,0.14754020767682474,0.006558370590209961,0.0008673169940685969,saga,42,10.77488744372186,"{'solver': 'saga', 'random_state': 42, 'alpha': 10.77488744372186}",-0.1198684747082309,-0.10146986132929325,-0.1118095677343827,-0.12515426989699532,-0.14043623151929507,-0.10265250823954004,-0.1191152556663171,-0.09494967723458986,-0.10242728447676246,-0.12318401306881618,-0.11410671438742229,0.01324967775522209,77
76,0.061232137680053714,0.013160442193650928,0.0073609590530395504,0.001504162164748305,sparse_cg,42,3.7663831915957977,"{'solver': 'sparse_cg', 'random_state': 42, 'alpha': 3.7663831915957977}",-0.11938310552513187,-0.1002543148126802,-0.11268279772462102,-0.12472130555285552,-0.14341544984316865,-0.10400110680628755,-0.12036523083038386,-0.09420795196763254,-0.09875542706561768,-0.12350632966888238,-0.11412930197972612,0.014334193741107228,78
67,0.9663853168487548,0.14097752741159386,0.0061069965362548825,0.0007630756390737198,sag,42,2.6058029014507254,"{'solver': 'sag', 'random_state': 42, 'alpha': 2.6058029014507254}",-0.1192226558582097,-0.10030456440985677,-0.11298069825723561,-0.12399621891861906,-0.1444186443963894,-0.10433442940052225,-0.12084447669188988,-0.09409835301183009,-0.09778578252871419,-0.12372238496201426,-0.11417082084352814,0.01461019464221393,79
88,0.0879941463470459,0.011011142041831805,0.010507488250732422,0.0021856116123116377,sparse_cg,42,3.576288144072036,"{'solver': 'sparse_cg', 'random_state': 42, 'alpha': 3.576288144072036}",-0.11943247594416523,-0.1003308883730618,-0.1129680761671258,-0.12466802451682908,-0.14356424437169804,-0.10394237125496372,-0.12046504343117265,-0.09425772885456529,-0.09867268572196376,-0.12353903353279257,-0.1141840572168338,0.014365108674695681,80
48,0.09514641761779785,0.01507829256471659,0.010016584396362304,0.002676412293197568,lsqr,42,2.6358179089544773,"{'solver': 'lsqr', 'random_state': 42, 'alpha': 2.6358179089544773}",-0.1192143441732581,-0.10020783980098842,-0.11346067764851556,-0.12397801655893914,-0.1448213128384695,-0.10469186076852256,-0.12087186510752185,-0.09412371749629551,-0.09686953935414894,-0.12386572317212813,-0.11421048969187877,0.014786787294636823,81
38,0.039043211936950685,0.013795480596988464,0.006491231918334961,0.0005435940340944616,cholesky,42,2.840920460230115,"{'solver': 'cholesky', 'random_state': 42, 'alpha': 2.840920460230115}",-0.11887585928319962,-0.10037305085310567,-0.11350075187201766,-0.12364177383178422,-0.14509630632140894,-0.10455031808901787,-0.12085766378391469,-0.09437544795654378,-0.09707202164183933,-0.12408268161664292,-0.11424258752494747,0.014760543965097295,82
34,0.10205399990081787,0.013465893046223561,0.012235760688781738,0.003113937162617667,sparse_cg,42,3.3611805902951475,"{'solver': 'sparse_cg', 'random_state': 42, 'alpha': 3.3611805902951475}",-0.11948733520679446,-0.1001804557625191,-0.11304935100081577,-0.12471485795702464,-0.14376477837822355,-0.10408129291256082,-0.12060463663382771,-0.09465530182586462,-0.09858664178637656,-0.12361448153334498,-0.1142739132997352,0.014381319485657578,83
65,0.0752401351928711,0.02080273597029745,0.00899178981781006,0.0037714654504731014,sparse_cg,42,3.116058029014507,"{'solver': 'sparse_cg', 'random_state': 42, 'alpha': 3.116058029014507}",-0.11925792333539688,-0.10016868864611601,-0.11323306871779612,-0.12478062192711109,-0.14397201766423134,-0.10422851284786401,-0.120784067859481,-0.09467929305929008,-0.09849006603728393,-0.12361112115868086,-0.11432053812532512,0.014424916901989084,84
61,1.9349590063095092,0.33735125863161347,0.007760834693908691,0.0048523837388359855,saga,42,2.015507753876938,"{'solver': 'saga', 'random_state': 42, 'alpha': 2.015507753876938}",-0.11966411827664944,-0.10032066322937162,-0.11295063825996933,-0.12422935892907207,-0.14460981488908292,-0.10445313425711293,-0.12124137694788442,-0.09411837725343354,-0.09796604565553178,-0.12369823320647733,-0.11432517609045853,0.014665787858283617,85
57,0.1231527328491211,0.021681096658212776,0.010478901863098144,0.003125653627049541,lsqr,42,2.3406703351675837,"{'solver': 'lsqr', 'random_state': 42, 'alpha': 2.3406703351675837}",-0.11938790761449039,-0.10051196546697418,-0.1138410032506483,-0.1237529346270736,-0.14511915939129721,-0.10511113241789445,-0.12103381393271388,-0.09408639179637598,-0.09676735144341403,-0.12395732582418231,-0.11435689857650644,0.014813442422266053,86
32,0.21230781078338623,0.03617661798696959,0.007366752624511719,0.001965035073098306,svd,42,2.6208104052026013,"{'solver': 'svd', 'random_state': 42, 'alpha': 2.6208104052026013}",-0.11896264744206934,-0.10042353347122067,-0.11371386639922358,-0.12364034521287728,-0.14545527175823528,-0.10474479687201212,-0.12107313318349415,-0.09449621196102263,-0.09690235799430923,-0.12422214553571609,-0.11436343098301802,0.014842463101661336,87
43,0.08953077793121338,0.020055866896522022,0.0103593111038208,0.0059867798467863175,sparse_cg,42,3.0760380190095047,"{'solver': 'sparse_cg', 'random_state': 42, 'alpha': 3.0760380190095047}",-0.11960341887618751,-0.10020606360546379,-0.11327042467313084,-0.12478396695502722,-0.14402194506617308,-0.1042562678143114,-0.12081449661356818,-0.09478299975388293,-0.0984745091175761,-0.12353545452547496,-0.11437495470007959,0.014425827611260524,88
74,0.1012033224105835,0.01181932644048913,0.01138134002685547,0.0030853908749313565,lsqr,42,2.2356178089044523,"{'solver': 'lsqr', 'random_state': 42, 'alpha': 2.2356178089044523}",-0.1194620509099297,-0.10054368844971773,-0.11395417450300142,-0.12376899061467561,-0.14527078892820972,-0.10522977729632647,-0.12114017724506664,-0.09413004082895791,-0.09667988746639697,-0.12401645152149594,-0.11441960277637782,0.01485083495181652,89
24,1.0410345077514649,0.1311741342673245,0.0067779779434204105,0.001697051791195026,sag,42,1.9554777388694347,"{'solver': 'sag', 'random_state': 42, 'alpha': 1.9554777388694347}",-0.11947369370850112,-0.10038963357418326,-0.11347585202009337,-0.12405564137107775,-0.14521588544081357,-0.1048459155958704,-0.12153104174574372,-0.09435547396930077,-0.09741500866092159,-0.12401914771132709,-0.11447772937978326,0.014800708815467419,90
21,1.8683711767196656,0.2773416906993057,0.0067311286926269535,0.001120650563293343,saga,42,1.3151575787893948,"{'solver': 'saga', 'random_state': 42, 'alpha': 1.3151575787893948}",-0.12000329535132231,-0.10041673223621049,-0.11346938338080106,-0.12434128213138475,-0.1454683515574295,-0.10501897734959817,-0.1220612405548145,-0.09441874476699874,-0.0976041516272126,-0.1240285420542923,-0.11468307010100645,0.01487219927810364,91
73,0.22260642051696777,0.012480135260431765,0.008567166328430176,0.0017274202076965621,svd,42,2.12056028014007,"{'solver': 'svd', 'random_state': 42, 'alpha': 2.12056028014007}",-0.11926240003551596,-0.10060545393266856,-0.11431644271647995,-0.12366886415560223,-0.1464357633700666,-0.10527817869299287,-0.12168256693079028,-0.09486490444595033,-0.09652874969720149,-0.12461710896920065,-0.1147260432946469,0.015055605662692114,92
77,1.8337135076522828,0.25287061395234167,0.006064748764038086,0.0005314662255884148,saga,42,1.1700850425212606,"{'solver': 'saga', 'random_state': 42, 'alpha': 1.1700850425212606}",-0.12010287061580784,-0.10044702218971295,-0.11360258384964216,-0.12437995817282597,-0.1456751434089434,-0.10516428533415935,-0.12227901964173582,-0.09449839016097447,-0.09754337555871057,-0.12410773435303002,-0.11478003832855425,0.014919689703655517,93
13,1.9517243146896361,0.314571522734247,0.006034946441650391,0.0008757041917350772,saga,42,1.0,"{'solver': 'saga', 'random_state': 42, 'alpha': 1.0}",-0.12023462450818119,-0.1004927322875548,-0.11375972432054461,-0.12442703081200648,-0.14591408150095297,-0.10533045015222042,-0.12256969450041175,-0.09460570416547025,-0.09746233895522585,-0.12421124124644287,-0.11490076224490113,0.014976633632218893,94
87,0.04499368667602539,0.005867944815735565,0.008568382263183594,0.003343470096410471,cholesky,42,1.880440220110055,"{'solver': 'cholesky', 'random_state': 42, 'alpha': 1.880440220110055}",-0.1194769852122946,-0.10073815608249392,-0.11468301604074614,-0.12370417302006718,-0.1470144191738146,-0.10559170016112797,-0.12205396881410978,-0.09510347913548026,-0.09636421116098237,-0.12485647814377124,-0.11495865869448882,0.01517498451651701,95
8,1.0680835723876954,0.09791149994011998,0.005325174331665039,0.000338658065097595,sag,42,1.1000500250125063,"{'solver': 'sag', 'random_state': 42, 'alpha': 1.1000500250125063}",-0.12014835206880821,-0.10066711736991023,-0.11439468938882627,-0.1242681980884971,-0.1465807424714911,-0.10578634859223544,-0.12305292476037313,-0.09491741385966532,-0.09698673861141686,-0.12476479448251585,-0.11515673196937395,0.015126733384599408,96
20,1.1681771516799926,0.13893073652817256,0.005908083915710449,0.0004495040606933521,sag,42,1.0600300150075037,"{'solver': 'sag', 'random_state': 42, 'alpha': 1.0600300150075037}",-0.12019709406329084,-0.10068750444754358,-0.11446294669040713,-0.12428325441910698,-0.14667429711724383,-0.1058433403630006,-0.12314779634394388,-0.09495195798007049,-0.09696894156433729,-0.12480947539912436,-0.1152026608388069,0.015148184062599655,97
66,0.039263010025024414,0.00447627601916285,0.006506514549255371,0.0010015023902311872,cholesky,42,1.6003001500750376,"{'solver': 'cholesky', 'random_state': 42, 'alpha': 1.6003001500750376}",-0.1198118436126923,-0.10094633387211423,-0.1151994118549861,-0.12377105745645203,-0.14781339381295255,-0.10602002334137513,-0.12257831829130199,-0.09545222801609382,-0.09619884660227458,-0.12519086341450048,-0.11529823202747431,0.01533291661539808,98
90,0.04156250953674316,0.0038566801328694385,0.0073806047439575195,0.001618029064219195,cholesky,42,1.3151575787893948,"{'solver': 'cholesky', 'random_state': 42, 'alpha': 1.3151575787893948}",-0.120283465076587,-0.10124026117562954,-0.11586002066542428,-0.12387916479574572,-0.14881394948185123,-0.10654555465994059,-0.12325087533454537,-0.09591324667198999,-0.09608561019453565,-0.12561157017818333,-0.11574837182344326,0.015520391426131767,99
5,0.10688548088073731,0.027233738481848815,0.00949716567993164,0.004265037628512728,sparse_cg,42,1.0700350175087543,"{'solver': 'sparse_cg', 'random_state': 42, 'alpha': 1.0700350175087543}",-0.12044780579658391,-0.10172428505965786,-0.11595404554186946,-0.12422339591684246,-0.14828311399658994,-0.1071328625351709,-0.12286011545738763,-0.0955729990026449,-0.09669459987440898,-0.1251785133868529,-0.11580717365680089,0.015273919790500804,100
