,mean_fit_time,std_fit_time,mean_score_time,std_score_time,param_random_state,param_n_estimators,param_loss,param_learning_rate,params,split0_test_score,split1_test_score,split2_test_score,split3_test_score,split4_test_score,split5_test_score,split6_test_score,split7_test_score,split8_test_score,split9_test_score,mean_test_score,std_test_score,rank_test_score
24,7.029762506484985,0.22245251637764166,0.10950312614440919,0.010164340344375251,42,199,exponential,5.207669084542271,"{'random_state': 42, 'n_estimators': 199, 'loss': 'exponential', 'learning_rate': 5.207669084542271}",-0.17271959837560366,-0.17262965560424548,-0.1630619619413203,-0.18541552650781576,-0.18321935274744558,-0.1634871539790905,-0.17302750462208566,-0.1677616605748088,-0.19494418652766246,-0.16992545119698574,-0.1746192052077064,0.009696793093867697,1
78,6.8108875274658205,0.5416661353072678,0.12104613780975342,0.02803881523542406,42,158,exponential,4.892513606803401,"{'random_state': 42, 'n_estimators': 158, 'loss': 'exponential', 'learning_rate': 4.892513606803401}",-0.17827416681677805,-0.17542537693400048,-0.15949817015726658,-0.1900483825734434,-0.1852916246093982,-0.1603067067182091,-0.17092310306557995,-0.1720686135865346,-0.195318754229379,-0.1627502834133165,-0.1749905182103906,0.011779612093608621,2
25,4.91735348701477,0.31554122068358653,0.08372366428375244,0.009222537847204572,42,132,linear,3.286721410705353,"{'random_state': 42, 'n_estimators': 132, 'loss': 'linear', 'learning_rate': 3.286721410705353}",-0.18325538447370948,-0.17696027215900387,-0.16500568222579456,-0.1852428951430958,-0.1869565085032827,-0.15997040228975729,-0.17274302418025286,-0.1689043164365676,-0.19411426901964593,-0.1601824719151692,-0.17533352263462793,0.011276956923433133,3
15,4.687546753883362,0.5530868614860803,0.07795970439910889,0.011991223880279392,42,109,exponential,4.389765582791395,"{'random_state': 42, 'n_estimators': 109, 'loss': 'exponential', 'learning_rate': 4.389765582791395}",-0.18014604553194402,-0.17383615056108478,-0.16951208350361033,-0.18693823857220881,-0.19068796397773588,-0.16391323901713364,-0.1739561620486534,-0.16665175147791553,-0.19929661266258733,-0.16849977068909675,-0.17734380180419704,0.011035989899964928,4
48,5.461230826377869,0.5557338575848221,0.08343241214752198,0.010686180623770306,42,126,exponential,3.586869484742371,"{'random_state': 42, 'n_estimators': 126, 'loss': 'exponential', 'learning_rate': 3.586869484742371}",-0.18714295421143257,-0.18109629666979107,-0.1636484446570797,-0.18504862806192948,-0.18863441107524653,-0.1624844563529708,-0.1770053747492184,-0.17336198703923694,-0.19350446292992937,-0.17010079764033334,-0.1782027813387168,0.010136709358766918,5
84,2.996855449676514,0.29935847997761666,0.051595211029052734,0.005830771391942511,42,74,linear,3.3917732366183095,"{'random_state': 42, 'n_estimators': 74, 'loss': 'linear', 'learning_rate': 3.3917732366183095}",-0.183254548930318,-0.16916617264419206,-0.16430607001799066,-0.19067017179219492,-0.18842596129039513,-0.164356687372922,-0.18117416171768105,-0.17545871896519355,-0.19912570406082464,-0.16929856792764,-0.1785236764719352,0.011332897880458237,6
42,6.28443591594696,0.26832014197520193,0.0948075532913208,0.009828464691856062,42,148,exponential,2.6338993496748375,"{'random_state': 42, 'n_estimators': 148, 'loss': 'exponential', 'learning_rate': 2.6338993496748375}",-0.1859794287664469,-0.17510961407085646,-0.16616354002508466,-0.189291476002486,-0.18963144185520892,-0.16472989007597105,-0.17698157936853212,-0.17585958626492093,-0.1991685334695104,-0.16328050520943177,-0.1786195595108449,0.011478507891455566,7
30,3.755885863304138,0.2401055629292352,0.0760765790939331,0.022740839331619078,42,80,exponential,3.339247323661831,"{'random_state': 42, 'n_estimators': 80, 'loss': 'exponential', 'learning_rate': 3.339247323661831}",-0.18207402850068083,-0.17858089200151203,-0.1602476159396983,-0.18995671348427018,-0.18828748338857665,-0.1605356762552255,-0.1823667859054265,-0.18340435469033234,-0.19041437582073706,-0.1724360273766295,-0.1788303953363089,0.010546729456248169,8
22,6.070827174186706,0.6523807372479389,0.09871678352355957,0.021139165481516748,42,166,linear,2.5213438219109556,"{'random_state': 42, 'n_estimators': 166, 'loss': 'linear', 'learning_rate': 2.5213438219109556}",-0.18557427479387176,-0.18019897307290905,-0.16481502568335898,-0.19171516817722453,-0.18888112726340395,-0.16679493071132032,-0.17599465946367865,-0.17654216586381372,-0.1971980050551479,-0.16428587198003242,-0.17920002020647613,0.011029478260082291,9
39,4.900871348381043,0.306949840628711,0.07624859809875488,0.009428590268194228,42,117,linear,2.1461587293646827,"{'random_state': 42, 'n_estimators': 117, 'loss': 'linear', 'learning_rate': 2.1461587293646827}",-0.18309362390358044,-0.18126087941901634,-0.1676157851646591,-0.1919214583813957,-0.19307987199389723,-0.16511172312766179,-0.17381688265177925,-0.18118559901608716,-0.1995880467679369,-0.16528054260256336,-0.18019544130285775,0.011571528536867945,10
7,3.2880399227142334,0.24742744378804132,0.05988707542419434,0.02333796988381079,42,80,exponential,3.7369435217608804,"{'random_state': 42, 'n_estimators': 80, 'loss': 'exponential', 'learning_rate': 3.7369435217608804}",-0.18908193034207027,-0.17878073881142467,-0.1652946500010182,-0.1929224921408455,-0.1911173209347706,-0.1660945585674898,-0.17383827481310624,-0.1756642618136331,-0.1958389047807091,-0.1742040172100747,-0.18028371494151424,0.010604655425232952,11
91,2.2942859172821044,0.12552167272396322,0.044187736511230466,0.009881410526705206,42,65,square,1.5533662831415707,"{'random_state': 42, 'n_estimators': 65, 'loss': 'square', 'learning_rate': 1.5533662831415707}",-0.18838574220457147,-0.1804526127572436,-0.18016407403994927,-0.18935571546945393,-0.19297000649191529,-0.16086457280749264,-0.1831962190956655,-0.17194952367106578,-0.19837501412241915,-0.16697620262753096,-0.18126896832873077,0.01121896219149006,12
85,3.7298484325408934,0.4678307283912307,0.07693216800689698,0.02460468461054511,42,102,exponential,5.3952616308154075,"{'random_state': 42, 'n_estimators': 102, 'loss': 'exponential', 'learning_rate': 5.3952616308154075}",-0.17723883142879973,-0.17442268264991723,-0.16296288161325131,-0.2144085650213385,-0.21126645856658646,-0.16251433098798812,-0.18208497553205272,-0.1699692044426231,-0.19639554702408857,-0.1621874645151094,-0.18134509417817551,0.018625935960828142,13
72,6.491063952445984,0.5057128505537414,0.10387973785400391,0.02020948517378668,42,131,exponential,1.5533662831415707,"{'random_state': 42, 'n_estimators': 131, 'loss': 'exponential', 'learning_rate': 1.5533662831415707}",-0.18279872283246068,-0.17868629268010416,-0.17386488912174808,-0.19624772032449364,-0.19320765874495502,-0.17025616287069273,-0.17667770824538268,-0.17968370285716112,-0.1986667968269129,-0.16865646327843564,-0.18187461177823466,0.010167066398413442,14
35,5.017410182952881,0.42755501320927847,0.08554644584655761,0.018092559499887983,42,117,exponential,1.8610180590295147,"{'random_state': 42, 'n_estimators': 117, 'loss': 'exponential', 'learning_rate': 1.8610180590295147}",-0.1867309120026709,-0.18108978324991185,-0.17022914316854765,-0.19674716801884476,-0.1895852527341778,-0.1712946542907917,-0.17860835236780784,-0.17845209297240558,-0.20087171756178973,-0.16544310964117612,-0.18190521860081238,0.010980236649152543,15
69,3.8436813354492188,0.19161402865751076,0.06606111526489258,0.011571450604264955,42,84,linear,0.47283321660830413,"{'random_state': 42, 'n_estimators': 84, 'loss': 'linear', 'learning_rate': 0.47283321660830413}",-0.18581677675359412,-0.18163442577660238,-0.17016294754551786,-0.1984719190076635,-0.20241126396995132,-0.16842109699829727,-0.18162056891608433,-0.17943581391776628,-0.19773717085977355,-0.1617379329828617,-0.18274499167281122,0.01298663335221393,16
92,2.7713624000549317,0.2079888741332735,0.048897385597229004,0.005268067773418328,42,72,exponential,2.153662431215608,"{'random_state': 42, 'n_estimators': 72, 'loss': 'exponential', 'learning_rate': 2.153662431215608}",-0.192617897111103,-0.17729845656523077,-0.17738891243650684,-0.19526366764589353,-0.1852640135690417,-0.17121780109844978,-0.18428340787281272,-0.18598834405203638,-0.1959904299314619,-0.16554517557822374,-0.18308581058607604,0.009668325735734772,17
11,7.73439040184021,0.8007891149203188,0.14473135471343995,0.05942566855025346,42,181,linear,0.9905886443221611,"{'random_state': 42, 'n_estimators': 181, 'loss': 'linear', 'learning_rate': 0.9905886443221611}",-0.19650936195212929,-0.18298480457682537,-0.1711244483393976,-0.19538584988647995,-0.19003950259365388,-0.1662797888733542,-0.18073933106000015,-0.18607044756156163,-0.1964559992437289,-0.16938021787498694,-0.1834969751962118,0.010884355573034101,18
68,3.9711429357528685,0.2594614050679858,0.06352717876434326,0.014902593424078828,42,86,linear,0.5253591295647824,"{'random_state': 42, 'n_estimators': 86, 'loss': 'linear', 'learning_rate': 0.5253591295647824}",-0.18372505739871245,-0.17884945677154573,-0.1756382046909464,-0.1954967847488229,-0.1993630165419426,-0.16884809562883538,-0.19010653451170004,-0.17915438218144875,-0.2031199466764195,-0.1623173621756427,-0.18366188413260165,0.012608082919278138,19
67,7.612551522254944,0.31390563566035634,0.10552639961242676,0.025810688764275228,42,178,linear,1.185684892446223,"{'random_state': 42, 'n_estimators': 178, 'loss': 'linear', 'learning_rate': 1.185684892446223}",-0.1946994058601424,-0.1812600419777509,-0.17130768943847152,-0.19436600678292967,-0.19380134756284664,-0.1668835758772165,-0.1814824627796974,-0.18615373325793336,-0.20291169562312816,-0.17130732729077058,-0.1844173286450887,0.011434872054394734,20
6,4.481329298019409,0.17123039216323319,0.08221063613891602,0.021769836451535476,42,111,square,1.6584181090545271,"{'random_state': 42, 'n_estimators': 111, 'loss': 'square', 'learning_rate': 1.6584181090545271}",-0.1957081965923579,-0.1844696709869991,-0.17034609727058467,-0.19556424341477838,-0.18854799390179372,-0.1715667356454934,-0.18106597879399858,-0.17581275379367356,-0.21423627779192514,-0.1722711172738694,-0.18495890654654737,0.01323244951913914,21
73,6.3175109148025514,0.3781134061723391,0.09149811267852784,0.02084769850977083,42,119,linear,0.47283321660830413,"{'random_state': 42, 'n_estimators': 119, 'loss': 'linear', 'learning_rate': 0.47283321660830413}",-0.19216264873761582,-0.18296015875889052,-0.17378993650097604,-0.19897491183449878,-0.20013518985298206,-0.16901194691732613,-0.18117702824482065,-0.1867760288591469,-0.2020098760384815,-0.1631198067851313,-0.18501175325298697,0.012833420179539553,22
52,3.389612340927124,0.39629755798614946,0.045751547813415526,0.006495461437527446,42,71,exponential,1.508344072036018,"{'random_state': 42, 'n_estimators': 71, 'loss': 'exponential', 'learning_rate': 1.508344072036018}",-0.19538140003774396,-0.18120267453864355,-0.17243667709944316,-0.1989943681093985,-0.20003123360316602,-0.16182282336609446,-0.1863156430816246,-0.18834922869191145,-0.1989721168638033,-0.16928332486728614,-0.18527894902591152,0.013013055443214589,23
50,3.2554842233657837,0.34521219311959206,0.07052168846130372,0.013451570440715042,42,87,exponential,5.597861580790395,"{'random_state': 42, 'n_estimators': 87, 'loss': 'exponential', 'learning_rate': 5.597861580790395}",-0.1834714924987187,-0.19038273520824675,-0.20246216433380992,-0.21468757033308938,-0.20708387167859868,-0.16674256079469638,-0.17765594463651535,-0.17429512422039048,-0.20596247155475345,-0.17510599338088806,-0.18978499286397071,0.01586034423295417,24
33,5.79516019821167,0.4144113695017998,0.10790560245513917,0.033889194468616254,42,154,square,1.86852176088044,"{'random_state': 42, 'n_estimators': 154, 'loss': 'square', 'learning_rate': 1.86852176088044}",-0.18912306082475325,-0.18010106783527755,-0.16155986365729652,-0.18330054117084613,-0.18745592336572378,-0.1702530037746922,-0.19025707049748067,-0.1656492211305598,-0.20128799830898061,-0.27557498573420564,-0.1904562736299816,0.030643661530119524,25
40,5.150220799446106,0.3727468574079035,0.12334015369415283,0.014040050603339432,42,186,exponential,6.1231207103551775,"{'random_state': 42, 'n_estimators': 186, 'loss': 'exponential', 'learning_rate': 6.1231207103551775}",-0.20307240015905068,-0.23435122010295778,-0.2272027025667209,-0.2381556717495405,-0.2885493645784579,-0.21140473308896887,-0.21426109371914956,-0.20156115197037477,-0.22860326536498246,-0.21109151907132617,-0.22582531223715296,0.02415339155459617,26
46,5.146989440917968,0.4415403390129107,0.1476748466491699,0.030283588489284457,42,182,exponential,6.640876138069034,"{'random_state': 42, 'n_estimators': 182, 'loss': 'exponential', 'learning_rate': 6.640876138069034}",-0.1993462773781752,-0.20293309305491344,-0.27246660612073315,-0.26675599368893316,-0.30971419063920413,-0.23009670514794275,-0.23837491769398786,-0.21039185605710667,-0.23155194230447476,-0.19827081200830982,-0.2359902394093781,0.03505136827536297,27
44,2.315096378326416,0.5086526211286081,0.0770984172821045,0.01737382638290686,42,92,linear,4.014580490245122,"{'random_state': 42, 'n_estimators': 92, 'loss': 'linear', 'learning_rate': 4.014580490245122}",-0.22313013305237386,-0.23362609330899037,-0.17756843005498,-0.3473014741309511,-0.24581301350313697,-0.19571354542546546,-0.24235160748180376,-0.18969687565533463,-0.3409197225512454,-0.22088101065364601,-0.24170019058179273,0.05548780191039007,28
75,4.856158256530762,0.49691600416717524,0.153336238861084,0.04066641486578326,42,151,exponential,7.826461030515257,"{'random_state': 42, 'n_estimators': 151, 'loss': 'exponential', 'learning_rate': 7.826461030515257}",-0.23015344202219434,-0.2676008381027963,-0.24305174809162794,-0.2807792911448829,-0.3156437512274195,-0.2323478600413036,-0.2597148278333756,-0.24416064305166554,-0.24993592876310705,-0.23895792045285405,-0.2562346250731227,0.024863066084066632,29
29,4.805943441390991,0.3442122852738143,0.15293629169464112,0.027782391706715745,42,183,exponential,7.87148324162081,"{'random_state': 42, 'n_estimators': 183, 'loss': 'exponential', 'learning_rate': 7.87148324162081}",-0.2305366711198941,-0.28108578525399924,-0.2251400899438441,-0.31550436625052053,-0.3549500524994736,-0.2463795360036367,-0.23954824501905891,-0.21964473400128703,-0.2776390555528095,-0.2817213273214724,-0.2672149862965996,0.04137497969066214,30
2,2.693408465385437,0.2726530883218269,0.09284372329711914,0.020617978996366446,42,95,exponential,8.8994903951976,"{'random_state': 42, 'n_estimators': 95, 'loss': 'exponential', 'learning_rate': 8.8994903951976}",-0.2586307110337043,-0.2859035910867335,-0.31970218655379895,-0.30314890690865876,-0.2982735965736866,-0.2459920741618146,-0.2545617603101174,-0.2568154180265494,-0.2393498166056059,-0.27627862101506323,-0.2738656682275733,0.025629499501209754,31
80,3.4825258016586305,0.3885388640904825,0.11448266506195068,0.015361688289807858,42,138,exponential,9.297186593296647,"{'random_state': 42, 'n_estimators': 138, 'loss': 'exponential', 'learning_rate': 9.297186593296647}",-0.25619087583655403,-0.3220050134595062,-0.3066162146057292,-0.3528275435991444,-0.3424713342612456,-0.2860684410991368,-0.2835275366737471,-0.26044956713829626,-0.26662957024974315,-0.2638955264328309,-0.29406816233559335,0.033371719469008354,32
32,1.7217196702957154,0.23934196118718143,0.057779884338378905,0.017868999356348197,42,75,exponential,10.505282591295648,"{'random_state': 42, 'n_estimators': 75, 'loss': 'exponential', 'learning_rate': 10.505282591295648}",-0.2526942917255135,-0.3038015367049838,-0.30073473826491603,-0.30445010731599026,-0.3741984316823571,-0.279383053644647,-0.32464702979332954,-0.26749077231190904,-0.31839651516881856,-0.2874080538788291,-0.3013204530491294,0.032166705816243826,33
53,3.912100648880005,0.23414358815769218,0.12161264419555665,0.009028906418144371,42,185,exponential,10.640349224612306,"{'random_state': 42, 'n_estimators': 185, 'loss': 'exponential', 'learning_rate': 10.640349224612306}",-0.2745908413072794,-0.32143487737625354,-0.3320493257260406,-0.29129257595110297,-0.3575798526062403,-0.3099104013076487,-0.30246982731127414,-0.27617523604357547,-0.28218157200755084,-0.2774352533690546,-0.302511976300602,0.02637991025140704,34
59,3.6676369190216063,0.23866658753404243,0.12214059829711914,0.006922601979809034,42,188,exponential,11.218134267133566,"{'random_state': 42, 'n_estimators': 188, 'loss': 'exponential', 'learning_rate': 11.218134267133566}",-0.28825025852162806,-0.3084657861021543,-0.3194222429602092,-0.3420126919854314,-0.35720193954361773,-0.2760179394156389,-0.3003741947920217,-0.2919245567903646,-0.30999556860851507,-0.2850959816148507,-0.3078761160334432,0.02442596734811543,35
55,2.2853901624679565,0.0777129386840396,0.07676327228546143,0.005174746229731049,42,111,exponential,10.542801100550275,"{'random_state': 42, 'n_estimators': 111, 'loss': 'exponential', 'learning_rate': 10.542801100550275}",-0.26027673709423677,-0.3647585118940134,-0.3383361928990301,-0.39301655247270023,-0.3639754482637655,-0.2845286719164911,-0.3038393377905619,-0.254090878947519,-0.26725754405607544,-0.3239676673597269,-0.31540475426941206,0.04649882368523001,36
93,1.7732433319091796,0.235127926416902,0.06806938648223877,0.006584316056190026,42,99,linear,4.922528414207103,"{'random_state': 42, 'n_estimators': 99, 'loss': 'linear', 'learning_rate': 4.922528414207103}",-0.27237565386952844,-0.2735699892285812,-0.26285121332032463,-0.38093875417601986,-0.31784630032608424,-0.26643674674303597,-0.23986681303960064,-0.4458863500879582,-0.264820537078591,-0.43386177548250354,-0.31584541333522276,0.0723756673734333,37
0,3.837827515602112,0.2402104079949035,0.1203524112701416,0.015336245565389695,42,173,exponential,12.00602296148074,"{'random_state': 42, 'n_estimators': 173, 'loss': 'exponential', 'learning_rate': 12.00602296148074}",-0.32116575084056076,-0.2984830085929085,-0.31998125808912103,-0.33181532254455054,-0.3635283633941949,-0.3255027624143002,-0.32080938789622293,-0.2481615371154481,-0.3045242882615562,-0.3261431183807516,-0.31601147975296145,0.027943717333801694,38
43,2.5248430490493776,0.241537690915294,0.08978538513183594,0.008951603958301796,42,135,linear,4.419780390195097,"{'random_state': 42, 'n_estimators': 135, 'loss': 'linear', 'learning_rate': 4.419780390195097}",-0.30318226658008435,-0.3216445208149195,-0.2583682126615803,-0.3535823985546569,-0.37082002395713426,-0.17675329867138176,-0.3270863853855624,-0.31167397982790146,-0.2289991591475264,-0.5886367280380372,-0.32407469736387845,0.10426621703905184,39
45,3.191702198982239,0.25217010732630685,0.11512172222137451,0.02242313331613876,42,141,exponential,12.208622911455727,"{'random_state': 42, 'n_estimators': 141, 'loss': 'exponential', 'learning_rate': 12.208622911455727}",-0.29842581927142875,-0.35167648387616773,-0.3118745814281713,-0.3357638024178067,-0.4046091590426758,-0.26857392316231105,-0.31315815823627874,-0.3308606159429963,-0.35789528484788563,-0.29937728473696995,-0.3272215112962692,0.03618193816423875,40
26,1.4131360054016113,0.19056921003229055,0.055004429817199704,0.013637588034088554,42,74,exponential,14.407207553776889,"{'random_state': 42, 'n_estimators': 74, 'loss': 'exponential', 'learning_rate': 14.407207553776889}",-0.3368628604643697,-0.3327674303990358,-0.35806808801559814,-0.35980134707270206,-0.36385301175555473,-0.3328554365548523,-0.332762912963405,-0.2992760537399806,-0.3038427639268844,-0.2658735458516738,-0.3285963450744056,0.029348203540862573,41
90,3.6782110691070558,0.5646964280506069,0.11467945575714111,0.019238395842829603,42,162,exponential,12.283659929964982,"{'random_state': 42, 'n_estimators': 162, 'loss': 'exponential', 'learning_rate': 12.283659929964982}",-0.31538095978377617,-0.3222961243277279,-0.35846721088858713,-0.38166718953960527,-0.38350353590157515,-0.31422981018094187,-0.2958321680291469,-0.3062903059474202,-0.3003917696923979,-0.356139942708534,-0.33341990169997127,0.03168098927250951,42
87,2.0215007781982424,0.214208462652426,0.07991220951080322,0.0197782377989536,42,71,exponential,13.454237418709354,"{'random_state': 42, 'n_estimators': 71, 'loss': 'exponential', 'learning_rate': 13.454237418709354}",-0.2897883649177479,-0.3505526635089608,-0.313825950624531,-0.393283486293198,-0.359060587156147,-0.3285731959613168,-0.3091094361226712,-0.32593099735341785,-0.3063390316751304,-0.4112208506501956,-0.3387684564263317,0.03740738261707817,43
9,2.7117366790771484,0.2678264189397918,0.10282793045043945,0.022677100096302173,42,122,exponential,13.77689659829915,"{'random_state': 42, 'n_estimators': 122, 'loss': 'exponential', 'learning_rate': 13.77689659829915}",-0.29653489432268165,-0.3594857637521533,-0.3078060887967153,-0.385543699120168,-0.4503696511616564,-0.30310319484846965,-0.32615960556565093,-0.3135869622390906,-0.37716541907669915,-0.3040946406295451,-0.342384991951283,0.04735526095276342,44
83,3.9334696531295776,0.4687920097816688,0.12591276168823243,0.03113614923511994,42,168,linear,4.885009904952476,"{'random_state': 42, 'n_estimators': 168, 'loss': 'linear', 'learning_rate': 4.885009904952476}",-0.2537970934062848,-0.3455780266508017,-0.32312061338821896,-0.5512952227917975,-0.37139076393883497,-0.4406383176866879,-0.21756943797239314,-0.3620738073891268,-0.33868304719460335,-0.23717864059387195,-0.3441324971012621,0.09454405210480557,45
58,3.102539563179016,0.3632369351246583,0.1291571855545044,0.015178944163783289,42,189,linear,6.4307724862431215,"{'random_state': 42, 'n_estimators': 189, 'loss': 'linear', 'learning_rate': 6.4307724862431215}",-0.3460674101044546,-0.4099055639513373,-0.46839735834984936,-0.473391537054446,-0.5031440975203267,-0.4193140836184487,-0.3839651001744647,-0.44525348962024935,-0.4522131035512878,-0.4706746544593786,-0.4372326398404244,0.04499612880632907,46
62,3.986413359642029,0.8303985228954565,0.1621577501296997,0.044073678625200625,42,197,linear,5.60536528264132,"{'random_state': 42, 'n_estimators': 197, 'loss': 'linear', 'learning_rate': 5.60536528264132}",-0.400982640408147,-0.4767151113025054,-0.6650859416528844,-0.4594989511079968,-0.5239888683425836,-0.33128828828079393,-0.49888481023588976,-0.3555060302801033,-0.4101594423166545,-0.31248334590783694,-0.4434593429835395,0.10021204890252469,47
23,3.1364501953125,0.4185182986783236,0.12095274925231933,0.02880606709467613,42,184,linear,5.7929578289144565,"{'random_state': 42, 'n_estimators': 184, 'loss': 'linear', 'learning_rate': 5.7929578289144565}",-1.0255034599307489,-0.4241217827136655,-0.441518006099317,-0.4165176220600151,-0.9035507994289033,-0.38785028881499767,-0.2960374664624429,-0.4091972461173826,-0.5446139968642574,-0.309727982038767,-0.5158638650530497,0.23521367505402338,48
4,2.64040002822876,0.39881958503522685,0.11561441421508789,0.023695404620930983,42,135,linear,6.986046423211605,"{'random_state': 42, 'n_estimators': 135, 'loss': 'linear', 'learning_rate': 6.986046423211605}",-0.47904682968637763,-0.3313084941660031,-0.5997839319802117,-1.080704317066565,-0.4105544603582798,-0.4951614822601911,-0.6543003358948785,-0.6477844949028144,-0.5832196208847378,-0.4870138852036778,-0.5768877852403737,0.19435014590181915,49
37,2.9633320569992065,0.45830416187177425,0.12085545063018799,0.02386965690837477,42,157,linear,7.616357378689345,"{'random_state': 42, 'n_estimators': 157, 'loss': 'linear', 'learning_rate': 7.616357378689345}",-0.7772057313801601,-0.49438219645980663,-0.2860037629232969,-0.5682303647869121,-0.434095956550718,-1.0135626471404673,-0.39966169655423717,-0.695010884992895,-0.40933689938945167,-0.6945278902823966,-0.5772018030460341,0.20735742553571515,50
54,2.01495418548584,0.1556867182918586,0.08090262413024903,0.005517035360801767,42,126,linear,8.111601700850425,"{'random_state': 42, 'n_estimators': 126, 'loss': 'linear', 'learning_rate': 8.111601700850425}",-0.45784925068007143,-0.7025203642851608,-0.2830295754400312,-0.7139420737586525,-0.5736128529245282,-1.4839397984321285,-0.38400163358654565,-0.6000557110442181,-0.5199414272402456,-0.5020424273068208,-0.6220935114698403,0.3136869907492392,51
10,2.91265926361084,0.354025371239305,0.10500333309173585,0.02034661528833118,42,151,linear,6.49830580290145,"{'random_state': 42, 'n_estimators': 151, 'loss': 'linear', 'learning_rate': 6.49830580290145}",-0.5474069816456596,-1.0063431290275857,-0.9873371725529085,-0.48919967047593454,-0.44638176247372724,-0.36657322170412215,-0.6473422811351062,-0.6538170403615234,-0.7850868102467149,-0.37331017682013456,-0.6302798246443416,0.2213342442889925,52
28,1.7073296308517456,0.20583166376948941,0.0735586404800415,0.011935615563958616,42,90,linear,9.034557028514257,"{'random_state': 42, 'n_estimators': 90, 'loss': 'linear', 'learning_rate': 9.034557028514257}",-0.493689374193472,-0.6381714250812426,-0.78067215398569,-0.6507566199397858,-0.4927942715642799,-0.7535592217733404,-0.4561483207040981,-0.5645985129868796,-0.9922248333342519,-0.5619466506131701,-0.638456138417621,0.15668355808105497,53
57,1.8870306730270385,0.29837287282254427,0.08671560287475585,0.0052758305351679035,42,123,linear,11.353200900450226,"{'random_state': 42, 'n_estimators': 123, 'loss': 'linear', 'learning_rate': 11.353200900450226}",-0.27431036971163675,-0.4273365848627643,-0.6674631572177394,-0.5592981227029258,-0.7759269061466532,-1.4813016871822993,-0.6827488552064898,-0.5941922642267794,-0.6545302332259654,-0.41450982508451767,-0.6531618005567771,0.31076305033135476,54
17,1.341198945045471,0.2789137826027675,0.06532914638519287,0.02036028266044327,42,66,linear,7.278690795397699,"{'random_state': 42, 'n_estimators': 66, 'loss': 'linear', 'learning_rate': 7.278690795397699}",-0.4218674606319706,-1.3662741603675541,-0.3521706788160832,-0.5827198865804069,-0.6238109024905174,-1.2883429961650243,-0.5047833636849273,-0.34016219807900994,-0.7674161027844381,-0.4372540331646033,-0.6684801782764535,0.3520240402013889,55
89,1.5534148454666137,0.2635748755343779,0.054764294624328615,0.0054151266814188494,42,72,linear,9.95751235617809,"{'random_state': 42, 'n_estimators': 72, 'loss': 'linear', 'learning_rate': 9.95751235617809}",-0.7574568092503974,-0.6838331691793129,-0.73525246289303,-0.9404941788883878,-0.494085095121515,-0.7141527547776304,-0.4113720189741869,-0.5866399377335173,-0.8091718089924804,-0.7376803033618908,-0.6870138539172348,0.14596321128063758,56
51,3.484895420074463,0.45503655023519807,0.13699734210968018,0.028075548918819502,42,199,linear,12.621326513256628,"{'random_state': 42, 'n_estimators': 199, 'loss': 'linear', 'learning_rate': 12.621326513256628}",-0.5395948449437731,-0.46369341188404983,-0.9977864706098769,-0.5402349283839771,-0.5125009239888771,-0.6833812205559779,-0.439737535365671,-0.7317204309183176,-1.572020729953599,-0.6122652097968739,-0.7092935706400993,0.32668041622373933,57
65,1.840702223777771,0.21933334303403634,0.06922640800476074,0.00911550874428551,42,91,linear,9.935001250625312,"{'random_state': 42, 'n_estimators': 91, 'loss': 'linear', 'learning_rate': 9.935001250625312}",-0.3627953187150828,-0.44837224141469156,-0.24936320302654416,-0.806503252077685,-0.6116196210582993,-0.6106098927209003,-0.6916030858433566,-1.2485977133094093,-1.4874169999185427,-0.7374360555195308,-0.7254317383604043,0.36376240737477544,58
20,1.9775607109069824,0.27418926850309855,0.08291444778442383,0.028097953148598063,42,103,linear,9.612342071035517,"{'random_state': 42, 'n_estimators': 103, 'loss': 'linear', 'learning_rate': 9.612342071035517}",-0.9317167783111134,-0.28487602727579026,-0.4493330679381051,-1.6120236742209673,-0.550006881513894,-0.5516315899176352,-0.6142618370330487,-1.2099894171965595,-0.6805190013445592,-0.4859881006638406,-0.7370346375415514,0.38276075932399084,59
79,2.188361573219299,0.34520296794152416,0.11144516468048096,0.02867612041435182,42,118,linear,9.874971635817909,"{'random_state': 42, 'n_estimators': 118, 'loss': 'linear', 'learning_rate': 9.874971635817909}",-0.6993726387689069,-0.40824739624213974,-0.8442621657771298,-0.9166914648299987,-0.7234740217720241,-1.5561571948497706,-0.7257263816410393,-0.5929787132434298,-0.48076111221845014,-0.45080057424470665,-0.7398471663587596,0.31509465091512906,60
61,1.9617840766906738,0.27477988649830404,0.08386964797973633,0.005645473742396161,42,117,linear,9.98752716358179,"{'random_state': 42, 'n_estimators': 117, 'loss': 'linear', 'learning_rate': 9.98752716358179}",-0.7395445281045736,-0.38433782690278984,-0.5806217604631162,-1.0165220904338101,-0.9473586529365622,-0.7570058121998792,-1.1262557756832077,-0.5642398096243613,-0.8336322842956191,-0.5168732627191951,-0.7466391803363115,0.225797567375074,61
5,1.6833401441574096,0.26855418628388494,0.07869932651519776,0.024963470345666906,42,87,linear,12.471252476238119,"{'random_state': 42, 'n_estimators': 87, 'loss': 'linear', 'learning_rate': 12.471252476238119}",-1.274691334714845,-0.49743734494825825,-0.5664278086514049,-0.8333746304904374,-1.344803635313665,-0.8218341957953418,-0.796054561787167,-0.45748816689412813,-0.49419172432784764,-0.46994766786680725,-0.7556251070789901,0.31143626084207854,62
94,1.0776806354522706,0.1888776162279394,0.0523148775100708,0.0029925356735373398,42,67,linear,11.038045422711356,"{'random_state': 42, 'n_estimators': 67, 'loss': 'linear', 'learning_rate': 11.038045422711356}",-0.662802960372096,-0.6601018027195241,-0.8815691732887114,-0.7567893394477563,-1.0550381119504106,-0.9679816937598165,-0.5007430658347005,-0.41896589841567533,-1.267202058808338,-0.6679782655327461,-0.7839172370129774,0.24658470373823105,63
70,1.0412911653518677,0.12546168811456812,0.040634560585021975,0.003651366143582768,42,60,linear,13.521770735367683,"{'random_state': 42, 'n_estimators': 60, 'loss': 'linear', 'learning_rate': 13.521770735367683}",-0.8452529759836511,-0.5513482190033219,-0.7214675149836682,-1.5853356548455355,-0.8693139633359332,-0.6276239113511426,-0.9789151949326399,-0.7158773572925422,-0.4350445219900715,-0.814482078243267,-0.8144661391961773,0.2986150915702447,64
38,3.10655357837677,0.38491693684159806,0.11553075313568115,0.018519199795636022,42,172,linear,12.996511605802901,"{'random_state': 42, 'n_estimators': 172, 'loss': 'linear', 'learning_rate': 12.996511605802901}",-0.751259675185396,-0.807645217667181,-1.328809537710234,-0.4568361683161438,-1.0550381119504106,-0.5795086495409503,-1.3029269060974158,-0.4867749166111024,-0.42352542219011424,-1.269932198361827,-0.8462256803630777,0.347238038616836,65
64,1.0572396755218505,0.18622837799343825,0.04351046085357666,0.01591733763440592,42,50,linear,13.401711505752877,"{'random_state': 42, 'n_estimators': 50, 'loss': 'linear', 'learning_rate': 13.401711505752877}",-0.4770967149647346,-0.6262759028647842,-0.9918184332233818,-1.190399175119055,-0.5860293489200803,-0.8711501653557288,-1.5773699013951845,-0.7703071183725545,-0.5122328345810672,-0.8820793437586415,-0.8484758938555214,0.32337774727898566,66
12,2.4652278661727904,0.3312885625156271,0.11096715927124023,0.02545257451746615,42,155,linear,13.754385492746373,"{'random_state': 42, 'n_estimators': 155, 'loss': 'linear', 'learning_rate': 13.754385492746373}",-1.0315500099323365,-1.1303758405819295,-0.7925748263674621,-0.9917781111608474,-0.6447235902410333,-1.161556783221546,-1.1158241778909752,-0.2817928094394708,-1.0496860529557688,-1.148423860564395,-0.9348286062355765,0.2691969605941006,67
81,1.7500941038131714,0.2637442373218933,0.07507102489471436,0.01481450105562678,42,92,square,3.947047173586794,"{'random_state': 42, 'n_estimators': 92, 'loss': 'square', 'learning_rate': 3.947047173586794}",-0.8434637908239189,-0.957839495769276,-1.113427568992735,-1.1503395184945249,-0.6017129497410815,-1.2059503898400694,-1.034160128651626,-1.2279738090622994,-1.0829750054274887,-0.8825492020791468,-1.0100391858882167,0.18319598127170406,68
56,0.878054428100586,0.09781192961080659,0.04528176784515381,0.006152596087092585,42,53,square,5.402765332666333,"{'random_state': 42, 'n_estimators': 53, 'loss': 'square', 'learning_rate': 5.402765332666333}",-1.2451908286146212,-1.5026762496993988,-0.7895671025389595,-1.1835443989633148,-1.0587748641384551,-0.3964541683281242,-1.144884206693873,-1.1669303481171807,-1.1558509141516167,-0.6526982934060127,-1.0296571374651557,0.30715863329015763,69
3,2.078119707107544,0.3130758408076527,0.10006232261657715,0.025081076511278607,42,102,square,3.3617584292146074,"{'random_state': 42, 'n_estimators': 102, 'loss': 'square', 'learning_rate': 3.3617584292146074}",-1.0944431395776968,-1.0775017125863153,-0.9959621856853206,-0.8922119912949941,-1.2291624952698632,-1.3254405337893633,-1.1280447415911623,-1.1337828130072716,-1.3209082449359837,-0.605396200915906,-1.080285405865388,0.20335133733974542,70
1,1.7863030433654785,0.3409316119315691,0.0904463768005371,0.014277446613255475,42,102,square,3.2942251125562785,"{'random_state': 42, 'n_estimators': 102, 'loss': 'square', 'learning_rate': 3.2942251125562785}",-0.729940391533179,-1.2381555191221238,-1.22381037054573,-1.2365685331402518,-1.3475906986931658,-1.1913081681749131,-1.052595093827984,-0.9346028561577365,-1.1399901672472794,-0.9145917328141736,-1.1009153531256537,0.18033853433482414,71
60,0.561899995803833,0.5209950845151522,0.0290924072265625,0.017889389588390807,42,97,square,14.774888944472236,"{'random_state': 42, 'n_estimators': 97, 'loss': 'square', 'learning_rate': 14.774888944472236}",-1.5584436609871735,-0.5305392874948163,-1.5533876487955833,-0.5474268584417771,-1.2439830502931697,-1.2321534569693335,-1.3439538844225816,-1.4401346968625544,-1.1157882538288038,-1.0367661988482055,-1.1602576996943998,0.3502416556858888,72
76,1.9047070026397706,0.29976029775558255,0.07475383281707763,0.013611085427559542,42,89,square,4.62988404202101,"{'random_state': 42, 'n_estimators': 89, 'loss': 'square', 'learning_rate': 4.62988404202101}",-0.9029609610729428,-1.502704007623458,-1.4361281830974395,-1.432736564317041,-0.6571357591983625,-0.6109792122487238,-1.1761548441841565,-1.577957836825635,-1.198779172568563,-1.1186823553988785,-1.1614218896535202,0.32658595623252357,73
74,1.8966238260269166,0.21243961457796384,0.09390780925750733,0.027251219945817654,42,105,square,5.072602451225612,"{'random_state': 42, 'n_estimators': 105, 'loss': 'square', 'learning_rate': 5.072602451225612}",-0.6992896964693954,-0.8150020090252867,-1.282364894972584,-1.1808949136771516,-1.144337425907848,-1.2637921472225455,-1.5144241777577023,-1.5611038734846188,-1.1247611444206314,-1.182287000078949,-1.1768257283016712,0.25359687293757593,74
49,2.809488296508789,0.3314651580062022,0.11521410942077637,0.025109095488041185,42,169,square,4.352247073536768,"{'random_state': 42, 'n_estimators': 169, 'loss': 'square', 'learning_rate': 4.352247073536768}",-1.5733044794726676,-1.3750310490549889,-1.160665069538549,-0.8751587353258222,-1.4680657018871983,-1.124666120059483,-0.6220710332059551,-1.327399247327943,-1.0433878294187582,-1.2637321939082933,-1.183348145919966,0.270304343557999,75
71,2.2274653196334837,0.2765269378325488,0.09387366771697998,0.019234075433571845,42,121,square,7.796446223111555,"{'random_state': 42, 'n_estimators': 121, 'loss': 'square', 'learning_rate': 7.796446223111555}",-1.1056991823873266,-0.5927766869678552,-1.5070094808861656,-1.0025774713614357,-1.392134990809011,-0.6623811071394738,-1.4455640342201848,-1.359789250330728,-1.640804424879564,-1.5389925965982476,-1.224772922557999,0.3501021343777947,76
86,1.7379002094268798,1.534388558640676,0.0978053092956543,0.07619707461889651,42,199,square,14.572288994497248,"{'random_state': 42, 'n_estimators': 199, 'loss': 'square', 'learning_rate': 14.572288994497248}",-1.1174244849422632,-0.435237808627019,-1.563681031051694,-0.4555805279188359,-1.2439830502931697,-1.6164599927096366,-1.580401327109433,-1.5894698253036152,-1.1157882538288038,-1.5766413175763645,-1.2294667619360833,0.43475704896406325,77
82,1.2167394876480102,0.1239570564845939,0.06787002086639404,0.018109722270016077,42,63,square,7.533816658329164,"{'random_state': 42, 'n_estimators': 63, 'loss': 'square', 'learning_rate': 7.533816658329164}",-1.1056991823873266,-1.502676249699429,-1.0917252480641635,-1.318003803825845,-0.2648309572448384,-1.2328436037573929,-1.5773699013951845,-1.5609683295195729,-1.4884836483707253,-1.3841661397759697,-1.2526767064040447,0.3693063122437379,78
16,0.6392405271530152,0.7560058132961379,0.03707797527313232,0.039259156148131,42,160,square,14.827414857428714,"{'random_state': 42, 'n_estimators': 160, 'loss': 'square', 'learning_rate': 14.827414857428714}",-1.5818256590998874,-0.530770822678105,-1.5533876487955818,-0.6464585613055913,-1.2439830502931697,-1.2321534569693335,-1.3439538844225816,-1.45576946462153,-1.5197175034007324,-1.5859902391947014,-1.2694010290781215,0.3629189017044732,79
99,0.7545563697814941,0.4853267788193859,0.029401874542236327,0.023030168111064384,42,92,square,13.814415107553776,"{'random_state': 42, 'n_estimators': 92, 'loss': 'square', 'learning_rate': 13.814415107553776}",-1.5728492192300356,-0.6915235215374521,-1.5129226114803453,-0.6464585613055913,-1.619682876303867,-1.108044220189858,-1.5914683701825627,-1.0382637046568464,-1.536828062719146,-1.3876885848508982,-1.2705729732456603,0.35563519987997716,80
31,1.378315234184265,0.2367482691157129,0.06416783332824708,0.009989898991148539,42,83,square,8.396742371185592,"{'random_state': 42, 'n_estimators': 83, 'loss': 'square', 'learning_rate': 8.396742371185592}",-0.9413083080206124,-1.190335257848339,-1.5070094808861656,-1.544204023187613,-1.4654998104100478,-1.2055330797333588,-1.5181260347069951,-0.24933010615385778,-1.5130286314529156,-1.590322107166593,-1.2724696839566498,0.39408932179392714,81
77,1.7559187412261963,0.9950013944204192,0.07802133560180664,0.0415419592832216,42,137,square,13.54428184092046,"{'random_state': 42, 'n_estimators': 137, 'loss': 'square', 'learning_rate': 13.54428184092046}",-1.4691779723016567,-0.705876932041783,-1.4924858472261011,-0.5696359807605584,-1.505867056848283,-1.6164599927096366,-1.580401327109433,-1.5894698253036075,-1.640804424879564,-0.6531104640694806,-1.2823289823250104,0.4229092979964511,82
36,1.04811270236969,0.7988659568372066,0.058428478240966794,0.0389524265347301,42,108,square,14.444726063031515,"{'random_state': 42, 'n_estimators': 108, 'loss': 'square', 'learning_rate': 14.444726063031515}",-1.0649340792147592,-0.6079792889554685,-1.6124087841907817,-1.4921331634394843,-1.5004151171535687,-1.2321534569693335,-1.580401327109433,-1.5609062689446347,-1.2137597988584843,-0.9713896044846334,-1.2836480889320583,0.31190987880222804,83
63,1.135133934020996,1.1049929758997552,0.06340522766113281,0.058542299268940376,42,157,square,14.707355627813907,"{'random_state': 42, 'n_estimators': 157, 'loss': 'square', 'learning_rate': 14.707355627813907}",-1.5684735563616596,-1.3789607116016467,-1.5533876487955833,-0.4487930419624376,-1.5004151171535687,-1.5475528953174396,-1.3439538844225816,-1.589469825303605,-1.0349323787234244,-1.0367661988482055,-1.300270525849015,0.3455136691033199,84
47,2.27901828289032,0.31869634988325946,0.10823271274566651,0.03102756744780553,42,138,square,8.839460780390194,"{'random_state': 42, 'n_estimators': 138, 'loss': 'square', 'learning_rate': 8.839460780390194}",-1.504260448830232,-0.9252987734358518,-1.5094196612570214,-1.127777150458498,-1.470685307505308,-1.3142373911238883,-1.3441102199102355,-1.5779578368256157,-1.474443468838659,-0.8202894055037272,-1.3068479663689037,0.24985334188004005,85
96,1.3384612560272218,0.14542052010837153,0.0659872055053711,0.003329323149814973,42,89,square,7.7289129064532265,"{'random_state': 42, 'n_estimators': 89, 'loss': 'square', 'learning_rate': 7.7289129064532265}",-1.491994622019253,-0.6094981645762715,-1.5610537394514297,-1.6117320518988414,-1.3211520443869413,-1.0639455110697291,-1.5773699013951845,-1.2861394463577123,-1.5130286314529156,-1.0971798032595153,-1.3133093915867793,0.2995032196027386,86
14,1.0378189563751221,0.5525739412002503,0.04987330436706543,0.018039500242640182,42,65,square,13.334178189094548,"{'random_state': 42, 'n_estimators': 65, 'loss': 'square', 'learning_rate': 13.334178189094548}",-1.5800273800174276,-0.6856554263895585,-1.5442620978429098,-0.5845341645052494,-1.619682876303867,-0.8878635091173236,-1.580401327109433,-1.5609062689446347,-1.5197175034007324,-1.5766413175763645,-1.31396918712075,0.3961054600517487,87
27,1.657683300971985,0.6504713276930811,0.07317674160003662,0.023363582646928015,42,117,square,12.373704352176087,"{'random_state': 42, 'n_estimators': 117, 'loss': 'square', 'learning_rate': 12.373704352176087}",-1.558923663039533,-1.1035748502823568,-1.5442620978429098,-1.127777150458498,-1.2439830502931697,-1.5162196783845696,-1.1949176533041201,-0.643499023182476,-1.640804424879564,-1.5766413175763645,-1.315060290924356,0.2961897392171946,88
19,0.6332437753677368,0.3542341898428024,0.03971104621887207,0.023203718128530837,42,56,square,13.769392896448224,"{'random_state': 42, 'n_estimators': 56, 'loss': 'square', 'learning_rate': 13.769392896448224}",-1.5728492192300356,-0.7066833956908035,-1.5129226114803453,-0.7514449410720424,-1.619682876303867,-1.5162196783845696,-1.5914683701825627,-1.0382637046568464,-1.536828062719146,-1.3876885848508982,-1.3234051444571115,0.33666401377513655,89
88,1.73075590133667,0.8633210532150996,0.09161233901977539,0.035436874985895636,42,116,square,13.124074537268633,"{'random_state': 42, 'n_estimators': 116, 'loss': 'square', 'learning_rate': 13.124074537268633}",-1.5800273800174276,-1.5421302006775417,-0.9316028268898212,-0.6682465621122853,-1.001071055371034,-1.6164599927096366,-1.580401327109433,-1.58946982530361,-1.6039484906896364,-1.5083498343252506,-1.3621707495205677,0.3348039267247726,90
21,0.7616239309310913,0.40684940155849963,0.04287500381469726,0.019850382328123015,42,86,square,12.996511605802901,"{'random_state': 42, 'n_estimators': 86, 'loss': 'square', 'learning_rate': 12.996511605802901}",-1.5042604488302271,-1.103574850282385,-1.512922611480138,-0.47923110039090305,-1.5518960550462464,-1.2546088260074533,-1.5804013271094883,-1.5609062689446347,-1.640804424879564,-1.5102217009255932,-1.3698827613896634,0.33511439513242525,91
13,2.863863301277161,0.3245486084426504,0.13666491508483886,0.02439241673906256,42,165,square,8.66687563781891,"{'random_state': 42, 'n_estimators': 165, 'loss': 'square', 'learning_rate': 8.66687563781891}",-1.504260448830232,-1.0532492600305587,-1.5610537394514545,-1.5442040231875978,-1.4481561536577479,-1.3254405337893813,-1.290196779109799,-1.457866473714557,-1.0947101183404508,-1.5776451285398914,-1.3856782658651672,0.1799531639734437,92
98,1.4259568691253661,0.24440490175050786,0.06529777050018311,0.012681286930085925,42,92,square,10.437749274637317,"{'random_state': 42, 'n_estimators': 92, 'loss': 'square', 'learning_rate': 10.437749274637317}",-1.5842165801747357,-0.9955491950592028,-1.5094196612570074,-1.6120236742209673,-1.2746346361738037,-1.0693838093747103,-1.5773699013951845,-1.5391849594602578,-1.5720207299536897,-1.3884522443784428,-1.4122255391448,0.21413286101388532,93
18,1.3551125288009644,1.1889366767944367,0.09207148551940918,0.09895334898207025,42,192,square,14.2046076038019,"{'random_state': 42, 'n_estimators': 192, 'loss': 'square', 'learning_rate': 14.2046076038019}",-1.5818256590998878,-1.1031525304995362,-1.5442620978428263,-1.5538567691623737,-1.2528258410064377,-0.8977335138123942,-1.580401327109433,-1.589469825303604,-1.6412068593178553,-1.3895805691902043,-1.4134314992344552,0.23759693186080835,94
66,3.244387912750244,0.5408041607765729,0.15677318572998047,0.030308241913120624,42,189,square,10.902978789394696,"{'random_state': 42, 'n_estimators': 189, 'loss': 'square', 'learning_rate': 10.902978789394696}",-1.5685123811333315,-1.423333438550688,-1.5615497254561774,-1.127777150458498,-1.5078178008586074,-1.5162196783845665,-1.5773699013951845,-0.8712733740508188,-1.6471152016178527,-1.5790818551027899,-1.4380050507008515,0.2332338910196313,95
95,2.2624518394470217,0.2657476108336649,0.1045013427734375,0.005230739936945085,42,152,square,8.254172036018009,"{'random_state': 42, 'n_estimators': 152, 'loss': 'square', 'learning_rate': 8.254172036018009}",-1.5525177086185198,-1.3872984283970202,-0.9260492655556177,-1.611732051898842,-1.368388105424019,-1.516219678384573,-1.509491463182105,-1.5881916778014051,-1.3589199588899088,-1.5866274937568106,-1.4405435831908822,0.1936164056310959,96
41,2.554333734512329,0.39769054058494324,0.11133024692535401,0.012420604599595268,42,163,square,9.049564432216108,"{'random_state': 42, 'n_estimators': 163, 'loss': 'square', 'learning_rate': 9.049564432216108}",-1.504260448830232,-1.2498076150956843,-1.5094196612570185,-1.6117320518988418,-1.3939498392204974,-1.0238365487428491,-1.5683233230503721,-1.5609062689446347,-1.5130286314529156,-1.5774281974779603,-1.4512692585971005,0.17434480225616342,97
97,1.9892765045166017,0.3120196705085846,0.09226038455963134,0.008365270005491065,42,128,square,11.878460030015008,"{'random_state': 42, 'n_estimators': 128, 'loss': 'square', 'learning_rate': 11.878460030015008}",-1.5685123811333326,-1.503221206697621,-1.5636810310516747,-1.5666842169569903,-1.055273793047458,-1.2546088260074566,-1.4455543429921958,-1.5613079246100106,-1.5130286314529156,-1.5879619156912057,-1.4619834269640861,0.1647367734461872,98
34,2.322016406059265,0.3973399306302214,0.11224524974822998,0.03891123291026156,42,155,square,10.347704852426213,"{'random_state': 42, 'n_estimators': 155, 'loss': 'square', 'learning_rate': 10.347704852426213}",-1.504260448830232,-1.3260379993633964,-1.5615497254561819,-1.2268796593424252,-1.5078178008586074,-1.506667824264663,-1.5904015287073534,-1.5779578368256157,-1.3101505786006382,-1.5879619156912057,-1.4699685317940319,0.12561077480530455,99
8,1.80869517326355,0.2564210976325176,0.09128026962280274,0.02311798509847298,42,118,square,9.965016058029015,"{'random_state': 42, 'n_estimators': 118, 'loss': 'square', 'learning_rate': 9.965016058029015}",-1.5842165801747357,-1.0927878686136119,-1.5094196612570074,-1.6117320518988418,-1.3921349908091434,-1.5122937348381078,-1.4625779261596437,-1.5610347843245092,-1.5130286314529156,-1.5083498343252504,-1.4747576063853765,0.1400950630868911,100
